FID,Facility_n,Facility_t,Ownership,Admin1,adm1_name,adm2_name,adm2_pcode,Lat,Long,LL_source,location_flag,has_flood_data,analysable,flood_years,flood_days,max_frac_flooded,days_half_flooded,own_pixel_flood_years,flood_years_0.5km,exposure
54787,Abegi Primary Health Care Unit,Primary Health Care Unit,MoH,Central Equatoria,Central Equatoria,Yei,SS0106,4.0131,30.5646,GPS,,True,True,1.0,1.0,0.017,0.0,0.0,0.0,occasional
54788,Aboroto Primary Health Care Unit,Primary Health Care Unit,MoH,Central Equatoria,Central Equatoria,Morobo,SS0104,3.6604,30.7097,Geonames,,True,True,0.0,0.0,0.0,0.0,0.0,0.0,never
54789,Adra Primary Health Care Unit,Primary Health Care Unit,MoH,Central Equatoria,Central Equatoria,Terekeka,SS0105,5.434,31.7504,GPS,,True,True,1.0,3.0,0.102,0.0,0.0,0.0,occasional
54790,Agonyakiri Primary Health Care Unit,Primary Health Care Unit,MoH,Central Equatoria,Central Equatoria,Yei,SS0106,3.9285,30.5144,GPS,,True,True,0.0,0.0,0.0,0.0,0.0,0.0,never
54791,Aic Buluk Primary Health Care Unit,Primary Health Care Unit,MoH,Central Equatoria,Central Equatoria,Juba,SS0101,4.848,31.5931,GPS,,True,True,0.0,0.0,0.0,0.0,0.0,0.0,never
54792,Ajio Primary Health Care Unit,Primary Health Care Unit,MoH,Central Equatoria,Central Equatoria,Kajo-keji,SS0102,3.8422,31.1954,Geonames,,True,True,0.0,0.0,0.0,0.0,0.0,0.0,never
54793,Ajira Primary Health Care Unit,Primary Health Care Unit,MoH,Central Equatoria,Central Equatoria,Kajo-keji,SS0102,3.8521,31.6561,GPS,,True,True,0.0,0.0,0.0,0.0,0.0,0.0,never
54794,Aken Well Primary Health Care Unit,Primary Health Care Unit,MoH,Central Equatoria,Central Equatoria,Terekeka,SS0105,5.9072,30.8206,GPS,,True,True,0.0,0.0,0.0,0.0,0.0,0.0,never
54795,Aloto Primary Health Care Centre,Primary Health Care Centre,MoH,Central Equatoria,Central Equatoria,Morobo,SS0104,3.7495,30.625,GPS,,True,True,1.0,1.0,0.069,0.0,0.0,0.0,occasional
54796,Angebi Primary Health Care Unit,Primary Health Care Unit,MoH,Central Equatoria,Central Equatoria,Yei,SS0106,4.6088,29.9776,GPS,,True,True,0.0,0.0,0.0,0.0,0.0,0.0,never
54797,Aru Primary Health Care Unit,Primary Health Care Unit,MoH,Central Equatoria,Central Equatoria,Juba,SS0101,4.3635,31.9846,GPS,,True,True,0.0,0.0,0.0,0.0,0.0,0.0,never
54798,Atiit Primary Health Care Unit,Primary Health Care Unit,MoH,Central Equatoria,Central Equatoria,Terekeka,SS0105,5.8957,30.7717,GPS,,True,True,1.0,1.0,0.017,0.0,0.0,0.0,occasional
54799,Bamurey Primary Health Care Centre,Primary Health Care Centre,MoH,Central Equatoria,Central Equatoria,Kajo-keji,SS0102,3.6683,31.5482,Geonames,,True,True,0.0,0.0,0.0,0.0,0.0,0.0,never
54800,Bandame Primary Health Care Unit,Primary Health Care Unit,MoH,Central Equatoria,Central Equatoria,Yei,SS0106,4.323,30.2864,GPS,,True,True,0.0,0.0,0.0,0.0,0.0,0.0,never
54801,Bekat Primary Health Care Unit,Primary Health Care Unit,MoH,Central Equatoria,Central Equatoria,Terekeka,SS0105,5.6405,31.6871,GPS,,True,True,0.0,0.0,0.0,0.0,0.0,0.0,never
54802,Belpham Medical Hq Primary Health Care Centre,Primary Health Care Centre,MoH,Central Equatoria,Central Equatoria,Juba,SS0101,4.9119,31.5988,Geonames,,True,True,0.0,0.0,0.0,0.0,0.0,0.0,never
54803,Bereka Primary Health Care Unit,Primary Health Care Unit,MoH,Central Equatoria,Central Equatoria,Lainya,SS0103,4.3985,31.0418,GPS,,True,True,0.0,0.0,0.0,0.0,0.0,0.0,never
54804,Bilinang Primary Health Care Unit,Primary Health Care Unit,MoH,Central Equatoria,Central Equatoria,Juba,SS0101,4.8543,31.791,GPS,,True,True,3.0,4.0,0.034,0.0,0.0,0.0,occasional
54805,Bilingi Primary Health Care Unit,Primary Health Care Unit,MoH,Central Equatoria,Central Equatoria,Juba,SS0101,4.9033,31.3799,GPS,,True,True,1.0,2.0,0.016,0.0,0.0,1.0,occasional
54806,Bori Aringa Primary Health Care Unit,Primary Health Care Unit,MoH,Central Equatoria,Central Equatoria,Terekeka,SS0105,5.661,31.6827,GPS,,True,True,0.0,0.0,0.0,0.0,0.0,0.0,never
54807,Bori Primary Health Care Centre,Primary Health Care Centre,MoH,Central Equatoria,Central Equatoria,Kajo-keji,SS0102,3.7738,31.5102,GPS,,True,True,0.0,0.0,0.0,0.0,0.0,0.0,never
54808,Boroboro Primary Health Care Unit,Primary Health Care Unit,MoH,Central Equatoria,Central Equatoria,Kajo-keji,SS0102,3.8554,31.3823,Geonames,,True,True,0.0,0.0,0.0,0.0,0.0,0.0,never
54809,Buko Primary Health Care Unit,Primary Health Care Unit,MoH,Central Equatoria,Central Equatoria,Juba,SS0101,5.1807,31.2734,Geonames,,True,True,0.0,0.0,0.0,0.0,0.0,0.0,never
54810,Bungu Primary Health Care Unit,Primary Health Care Unit,MoH,Central Equatoria,Central Equatoria,Juba,SS0101,4.6644,31.3961,Geonames,,True,True,0.0,0.0,0.0,0.0,0.0,0.0,never
54811,Bura Primary Health Care Unit,Primary Health Care Unit,MoH,Central Equatoria,Central Equatoria,Terekeka,SS0105,5.4459,31.3774,GPS,,True,True,1.0,1.0,0.018,0.0,0.0,0.0,occasional
54812,Dari _Bari Primary Health Care Unit,Primary Health Care Unit,MoH,Central Equatoria,Central Equatoria,Juba,SS0101,5.1664,31.5866,GPS,,True,True,1.0,1.0,0.017,0.0,0.0,0.0,occasional
54813,Dari Tali Primary Health Care Unit,Primary Health Care Unit,MoH,Central Equatoria,Central Equatoria,Terekeka,SS0105,6.0059,30.7556,GPS,,True,True,0.0,0.0,0.0,0.0,0.0,0.0,never
54814,Darsuk Primary Health Care Unit,Primary Health Care Unit,MoH,Central Equatoria,Central Equatoria,Juba,SS0101,5.0617,31.3133,GPS,,True,True,0.0,0.0,0.0,0.0,0.0,0.0,never
54815,Digala Primary Health Care Unit,Primary Health Care Unit,MoH,Central Equatoria,Central Equatoria,Terekeka,SS0105,5.4351,31.7494,Geonames,,True,True,1.0,3.0,0.052,0.0,0.0,0.0,occasional
54816,Dimo 1 Primary Health Care Unit,Primary Health Care Unit,MoH,Central Equatoria,Central Equatoria,Lainya,SS0103,4.2339,30.674,GPS,,True,True,0.0,0.0,0.0,0.0,0.0,0.0,never
54817,Dokuni Primary Health Care Unit,Primary Health Care Unit,MoH,Central Equatoria,Central Equatoria,Lainya,SS0103,4.1246,30.9578,Geonames,,True,True,0.0,0.0,0.0,0.0,0.0,0.0,never
54818,Dongoro Primary Health Care Unit,Primary Health Care Unit,MoH,Central Equatoria,Central Equatoria,Lainya,SS0103,4.0457,31.1784,GPS,,True,True,0.0,0.0,0.0,0.0,0.0,0.0,never
54819,Dukudu-Olo Primary Health Care Centre,Primary Health Care Centre,MoH,Central Equatoria,Central Equatoria,Yei,SS0106,4.5907,29.8636,GPS,,True,True,0.0,0.0,0.0,0.0,0.0,0.0,never
54820,Espiscapal Church Primary Health Care Unit,Primary Health Care Unit,FBO/NGO,Central Equatoria,Central Equatoria,Yei,SS0106,4.0949,30.6654,GPS,,True,True,0.0,0.0,0.0,0.0,0.0,0.0,never
54821,Fifty Eight Mile Primary Health Care Unit,Primary Health Care Unit,MoH,Central Equatoria,Central Equatoria,Lainya,SS0103,4.3684,31.1146,GPS,,True,True,0.0,0.0,0.0,0.0,0.0,0.0,never
54822,Gabat Primary Health Care Unit,Primary Health Care Unit,MoH,Central Equatoria,Central Equatoria,Lainya,SS0103,4.2544,31.0003,Geonames,,True,True,0.0,0.0,0.0,0.0,0.0,0.0,never
54823,Ganji Primary Health Care Centre,Primary Health Care Centre,MoH,Central Equatoria,Central Equatoria,Juba,SS0101,4.4543,31.2098,Geonames,,True,True,0.0,0.0,0.0,0.0,0.0,0.0,never
54824,Gbotoro Primary Health Care Unit,Primary Health Care Unit,MoH,Central Equatoria,Central Equatoria,Lainya,SS0103,4.1077,31.0924,GPS,,True,True,0.0,0.0,0.0,0.0,0.0,0.0,never
54825,Gemaiza Primary Health Care Unit,Primary Health Care Unit,MoH,Central Equatoria,Central Equatoria,Terekeka,SS0105,5.6794,31.7972,GPS,,True,True,0.0,0.0,0.0,0.0,0.0,0.0,never
54826,Genesis Medical Care Primary Health Care Centre,Primary Health Care Centre,MoH,Central Equatoria,Central Equatoria,Kajo-keji,SS0102,3.8489,31.6582,Geonames,,True,True,0.0,0.0,0.0,0.0,0.0,0.0,never
54827,Geri Primary Health Care Unit,Primary Health Care Unit,MoH,Central Equatoria,Central Equatoria,Morobo,SS0104,3.8312,30.946,Geonames,,True,True,2.0,2.0,0.018,0.0,0.0,0.0,occasional
54828,Ghabat Primary Health Care Unit,Primary Health Care Unit,MoH,Central Equatoria,Central Equatoria,Juba,SS0101,4.8663,31.5455,GPS,,True,True,0.0,0.0,0.0,0.0,0.0,0.0,never
54829,Gimora Primary Health Care Unit,Primary Health Care Unit,MoH,Central Equatoria,Central Equatoria,Juba,SS0101,4.8777,31.5679,GPS,,True,True,0.0,0.0,0.0,0.0,0.0,0.0,never
54830,Gimoro Primary Health Care Unit,Primary Health Care Unit,MoH,Central Equatoria,Central Equatoria,Juba,SS0101,5.166,31.1418,GPS,,True,True,2.0,2.0,0.069,0.0,0.0,1.0,occasional
54831,Gimunu Primary Health Care Unit,Primary Health Care Unit,MoH,Central Equatoria,Central Equatoria,Yei,SS0106,4.1235,30.7682,GPS,,True,True,1.0,1.0,0.017,0.0,0.0,0.0,occasional
54832,Ginyabio Primary Health Care Unit,Primary Health Care Unit,MoH,Central Equatoria,Central Equatoria,Lainya,SS0103,3.9799,30.9695,GPS,,True,True,0.0,0.0,0.0,0.0,0.0,0.0,never
54833,Godoru Primary Health Care Centre,Primary Health Care Centre,MoH,Central Equatoria,Central Equatoria,Kajo-keji,SS0102,3.9385,31.5006,Geonames,,True,True,0.0,0.0,0.0,0.0,0.0,0.0,never
54834,Goja Primary Health Care Unit,Primary Health Care Unit,MoH,Central Equatoria,Central Equatoria,Yei,SS0106,4.0064,30.6363,GPS,,True,True,0.0,0.0,0.0,0.0,0.0,0.0,never
54835,Goli Primary Health Care Unit,Primary Health Care Unit,MoH,Central Equatoria,Central Equatoria,Yei,SS0106,4.2016,30.4496,GPS,,True,True,0.0,0.0,0.0,0.0,0.0,0.0,never
54836,Gondokoro Main Land Primary Health Care Unit,Primary Health Care Unit,MoH,Central Equatoria,Central Equatoria,Juba,SS0101,4.908,31.6628,GPS,,True,True,23.0,307.0,0.107,0.0,0.0,5.0,recurrent
54837,Gondokoro Primary Health Care Unit,Primary Health Care Unit,MoH,Central Equatoria,Central Equatoria,Juba,SS0101,4.9128,31.6534,GPS,,True,True,23.0,539.0,0.155,0.0,0.0,23.0,recurrent
54838,Good Sheperd Clinic Primary Health Care Centre,Primary Health Care Centre,MoH,Central Equatoria,Central Equatoria,Juba,SS0101,4.8592,31.6088,GPS,,True,True,0.0,0.0,0.0,0.0,0.0,0.0,never
54839,Gorom Primary Health Care Unit,Primary Health Care Unit,MoH,Central Equatoria,Central Equatoria,Juba,SS0101,4.7271,31.593,GPS,,True,True,18.0,41.0,0.069,0.0,0.0,9.0,recurrent
54840,Gudele (107) Primary Health Care Unit,Primary Health Care Unit,MoH,Central Equatoria,Central Equatoria,Juba,SS0101,4.8662,31.5619,GPS,,True,True,0.0,0.0,0.0,0.0,0.0,0.0,never
54841,Gudele Bk 4 Primary Health Care Unit,Primary Health Care Unit,MoH,Central Equatoria,Central Equatoria,Juba,SS0101,4.8641,31.5541,GPS,,True,True,0.0,0.0,0.0,0.0,0.0,0.0,never
54842,Gudele Primary Health Care Unit,Primary Health Care Unit,MoH,Central Equatoria,Central Equatoria,Juba,SS0101,4.8742,31.5505,GPS,,True,True,0.0,0.0,0.0,0.0,0.0,0.0,never
54843,Gugudu Primary Health Care Unit,Primary Health Care Unit,MoH,Central Equatoria,Central Equatoria,Juba,SS0101,5.1114,31.375,Geonames,,True,True,1.0,2.0,0.067,0.0,0.0,1.0,occasional
54844,Gulukuk Primary Health Care Unit,Primary Health Care Unit,MoH,Central Equatoria,Central Equatoria,Terekeka,SS0105,5.4351,31.537,Geonames,,True,True,0.0,0.0,0.0,0.0,0.0,0.0,never
54845,Gumbiri Primary Health Care Unit,Primary Health Care Unit,MoH,Central Equatoria,Central Equatoria,Lainya,SS0103,4.159,30.8615,Geonames,,True,True,0.0,0.0,0.0,0.0,0.0,0.0,never
54846,Gumbo Primary Health Care Unit,Primary Health Care Unit,MoH,Central Equatoria,Central Equatoria,Juba,SS0101,4.8149,31.6227,GPS,,True,True,0.0,0.0,0.0,0.0,0.0,0.0,never
54847,Gurei Primary Health Care Unit,Primary Health Care Unit,MoH,Central Equatoria,Central Equatoria,Juba,SS0101,4.8729,31.5121,Google Earth,,True,True,0.0,0.0,0.0,0.0,0.0,0.0,never
54848,Gurujo Primary Health Care Unit,Primary Health Care Unit,MoH,Central Equatoria,Central Equatoria,Lainya,SS0103,4.0627,31.1348,GPS,,True,True,0.0,0.0,0.0,0.0,0.0,0.0,never
54849,Gurulotogu Primary Health Care Unit,Primary Health Care Unit,MoH,Central Equatoria,Central Equatoria,Juba,SS0101,5.1984,31.1993,GPS,,True,True,1.0,1.0,0.017,0.0,0.0,0.0,occasional
54850,Gwadiang West Primary Health Care Unit,Primary Health Care Unit,MoH,Central Equatoria,Central Equatoria,Juba,SS0101,4.8119,31.5668,GPS,,True,True,0.0,0.0,0.0,0.0,0.0,0.0,never
54851,Hai Jebel Primary Health Care Unit,Primary Health Care Unit,MoH,Central Equatoria,Central Equatoria,Morobo,SS0104,3.5426,30.8749,Geonames,,True,True,0.0,0.0,0.0,0.0,0.0,0.0,never
54852,Iliangari Primary Health Care Unit,Primary Health Care Unit,MoH,Central Equatoria,Central Equatoria,Juba,SS0101,4.6755,32.0362,Google Earth,,True,True,0.0,0.0,0.0,0.0,0.0,0.0,never
54853,Ilyangiri Primary Health Care Unit,Primary Health Care Unit,MoH,Central Equatoria,Central Equatoria,Juba,SS0101,4.6769,32.0356,GPS,,True,True,0.0,0.0,0.0,0.0,0.0,0.0,never
54854,Jabor Primary Health Care Unit,Primary Health Care Unit,MoH,Central Equatoria,Central Equatoria,Juba,SS0101,5.1522,31.8099,GPS,,True,True,2.0,2.0,0.086,0.0,0.0,1.0,occasional
54855,Jai Primary Health Care Unit,Primary Health Care Unit,MoH,Central Equatoria,Central Equatoria,Terekeka,SS0105,5.5382,31.8286,GPS,,True,True,1.0,1.0,0.017,0.0,0.0,0.0,occasional
54856,Jalite Gikokue Primary Health Care Unit,Primary Health Care Unit,MoH,Central Equatoria,Central Equatoria,Juba,SS0101,4.6894,31.8575,GPS,,True,True,0.0,0.0,0.0,0.0,0.0,0.0,never
54857,Jamara Primary Health Care Centre,Primary Health Care Centre,MoH,Central Equatoria,Central Equatoria,Lainya,SS0103,4.0473,30.9824,GPS,,True,True,0.0,0.0,0.0,0.0,0.0,0.0,never
54858,Jandoru Primary Health Care Unit,Primary Health Care Unit,MoH,Central Equatoria,Central Equatoria,Juba,SS0101,4.6862,31.5804,GPS,,True,True,22.0,73.0,0.05,0.0,0.0,0.0,recurrent
54859,Jebel Lokiyoro Primary Health Care Unit,Primary Health Care Unit,MoH,Central Equatoria,Central Equatoria,Juba,SS0101,4.9716,31.5649,GPS,,True,True,0.0,0.0,0.0,0.0,0.0,0.0,never
54860,Jobem Primary Health Care Unit,Primary Health Care Unit,MoH,Central Equatoria,Central Equatoria,Terekeka,SS0105,5.3835,31.6478,GPS,,True,True,0.0,0.0,0.0,0.0,0.0,0.0,never
54861,Jokaki Primary Health Care Unit,Primary Health Care Unit,MoH,Central Equatoria,Central Equatoria,Juba,SS0101,4.9925,31.8677,GPS,,True,True,1.0,1.0,0.033,0.0,0.0,0.0,occasional
54862,Jokari Primary Health Care Unit,Primary Health Care Unit,MoH,Central Equatoria,Central Equatoria,Terekeka,SS0105,5.3176,31.0463,GPS,,True,True,1.0,2.0,0.017,0.0,0.0,0.0,occasional
54863,Jombu Primary Health Care Unit,Primary Health Care Unit,MoH,Central Equatoria,Central Equatoria,Yei,SS0106,3.8114,30.7805,GPS,,True,True,0.0,0.0,0.0,0.0,0.0,0.0,never
54864,Jondale Primary Health Care Unit,Primary Health Care Unit,MoH,Central Equatoria,Central Equatoria,Kajo-keji,SS0102,3.8036,31.4297,GPS,,True,True,0.0,0.0,0.0,0.0,0.0,0.0,never
54865,Jonkok Payaya Primary Health Care Unit,Primary Health Care Unit,MoH,Central Equatoria,Central Equatoria,Terekeka,SS0105,5.4253,31.1615,GPS,,True,True,2.0,3.0,0.034,0.0,0.0,1.0,occasional
54866,Jonkok Primary Health Care Unit,Primary Health Care Unit,MoH,Central Equatoria,Central Equatoria,Terekeka,SS0105,5.2916,31.0249,GPS,,True,True,1.0,2.0,0.017,0.0,0.0,0.0,occasional
54867,Juba Gureyi Primary Health Care Unit,Primary Health Care Unit,MoH,Central Equatoria,Central Equatoria,Juba,SS0101,4.8667,31.5185,GPS,,True,True,0.0,0.0,0.0,0.0,0.0,0.0,never
54868,Juba State Hospital,State Hospital,MoH,Central Equatoria,Central Equatoria,Juba,SS0101,4.8495,31.5915,Geonames,,True,True,0.0,0.0,0.0,0.0,0.0,0.0,never
54869,Juba Teaching Hospital,Teaching Hospital,MoH,Central Equatoria,Central Equatoria,Juba,SS0101,4.8509,31.6082,GPS,,True,True,0.0,0.0,0.0,0.0,0.0,0.0,never
54871,Kabo Primary Health Care Unit,Primary Health Care Unit,MoH,Central Equatoria,Central Equatoria,Juba,SS0101,4.9827,31.5276,GPS,,True,True,0.0,0.0,0.0,0.0,0.0,0.0,never
54872,Kagelu Primary Health Care Unit,Primary Health Care Unit,MoH,Central Equatoria,Central Equatoria,Yei,SS0106,4.0518,30.6121,GPS,,True,True,0.0,0.0,0.0,0.0,0.0,0.0,never
54873,Kagwada Primary Health Care Unit,Primary Health Care Unit,MoH,Central Equatoria,Central Equatoria,Juba,SS0101,4.4542,31.2098,GPS,,True,True,0.0,0.0,0.0,0.0,0.0,0.0,never
54874,Kajiko Primary Health Care Unit,Primary Health Care Unit,MoH,Central Equatoria,Central Equatoria,Yei,SS0106,3.8512,30.599,GPS,,True,True,1.0,1.0,0.033,0.0,0.0,0.0,occasional
54875,Kajokeji County Hospital,County Hospital,MoH,Central Equatoria,Central Equatoria,Kajo-keji,SS0102,3.8523,31.6568,GPS,,True,True,0.0,0.0,0.0,0.0,0.0,0.0,never
54876,Kala Primary Health Care Unit,Primary Health Care Unit,MoH,Central Equatoria,Central Equatoria,Kajo-keji,SS0102,3.9733,31.294,Geonames,,True,True,0.0,0.0,0.0,0.0,0.0,0.0,never
54877,Kamsuk Primary Health Care Centre,Primary Health Care Centre,MoH,Central Equatoria,Central Equatoria,Kajo-keji,SS0102,4.0109,31.5351,Geonames,,True,True,0.0,0.0,0.0,0.0,0.0,0.0,never
54878,Kangai Primary Health Care Unit,Primary Health Care Unit,MoH,Central Equatoria,Central Equatoria,Morobo,SS0104,3.6874,30.6429,Geonames,,True,True,0.0,0.0,0.0,0.0,0.0,0.0,never
54879,Karpeto Primary Health Care Unit,Primary Health Care Unit,MoH,Central Equatoria,Central Equatoria,Juba,SS0101,4.1229,31.7023,Geonames,,True,True,0.0,0.0,0.0,0.0,0.0,0.0,never
54880,Kasurak Primary Health Care Unit,Primary Health Care Unit,MoH,Central Equatoria,Central Equatoria,Kajo-keji,SS0102,3.8627,31.5388,GPS,,True,True,0.0,0.0,0.0,0.0,0.0,0.0,never
54881,Katigiri Primary Health Care Centre,Primary Health Care Centre,MoH,Central Equatoria,Central Equatoria,Juba,SS0101,4.8935,30.8317,GPS,,True,True,0.0,0.0,0.0,0.0,0.0,0.0,never
54882,Kator Primary Health Care Centre,Primary Health Care Centre,MoH,Central Equatoria,Central Equatoria,Juba,SS0101,4.831,31.5965,Geonames,,True,True,0.0,0.0,0.0,0.0,0.0,0.0,never
54883,Kator Sacret Heart Primary Health Care Unit,Primary Health Care Unit,MoH,Central Equatoria,Central Equatoria,Juba,SS0101,4.8251,31.5923,GPS,,True,True,0.0,0.0,0.0,0.0,0.0,0.0,never
54884,Kawari Primary Health Care Unit,Primary Health Care Unit,MoH,Central Equatoria,Central Equatoria,Terekeka,SS0105,5.3939,31.1092,GPS,,True,True,0.0,0.0,0.0,0.0,0.0,0.0,never
54885,Kaya Primary Health Care Unit,Primary Health Care Unit,MoH,Central Equatoria,Central Equatoria,Morobo,SS0104,3.55,30.88,Geonames,,True,True,0.0,0.0,0.0,0.0,0.0,0.0,never
54886,Kejiko Primary Health Care Unit,Primary Health Care Unit,MoH,Central Equatoria,Central Equatoria,Yei,SS0106,3.8414,30.6044,Geonames,,True,True,1.0,1.0,0.018,0.0,0.0,0.0,occasional
54887,Kelang Primary Health Care Unit,Primary Health Care Unit,MoH,Central Equatoria,Central Equatoria,Juba,SS0101,4.3741,31.9583,GPS,,True,True,0.0,0.0,0.0,0.0,0.0,0.0,never
54888,Kendila Primary Health Care Unit,Primary Health Care Unit,MoH,Central Equatoria,Central Equatoria,Morobo,SS0104,3.7564,30.8918,GPS,,True,True,0.0,0.0,0.0,0.0,0.0,0.0,never
54889,Kenyi Primary Health Care Unit,Primary Health Care Unit,MoH,Central Equatoria,Central Equatoria,Lainya,SS0103,4.2065,30.913,GPS,,True,True,0.0,0.0,0.0,0.0,0.0,0.0,never
54890,Kera Primary Health Care Centre,Primary Health Care Centre,MoH,Central Equatoria,Central Equatoria,Juba,SS0101,4.893,30.8339,Geonames,,True,True,0.0,0.0,0.0,0.0,0.0,0.0,never
54891,Kergulu Primary Health Care Unit,Primary Health Care Unit,MoH,Central Equatoria,Central Equatoria,Yei,SS0106,4.0519,30.6126,Geonames,,True,True,0.0,0.0,0.0,0.0,0.0,0.0,never
54892,Kerit- Nyumba Primary Health Care Unit,Primary Health Care Unit,MoH,Central Equatoria,Central Equatoria,Terekeka,SS0105,5.8548,30.8452,Geonames,,True,True,0.0,0.0,0.0,0.0,0.0,0.0,never
54893,Kerwa _2 Primary Health Care Unit,Primary Health Care Unit,MoH,Central Equatoria,Central Equatoria,Kajo-keji,SS0102,3.8515,31.6559,GPS,,True,True,0.0,0.0,0.0,0.0,0.0,0.0,never
54894,Kerwa 1 Primary Health Care Unit,Primary Health Care Unit,MoH,Central Equatoria,Central Equatoria,Kajo-keji,SS0102,3.7262,31.5823,GPS,,True,True,0.0,0.0,0.0,0.0,0.0,0.0,never
54895,Kigwo Primary Health Care Unit,Primary Health Care Unit,MoH,Central Equatoria,Central Equatoria,Kajo-keji,SS0102,3.8698,31.7391,GPS,,True,True,0.0,0.0,0.0,0.0,0.0,0.0,never
54896,Kiju Primary Health Care Unit,Primary Health Care Unit,MoH,Central Equatoria,Central Equatoria,Lainya,SS0103,4.0154,31.1982,GPS,,True,True,0.0,0.0,0.0,0.0,0.0,0.0,never
54897,Kimba Primary Health Care Unit,Primary Health Care Unit,MoH,Central Equatoria,Central Equatoria,Morobo,SS0104,3.5797,30.8525,GPS,,True,True,0.0,0.0,0.0,0.0,0.0,0.0,never
54898,Kimu Primary Health Care Unit,Primary Health Care Unit,MoH,Central Equatoria,Central Equatoria,Juba,SS0101,4.865,31.5629,GPS,,True,True,0.0,0.0,0.0,0.0,0.0,0.0,never
54899,Kinyiba Primary Health Care Unit,Primary Health Care Unit,MoH,Central Equatoria,Central Equatoria,Kajo-keji,SS0102,3.7342,31.6348,GPS,,True,True,0.0,0.0,0.0,0.0,0.0,0.0,never
54900,Kiri Primary Health Care Unit,Primary Health Care Unit,MoH,Central Equatoria,Central Equatoria,Kajo-keji,SS0102,3.7703,31.635,GPS,,True,True,0.0,0.0,0.0,0.0,0.0,0.0,never
54901,Kirikwa Primary Health Care Unit,Primary Health Care Unit,MoH,Central Equatoria,Central Equatoria,Yei,SS0106,4.1431,30.425,GPS,,True,True,0.0,0.0,0.0,0.0,0.0,0.0,never
54902,Kirikwat Primary Health Care Unit,Primary Health Care Unit,MoH,Central Equatoria,Central Equatoria,Lainya,SS0103,4.1447,30.9092,GPS,,True,True,0.0,0.0,0.0,0.0,0.0,0.0,never
54903,Kit One Primary Health Care Unit,Primary Health Care Unit,MoH,Central Equatoria,Eastern Equatoria,Magwi,SS0207,4.2135,31.9951,Geonames,Admin1 label != state it falls in,True,True,1.0,1.0,0.017,0.0,0.0,0.0,occasional
54904,Kiu Primary Health Care Unit,Primary Health Care Unit,MoH,Central Equatoria,Central Equatoria,Terekeka,SS0105,6.2048,30.6006,GPS,,True,True,1.0,1.0,0.017,0.0,0.0,0.0,occasional
54905,Kk Ajio Primary Health Care Unit,Primary Health Care Unit,MoH,Central Equatoria,Central Equatoria,Kajo-keji,SS0102,3.8387,31.1951,GPS,,True,True,0.0,0.0,0.0,0.0,0.0,0.0,never
54906,Kk Gurujo Primary Health Care Unit,Primary Health Care Unit,MoH,Central Equatoria,Central Equatoria,Kajo-keji,SS0102,3.7262,31.5826,GPS,,True,True,0.0,0.0,0.0,0.0,0.0,0.0,never
54907,Kk Jalimo Primary Health Care Centre,Primary Health Care Centre,MoH,Central Equatoria,Central Equatoria,Kajo-keji,SS0102,3.7594,31.5988,GPS,,True,True,0.0,0.0,0.0,0.0,0.0,0.0,never
54908,Kk Jondale Primary Health Care Unit,Primary Health Care Unit,MoH,Central Equatoria,Central Equatoria,Kajo-keji,SS0102,3.929,31.5351,GPS,,True,True,0.0,0.0,0.0,0.0,0.0,0.0,never
54909,Kk Kala Primary Health Care Unit,Primary Health Care Unit,MoH,Central Equatoria,Central Equatoria,Kajo-keji,SS0102,3.9824,31.2589,GPS,,True,True,0.0,0.0,0.0,0.0,0.0,0.0,never
54910,Kk Lipe Primary Health Care Centre,Primary Health Care Centre,MoH,Central Equatoria,Central Equatoria,Kajo-keji,SS0102,3.8967,31.6202,Geonames,,True,True,0.0,0.0,0.0,0.0,0.0,0.0,never
54911,Kk Longira Primary Health Care Unit,Primary Health Care Unit,MoH,Central Equatoria,Central Equatoria,Kajo-keji,SS0102,3.8779,31.6011,GPS,,True,True,0.0,0.0,0.0,0.0,0.0,0.0,never
54912,Kk Mere Primary Health Care Unit,Primary Health Care Unit,MoH,Central Equatoria,Central Equatoria,Kajo-keji,SS0102,3.8895,31.6725,GPS,,True,True,0.0,0.0,0.0,0.0,0.0,0.0,never
54913,Kk Mogiri Primary Health Care Unit,Primary Health Care Unit,MoH,Central Equatoria,Central Equatoria,Kajo-keji,SS0102,3.9506,31.5953,GPS,,True,True,0.0,0.0,0.0,0.0,0.0,0.0,never
54914,Kk Romogi Primary Health Care Unit,Primary Health Care Unit,MoH,Central Equatoria,Central Equatoria,Kajo-keji,SS0102,3.9084,31.6499,GPS,,True,True,0.0,0.0,0.0,0.0,0.0,0.0,never
54915,Kkkangai Primary Health Care Centre,Primary Health Care Centre,MoH,Central Equatoria,Central Equatoria,Kajo-keji,SS0102,3.769,31.6568,GPS,,True,True,0.0,0.0,0.0,0.0,0.0,0.0,never
54916,Komoi Primary Health Care Unit,Primary Health Care Unit,MoH,Central Equatoria,Central Equatoria,Lainya,SS0103,4.1447,30.6898,GPS,,True,True,0.0,0.0,0.0,0.0,0.0,0.0,never
54917,Korobe Primary Health Care Unit,Primary Health Care Unit,MoH,Central Equatoria,Central Equatoria,Lainya,SS0103,4.0367,30.945,GPS,,True,True,0.0,0.0,0.0,0.0,0.0,0.0,never
54918,Korosomba Primary Health Care Unit,Primary Health Care Unit,MoH,Central Equatoria,Central Equatoria,Terekeka,SS0105,5.5419,31.8287,Geonames,,True,True,1.0,1.0,0.017,0.0,0.0,0.0,occasional
54919,Koyoki Primary Health Care Unit,Primary Health Care Unit,MoH,Central Equatoria,Central Equatoria,Lainya,SS0103,3.8403,31.0767,GPS,,True,True,0.0,0.0,0.0,0.0,0.0,0.0,never
54920,Krot Nyumbo Primary Health Care Unit,Primary Health Care Unit,MoH,Central Equatoria,Central Equatoria,Terekeka,SS0105,5.6094,31.033,GPS,,True,True,0.0,0.0,0.0,0.0,0.0,0.0,never
54921,Kubi Primary Health Care Unit,Primary Health Care Unit,MoH,Central Equatoria,Central Equatoria,Juba,SS0101,4.3902,31.9227,GPS,,True,True,0.0,0.0,0.0,0.0,0.0,0.0,never
54922,Kuda Primary Health Care Centre,Primary Health Care Centre,MoH,Central Equatoria,Central Equatoria,Juba,SS0101,4.9574,31.2253,GPS,,True,True,0.0,0.0,0.0,0.0,0.0,0.0,never
54923,Kudaji Primary Health Care Unit,Primary Health Care Unit,MoH,Central Equatoria,Central Equatoria,Kajo-keji,SS0102,3.8842,31.6704,GPS,,True,True,0.0,0.0,0.0,0.0,0.0,0.0,never
54924,Kuli Papa Primary Health Care Unit,Primary Health Care Unit,MoH,Central Equatoria,Central Equatoria,Lainya,SS0103,4.3749,31.1166,GPS,,True,True,0.0,0.0,0.0,0.0,0.0,0.0,never
54925,Kundru Primary Health Care Unit,Primary Health Care Unit,MoH,Central Equatoria,Central Equatoria,Yei,SS0106,4.3981,30.2159,GPS,,True,True,1.0,3.0,0.017,0.0,0.0,0.0,occasional
54926,Kupera Primary Health Care Unit,Primary Health Care Unit,MoH,Central Equatoria,Central Equatoria,Lainya,SS0103,4.1332,30.9538,GPS,,True,True,0.0,0.0,0.0,0.0,0.0,0.0,never
54927,Kura Angereb Primary Health Care Unit,Primary Health Care Unit,MoH,Central Equatoria,Central Equatoria,Juba,SS0101,4.6965,31.7238,GPS,,True,True,0.0,0.0,0.0,0.0,0.0,0.0,never
54928,Kuse Primary Health Care Unit,Primary Health Care Unit,MoH,Central Equatoria,Central Equatoria,Juba,SS0101,5.1334,31.3756,GPS,,True,True,1.0,1.0,0.017,0.0,0.0,1.0,occasional
54929,Kutali Primary Health Care Unit,Primary Health Care Unit,MoH,Central Equatoria,Central Equatoria,Lainya,SS0103,4.1092,30.9067,Geonames,,True,True,1.0,1.0,0.033,0.0,0.0,0.0,occasional
54930,Kutuk Nawoko Primary Health Care Unit,Primary Health Care Unit,MoH,Central Equatoria,Central Equatoria,Terekeka,SS0105,5.5123,31.5803,Geonames,,True,True,0.0,0.0,0.0,0.0,0.0,0.0,never
54931,Kwerejik Bungu Primary Health Care Unit,Primary Health Care Unit,MoH,Central Equatoria,Central Equatoria,Juba,SS0101,4.6544,31.3877,GPS,,True,True,0.0,0.0,0.0,0.0,0.0,0.0,never
54932,Kwerejik Luri Primary Health Care Unit,Primary Health Care Unit,MoH,Central Equatoria,Central Equatoria,Juba,SS0101,4.9343,31.5874,GPS,,True,True,1.0,2.0,0.017,0.0,0.0,0.0,occasional
54933,Kwerejik Lurit Primary Health Care Unit,Primary Health Care Unit,MoH,Central Equatoria,Central Equatoria,Juba,SS0101,4.991,31.5584,GPS,,True,True,0.0,0.0,0.0,0.0,0.0,0.0,never
54934,Kwori Primary Health Care Unit,Primary Health Care Unit,MoH,Central Equatoria,Central Equatoria,Terekeka,SS0105,5.3438,31.1137,Geonames,,True,True,1.0,2.0,0.034,0.0,0.0,1.0,occasional
54935,Kwornyang Primary Health Care Unit,Primary Health Care Unit,MoH,Central Equatoria,Central Equatoria,Terekeka,SS0105,5.5432,31.543,GPS,,True,True,0.0,0.0,0.0,0.0,0.0,0.0,never
54936,Kworojik Bungu Primary Health Care Unit,Primary Health Care Unit,MoH,Central Equatoria,Central Equatoria,Juba,SS0101,4.6498,31.3881,GPS,,True,True,0.0,0.0,0.0,0.0,0.0,0.0,never
54937,Lainya 1 Primary Health Care Centre,Primary Health Care Centre,MoH,Central Equatoria,Central Equatoria,Lainya,SS0103,4.3405,31.0752,Geonames,,True,True,0.0,0.0,0.0,0.0,0.0,0.0,never
54938,Langabu Primary Health Care Unit,Primary Health Care Unit,MoH,Central Equatoria,Central Equatoria,Juba,SS0101,4.5638,32.0538,GPS,,True,True,0.0,0.0,0.0,0.0,0.0,0.0,never
54939,Langi Primary Health Care Unit,Primary Health Care Unit,MoH,Central Equatoria,Central Equatoria,Juba,SS0101,4.3634,31.3272,GPS,,True,True,0.0,0.0,0.0,0.0,0.0,0.0,never
54940,Lasu Primary Health Care Centre,Primary Health Care Centre,MoH,Central Equatoria,Central Equatoria,Yei,SS0106,3.9498,30.4671,GPS,,True,True,1.0,2.0,0.053,0.0,0.0,0.0,occasional
54941,Latta Primary Health Care Unit,Primary Health Care Unit,MoH,Central Equatoria,Central Equatoria,Yei,SS0106,3.879,30.5586,GPS,,True,True,0.0,0.0,0.0,0.0,0.0,0.0,never
54942,Leikor Primary Health Care Unit,Primary Health Care Unit,MoH,Central Equatoria,Central Equatoria,Kajo-keji,SS0102,3.8078,31.6659,GPS,,True,True,0.0,0.0,0.0,0.0,0.0,0.0,never
54943,Libogo Primary Health Care Unit,Primary Health Care Unit,MoH,Central Equatoria,Central Equatoria,Yei,SS0106,3.8222,30.5952,GPS,,True,True,0.0,0.0,0.0,0.0,0.0,0.0,never
54944,Liggi Primary Health Care Unit,Primary Health Care Unit,MoH,Central Equatoria,Central Equatoria,Yei,SS0106,3.8365,30.7707,Geonames,,True,True,0.0,0.0,0.0,0.0,0.0,0.0,never
54945,Ligi Primary Health Care Unit,Primary Health Care Unit,MoH,Central Equatoria,Central Equatoria,Juba,SS0101,5.0922,31.3016,GPS,,True,True,0.0,0.0,0.0,0.0,0.0,0.0,never
54946,Limbe Primary Health Care Centre,Primary Health Care Centre,MoH,Central Equatoria,Central Equatoria,Lainya,SS0103,4.1611,30.8609,GPS,,True,True,0.0,0.0,0.0,0.0,0.0,0.0,never
54947,Limi Primary Health Care Unit,Primary Health Care Unit,MoH,Central Equatoria,Central Equatoria,Kajo-keji,SS0102,3.8028,31.7152,GPS,,True,True,0.0,0.0,0.0,0.0,0.0,0.0,never
54948,Limi Two Primary Health Care Unit,Primary Health Care Unit,MoH,Central Equatoria,Central Equatoria,Kajo-keji,SS0102,3.8038,31.6985,GPS,,True,True,0.0,0.0,0.0,0.0,0.0,0.0,never
54949,Limuro Primary Health Care Unit,Primary Health Care Unit,MoH,Central Equatoria,Central Equatoria,Lainya,SS0103,4.0583,31.058,GPS,,True,True,0.0,0.0,0.0,0.0,0.0,0.0,never
54950,Lirya Primary Health Care Centre,Primary Health Care Centre,MoH,Central Equatoria,Central Equatoria,Juba,SS0101,4.3856,32.0464,Geonames,,True,True,0.0,0.0,0.0,0.0,0.0,0.0,never
54951,Liteba Primary Health Care Unit,Primary Health Care Unit,MoH,Central Equatoria,Central Equatoria,Kajo-keji,SS0102,3.7268,31.6831,GPS,,True,True,0.0,0.0,0.0,0.0,0.0,0.0,never
54952,Liwolo Missionaries County Hospital,County Hospital,MoH,Central Equatoria,Central Equatoria,Kajo-keji,SS0102,3.7951,31.4299,GPS,,True,True,0.0,0.0,0.0,0.0,0.0,0.0,never
54953,Lobonok Primary Health Care Unit,Primary Health Care Unit,MoH,Central Equatoria,Central Equatoria,Juba,SS0101,4.2951,31.6208,Geonames,,True,True,0.0,0.0,0.0,0.0,0.0,0.0,never
54954,Logili Primary Health Care Unit,Primary Health Care Unit,MoH,Central Equatoria,Central Equatoria,Kajo-keji,SS0102,3.8436,31.6375,GPS,,True,True,0.0,0.0,0.0,0.0,0.0,0.0,never
54955,Logo (Tibari) Primary Health Care Unit,Primary Health Care Unit,MoH,Central Equatoria,Central Equatoria,Juba,SS0101,5.0177,31.7235,GPS,,True,True,1.0,1.0,0.102,0.0,0.0,1.0,occasional
54956,Logobero Primary Health Care Unit,Primary Health Care Unit,MoH,Central Equatoria,Central Equatoria,Yei,SS0106,4.1245,30.6696,GPS,,True,True,1.0,1.0,0.033,0.0,0.0,1.0,occasional
54957,Logobero Primary Health Care Unit,Primary Health Care Unit,MoH,Central Equatoria,Central Equatoria,Lainya,SS0103,4.2022,30.693,GPS,,True,True,1.0,1.0,0.017,0.0,0.0,0.0,occasional
54958,Logu Primary Health Care Unit,Primary Health Care Unit,MoH,Central Equatoria,Central Equatoria,Kajo-keji,SS0102,3.8356,31.6189,GPS,,True,True,0.0,0.0,0.0,0.0,0.0,0.0,never
54959,Logwerle Primary Health Care Unit,Primary Health Care Unit,MoH,Central Equatoria,Central Equatoria,Lainya,SS0103,4.2364,30.973,Geonames,,True,True,0.0,0.0,0.0,0.0,0.0,0.0,never
54960,Logwili Primary Health Care Unit,Primary Health Care Unit,MoH,Central Equatoria,Central Equatoria,Lainya,SS0103,4.3701,31.1212,GPS,,True,True,0.0,0.0,0.0,0.0,0.0,0.0,never
54961,Lojora Primary Health Care Unit,Primary Health Care Unit,MoH,Central Equatoria,Central Equatoria,Terekeka,SS0105,5.2782,31.7263,GPS,,True,True,0.0,0.0,0.0,0.0,0.0,0.0,never
54962,Lojora Primary Health Care Unit,Primary Health Care Unit,MoH,Central Equatoria,Central Equatoria,Terekeka,SS0105,5.3822,31.6801,GPS,,True,True,0.0,0.0,0.0,0.0,0.0,0.0,never
54963,Loka Round Primary Health Care Unit,Primary Health Care Unit,MoH,Central Equatoria,Central Equatoria,Lainya,SS0103,4.2732,31.0196,GPS,,True,True,0.0,0.0,0.0,0.0,0.0,0.0,never
54964,Loka West Primary Health Care Unit,Primary Health Care Unit,MoH,Central Equatoria,Central Equatoria,Lainya,SS0103,4.2546,31.0001,GPS,,True,True,0.0,0.0,0.0,0.0,0.0,0.0,never
54965,Loki Primary Health Care Unit,Primary Health Care Unit,MoH,Central Equatoria,Central Equatoria,Terekeka,SS0105,5.609,31.7177,Geonames,,True,True,0.0,0.0,0.0,0.0,0.0,0.0,never
54966,Lokweni Primary Health Care Unit,Primary Health Care Unit,MoH,Central Equatoria,Central Equatoria,Terekeka,SS0105,5.5554,31.7104,GPS,,True,True,0.0,0.0,0.0,0.0,0.0,0.0,never
54967,Lologo Primary Health Care Centre,Primary Health Care Centre,MoH,Central Equatoria,Central Equatoria,Juba,SS0101,4.8128,31.5953,GPS,,True,True,7.0,10.0,0.017,0.0,0.0,0.0,occasional
54968,Lomega Primary Health Care Unit,Primary Health Care Unit,MoH,Central Equatoria,Central Equatoria,Juba,SS0101,4.7267,31.6554,GPS,,True,True,0.0,0.0,0.0,0.0,0.0,0.0,never
54969,Lomilikin Primary Health Care Unit,Primary Health Care Unit,MoH,Central Equatoria,Central Equatoria,Lainya,SS0103,4.2641,30.9422,GPS,,True,True,0.0,0.0,0.0,0.0,0.0,0.0,never
54970,Lomin Primary Health Care Unit,Primary Health Care Unit,MoH,Central Equatoria,Central Equatoria,Kajo-keji,SS0102,3.8249,31.6595,GPS,,True,True,0.0,0.0,0.0,0.0,0.0,0.0,never
54971,Lonai Primary Health Care Unit,Primary Health Care Unit,MoH,Central Equatoria,Central Equatoria,Terekeka,SS0105,5.4785,31.4342,GPS,,True,True,0.0,0.0,0.0,0.0,0.0,0.0,never
54972,Longira Primary Health Care Unit,Primary Health Care Unit,MoH,Central Equatoria,Central Equatoria,Kajo-keji,SS0102,3.858,31.5925,Geonames,,True,True,1.0,1.0,0.017,0.0,0.0,0.0,occasional
54973,Lopepe Primary Health Care Unit,Primary Health Care Unit,MoH,Central Equatoria,Central Equatoria,Juba,SS0101,4.9433,31.5709,GPS,,True,True,0.0,0.0,0.0,0.0,0.0,0.0,never
54974,Lora Kala Primary Health Care Unit,Primary Health Care Unit,MoH,Central Equatoria,Central Equatoria,Kajo-keji,SS0102,3.9377,31.5055,GPS,,True,True,0.0,0.0,0.0,0.0,0.0,0.0,never
54975,Lora Primary Health Care Centre,Primary Health Care Centre,MoH,Central Equatoria,Central Equatoria,Lainya,SS0103,4.2064,30.913,GPS,,True,True,0.0,0.0,0.0,0.0,0.0,0.0,never
54976,Lora Primary Health Care Unit,Primary Health Care Unit,MoH,Central Equatoria,Central Equatoria,Kajo-keji,SS0102,3.8812,31.3316,GPS,,True,True,0.0,0.0,0.0,0.0,0.0,0.0,never
54977,Lori Primary Health Care Unit,Primary Health Care Unit,MoH,Central Equatoria,Central Equatoria,Kajo-keji,SS0102,4.0061,31.5067,GPS,,True,True,0.0,0.0,0.0,0.0,0.0,0.0,never
54978,Loro Primary Health Care Unit,Primary Health Care Unit,MoH,Central Equatoria,Central Equatoria,Kajo-keji,SS0102,3.8699,31.1667,GPS,,True,True,0.0,0.0,0.0,0.0,0.0,0.0,never
54979,Lorumba Primary Health Care Unit,Primary Health Care Unit,MoH,Central Equatoria,Central Equatoria,Yei,SS0106,4.3422,30.2463,Geonames,,True,True,0.0,0.0,0.0,0.0,0.0,0.0,never
54980,Lotemba Primary Health Care Unit,Primary Health Care Unit,MoH,Central Equatoria,Central Equatoria,Juba,SS0101,4.7388,30.9354,GPS,,True,True,0.0,0.0,0.0,0.0,0.0,0.0,never
54981,Lowirja Primary Health Care Unit,Primary Health Care Unit,MoH,Central Equatoria,Central Equatoria,Terekeka,SS0105,5.5515,31.5278,GPS,,True,True,0.0,0.0,0.0,0.0,0.0,0.0,never
54982,Luala Primary Health Care Unit,Primary Health Care Unit,MoH,Central Equatoria,Central Equatoria,Juba,SS0101,5.026,31.651,Geonames,,True,True,0.0,0.0,0.0,0.0,0.0,0.0,never
54983,Lujulo Primary Health Care Unit,Primary Health Care Unit,MoH,Central Equatoria,Central Equatoria,Morobo,SS0104,3.6787,30.6646,GPS,,True,True,0.0,0.0,0.0,0.0,0.0,0.0,never
54984,Lujulo Primary Health Care Unit,Primary Health Care Unit,MoH,Central Equatoria,Central Equatoria,Morobo,SS0104,3.8122,30.902,GPS,,True,True,0.0,0.0,0.0,0.0,0.0,0.0,never
54985,Lumonik Primary Health Care Unit,Primary Health Care Unit,MoH,Central Equatoria,Central Equatoria,Juba,SS0101,5.0644,31.5333,GPS,,True,True,0.0,0.0,0.0,0.0,0.0,0.0,never
54986,Lupayong Primary Health Care Centre,Primary Health Care Centre,MoH,Central Equatoria,Central Equatoria,Lainya,SS0103,3.9049,31.0609,GPS,,True,True,0.0,0.0,0.0,0.0,0.0,0.0,never
54987,Luri Jebel Primary Health Care Unit,Primary Health Care Unit,MoH,Central Equatoria,Central Equatoria,Juba,SS0101,4.9789,31.5591,GPS,,True,True,0.0,0.0,0.0,0.0,0.0,0.0,never
54988,Luri Rokwe Primary Health Care Unit,Primary Health Care Unit,MoH,Central Equatoria,Central Equatoria,Juba,SS0101,4.8982,31.5956,GPS,,True,True,0.0,0.0,0.0,0.0,0.0,0.0,never
54989,Luri Somba Primary Health Care Unit,Primary Health Care Unit,MoH,Central Equatoria,Central Equatoria,Juba,SS0101,4.8873,31.4032,GPS,,True,True,0.0,0.0,0.0,0.0,0.0,0.0,never
54990,Luri Somba Primary Health Care Unit,Primary Health Care Unit,MoH,Central Equatoria,Central Equatoria,Juba,SS0101,4.8873,31.4032,GPS,,True,True,0.0,0.0,0.0,0.0,0.0,0.0,never
54991,Madikolok Primary Health Care Unit,Primary Health Care Unit,MoH,Central Equatoria,Central Equatoria,Juba,SS0101,4.7795,30.921,GPS,,True,True,1.0,1.0,0.089,0.0,0.0,1.0,occasional
54992,Mading Primary Health Care Unit,Primary Health Care Unit,MoH,Central Equatoria,Central Equatoria,Terekeka,SS0105,5.8521,30.7924,GPS,,True,True,0.0,0.0,0.0,0.0,0.0,0.0,never
54993,Magor kole Primary Health Care Unit,Primary Health Care Unit,MoH,Central Equatoria,Central Equatoria,Juba,SS0101,4.9185,31.4201,GPS,,True,True,1.0,1.0,0.017,0.0,0.0,0.0,occasional
54994,Magor Kolo Primary Health Care Unit,Primary Health Care Unit,MoH,Central Equatoria,Central Equatoria,Juba,SS0101,5.0227,31.1001,GPS,,True,True,0.0,0.0,0.0,0.0,0.0,0.0,never
54995,Mahad Primary Sch. Primary Health Care Centre,Primary Health Care Centre,MoH,Central Equatoria,Central Equatoria,Juba,SS0101,4.8312,31.611,Geonames,,True,True,23.0,130.0,0.103,0.0,0.0,0.0,recurrent
54996,Makamagor Primary Health Care Unit,Primary Health Care Unit,MoH,Central Equatoria,Central Equatoria,Terekeka,SS0105,5.492,31.6181,GPS,,True,True,0.0,0.0,0.0,0.0,0.0,0.0,never
54997,Makaro Primary Health Care Unit,Primary Health Care Unit,MoH,Central Equatoria,Central Equatoria,Juba,SS0101,5.0798,31.4499,GPS,,True,True,0.0,0.0,0.0,0.0,0.0,0.0,never
54998,Makido Primary Health Care Unit,Primary Health Care Unit,MoH,Central Equatoria,Central Equatoria,Terekeka,SS0105,5.9628,30.7412,GPS,,True,True,0.0,0.0,0.0,0.0,0.0,0.0,never
54999,Malakan Primary Health Care Unit,Primary Health Care Unit,MoH,Central Equatoria,Central Equatoria,Juba,SS0101,4.5843,31.0261,GPS,,True,True,0.0,0.0,0.0,0.0,0.0,0.0,never
55000,Malakia Primary Health Care Unit,Primary Health Care Unit,MoH,Central Equatoria,Central Equatoria,Juba,SS0101,4.8346,31.6027,GPS,,True,True,0.0,0.0,0.0,0.0,0.0,0.0,never
55001,Mandikolok Primary Health Care Unit,Primary Health Care Unit,MoH,Central Equatoria,Central Equatoria,Lainya,SS0103,4.1699,30.8653,GPS,,True,True,0.0,0.0,0.0,0.0,0.0,0.0,never
55002,Manga Lotore Primary Health Care Centre,Primary Health Care Centre,MoH,Central Equatoria,Central Equatoria,Kajo-keji,SS0102,3.8021,31.551,GPS,,True,True,0.0,0.0,0.0,0.0,0.0,0.0,never
55003,Mankaro Primary Health Care Unit,Primary Health Care Unit,MoH,Central Equatoria,Central Equatoria,Juba,SS0101,4.6019,30.9609,GPS,,True,True,0.0,0.0,0.0,0.0,0.0,0.0,never
55004,Mapako Primary Health Care Unit,Primary Health Care Unit,MoH,Central Equatoria,Central Equatoria,Yei,SS0106,4.2254,30.5375,GPS,,True,True,1.0,2.0,0.018,0.0,0.0,0.0,occasional
55005,Marakak Primary Health Care Unit,Primary Health Care Unit,MoH,Central Equatoria,Central Equatoria,Terekeka,SS0105,5.6104,31.7283,GPS,,True,True,0.0,0.0,0.0,0.0,0.0,0.0,never
55006,Maremo Primary Health Care Unit,Primary Health Care Unit,MoH,Central Equatoria,Central Equatoria,Juba,SS0101,4.9414,31.4344,GPS,,True,True,0.0,0.0,0.0,0.0,0.0,0.0,never
55007,Mengele Primary Health Care Unit,Primary Health Care Unit,MoH,Central Equatoria,Central Equatoria,Juba,SS0101,4.6367,30.9406,GPS,,True,True,1.0,1.0,0.117,0.0,0.0,0.0,occasional
55008,Mere Guga Primary Health Care Unit,Primary Health Care Unit,MoH,Central Equatoria,Central Equatoria,Kajo-keji,SS0102,3.7694,31.4869,GPS,,True,True,0.0,0.0,0.0,0.0,0.0,0.0,never
55009,Meridi Primary Health Care Unit,Primary Health Care Unit,MoH,Central Equatoria,Central Equatoria,Terekeka,SS0105,5.4901,31.6176,GPS,,True,True,0.0,0.0,0.0,0.0,0.0,0.0,never
55010,Merkio Primary Health Care Unit,Primary Health Care Unit,MoH,Central Equatoria,Central Equatoria,Juba,SS0101,5.0763,30.9983,Geonames,,True,True,0.0,0.0,0.0,0.0,0.0,0.0,never
55011,Mijiki Primary Health Care Unit,Primary Health Care Unit,MoH,Central Equatoria,Central Equatoria,Terekeka,SS0105,5.724,30.8411,GPS,,True,True,1.0,2.0,0.034,0.0,0.0,0.0,occasional
55012,Mina Primary Health Care Unit,Primary Health Care Unit,MoH,Central Equatoria,Central Equatoria,Terekeka,SS0105,5.8033,30.7416,GPS,,True,True,0.0,0.0,0.0,0.0,0.0,0.0,never
55013,Minyori Primary Health Care Unit,Primary Health Care Unit,MoH,Central Equatoria,Central Equatoria,Yei,SS0106,4.1253,30.6201,GPS,,True,True,0.0,0.0,0.0,0.0,0.0,0.0,never
55014,Mitika Primary Health Care Unit,Primary Health Care Unit,MoH,Central Equatoria,Central Equatoria,Yei,SS0106,3.9582,30.5064,GPS,,True,True,1.0,1.0,0.053,0.0,0.0,0.0,occasional
55015,Mobil Primary Health Care Unit,Primary Health Care Unit,MoH,Central Equatoria,Central Equatoria,Juba,SS0101,4.9592,31.6341,GPS,,True,True,1.0,2.0,0.016,0.0,0.0,0.0,occasional
55016,Mogiri _Juba Primary Health Care Unit,Primary Health Care Unit,MoH,Central Equatoria,Central Equatoria,Juba,SS0101,4.8871,31.856,Geonames,,True,True,1.0,1.0,0.018,0.0,0.0,0.0,occasional
55018,Moijo Primary Health Care Unit,Primary Health Care Unit,MoH,Central Equatoria,Central Equatoria,Kajo-keji,SS0102,3.8047,31.7935,GPS,,True,True,0.0,0.0,0.0,0.0,0.0,0.0,never
55019,Moje Primary Health Care Unit,Primary Health Care Unit,MoH,Central Equatoria,Central Equatoria,Juba,SS0101,4.4605,31.0268,GPS,,True,True,0.0,0.0,0.0,0.0,0.0,0.0,never
55020,Mokido Primary Health Care Unit,Primary Health Care Unit,MoH,Central Equatoria,Central Equatoria,Juba,SS0101,4.9457,31.5819,Geonames,,True,True,0.0,0.0,0.0,0.0,0.0,0.0,never
55021,Molusuk Primary Health Care Unit,Primary Health Care Unit,MoH,Central Equatoria,Central Equatoria,Terekeka,SS0105,5.4618,31.7064,Geonames,,True,True,0.0,0.0,0.0,0.0,0.0,0.0,never
55022,Mondi Primary Health Care Unit,Primary Health Care Unit,MoH,Central Equatoria,Central Equatoria,Kajo-keji,SS0102,3.8938,31.4844,GPS,,True,True,0.0,0.0,0.0,0.0,0.0,0.0,never
55023,Mondikolok Primary Health Care Unit,Primary Health Care Unit,MoH,Central Equatoria,Central Equatoria,Kajo-keji,SS0102,3.9082,31.6275,GPS,,True,True,0.0,0.0,0.0,0.0,0.0,0.0,never
55024,Mongo Primary Health Care Unit,Primary Health Care Unit,MoH,Central Equatoria,Central Equatoria,Yei,SS0106,3.9044,30.6116,GPS,,True,True,0.0,0.0,0.0,0.0,0.0,0.0,never
55025,Mongolla Primary Health Care Centre,Primary Health Care Centre,MoH,Central Equatoria,Central Equatoria,Juba,SS0101,5.1966,31.7687,Geonames,,True,True,6.0,19.0,0.103,0.0,0.0,3.0,occasional
55026,Monoji Primary Health Care Unit,Primary Health Care Unit,MoH,Central Equatoria,Central Equatoria,Juba,SS0101,4.8381,31.659,GPS,,True,True,0.0,0.0,0.0,0.0,0.0,0.0,never
55027,Moridi Primary Health Care Unit,Primary Health Care Unit,MoH,Central Equatoria,Central Equatoria,Terekeka,SS0105,5.338,31.703,Geonames,,True,True,0.0,0.0,0.0,0.0,0.0,0.0,never
55028,Morobo Clinic () Primary Health Care Unit,Primary Health Care Unit,MoH,Central Equatoria,Central Equatoria,Juba,SS0101,4.847,31.5811,Geonames,,True,True,0.0,0.0,0.0,0.0,0.0,0.0,never
55029,Morobo Primary Health Care Centre,Primary Health Care Centre,MoH,Central Equatoria,Central Equatoria,Morobo,SS0104,3.6878,30.7752,GPS,,True,True,0.0,0.0,0.0,0.0,0.0,0.0,never
55030,Morsack Primary Health Care Unit,Primary Health Care Unit,MoH,Central Equatoria,Central Equatoria,Juba,SS0101,4.3876,31.5935,GPS,,True,True,0.0,0.0,0.0,0.0,0.0,0.0,never
55031,Morta Primary Health Care Unit,Primary Health Care Unit,MoH,Central Equatoria,Central Equatoria,Lainya,SS0103,4.3412,31.0753,GPS,,True,True,0.0,0.0,0.0,0.0,0.0,0.0,never
55032,Mugiri Primary Health Care Centre,Primary Health Care Centre,MoH,Central Equatoria,Central Equatoria,Juba,SS0101,4.8884,31.8553,Geonames,,True,True,1.0,1.0,0.033,0.0,0.0,0.0,occasional
55033,Mugwo Primary Health Care Centre,Primary Health Care Centre,MoH,Central Equatoria,Central Equatoria,Yei,SS0106,3.8898,30.7401,GPS,,True,True,0.0,0.0,0.0,0.0,0.0,0.0,never
55034,Mundari Bura Primary Health Care Centre,Primary Health Care Centre,MoH,Central Equatoria,Central Equatoria,Terekeka,SS0105,5.6727,30.9746,GPS,,True,True,0.0,0.0,0.0,0.0,0.0,0.0,never
55035,Mundu Primary Health Care Unit,Primary Health Care Unit,MoH,Central Equatoria,Central Equatoria,Lainya,SS0103,4.0402,31.0162,GPS,,True,True,0.0,0.0,0.0,0.0,0.0,0.0,never
55036,Muni Primary Health Care Centre,Primary Health Care Centre,MoH,Central Equatoria,Central Equatoria,Terekeka,SS0105,5.644,31.7202,GPS,,True,True,21.0,147.0,0.103,0.0,0.0,19.0,recurrent
55037,Munuki Primary Health Care Centre,Primary Health Care Centre,MoH,Central Equatoria,Central Equatoria,Juba,SS0101,4.8634,31.5793,GPS,,True,True,0.0,0.0,0.0,0.0,0.0,0.0,never
55038,Myikabur Primary Health Care Unit,Primary Health Care Unit,MoH,Central Equatoria,Central Equatoria,Terekeka,SS0105,5.5554,31.7104,GPS,,True,True,0.0,0.0,0.0,0.0,0.0,0.0,never
55039,Nesitu Primary Health Care Unit,Primary Health Care Unit,MoH,Central Equatoria,Central Equatoria,Juba,SS0101,4.6921,31.7032,Geonames,,True,True,0.0,0.0,0.0,0.0,0.0,0.0,never
55040,New Site Clinic Primary Health Care Centre,Primary Health Care Centre,MoH,Central Equatoria,Central Equatoria,Juba,SS0101,4.8973,31.5893,Geonames,,True,True,0.0,0.0,0.0,0.0,0.0,0.0,never
55041,Ngangala Primary Health Care Unit,Primary Health Care Unit,MoH,Central Equatoria,Central Equatoria,Juba,SS0101,4.7046,31.9203,GPS,,True,True,0.0,0.0,0.0,0.0,0.0,0.0,never
55042,Ngerjebi Primary Health Care Unit,Primary Health Care Unit,MoH,Central Equatoria,Central Equatoria,Juba,SS0101,4.6573,31.7116,GPS,,True,True,1.0,2.0,0.033,0.0,0.0,0.0,occasional
55043,Ngulere Primary Health Care Unit,Primary Health Care Unit,MoH,Central Equatoria,Central Equatoria,Juba,SS0101,4.692,31.9619,GPS,,True,True,0.0,0.0,0.0,0.0,0.0,0.0,never
55044,Nyagando Primary Health Care Unit,Primary Health Care Unit,MoH,Central Equatoria,Central Equatoria,Lainya,SS0103,4.0773,30.9855,GPS,,True,True,0.0,0.0,0.0,0.0,0.0,0.0,never
55045,Nyamani Primary Health Care Unit,Primary Health Care Unit,MoH,Central Equatoria,Central Equatoria,Juba,SS0101,5.015,31.5574,GPS,,True,True,0.0,0.0,0.0,0.0,0.0,0.0,never
55046,Nyamin Primary Health Care Unit,Primary Health Care Unit,MoH,Central Equatoria,Central Equatoria,Juba,SS0101,4.9313,31.3396,GPS,,True,True,0.0,0.0,0.0,0.0,0.0,0.0,never
55047,Nyanga Primary Health Care Unit,Primary Health Care Unit,MoH,Central Equatoria,Central Equatoria,Terekeka,SS0105,5.7681,31.0418,GPS,,True,True,0.0,0.0,0.0,0.0,0.0,0.0,never
55048,Nyangele Primary Health Care Unit,Primary Health Care Unit,MoH,Central Equatoria,Central Equatoria,Lainya,SS0103,4.3582,30.9359,GPS,,True,True,0.0,0.0,0.0,0.0,0.0,0.0,never
55049,Nyara Primary Health Care Unit,Primary Health Care Unit,MoH,Central Equatoria,Central Equatoria,Juba,SS0101,4.9167,31.25,Geonames,,True,True,2.0,2.0,0.017,0.0,0.0,0.0,occasional
55050,Nyarjuw Primary Health Care Unit,Primary Health Care Unit,MoH,Central Equatoria,Central Equatoria,Juba,SS0101,4.2668,31.3529,GPS,,True,True,0.0,0.0,0.0,0.0,0.0,0.0,never
55051,Nyikabur Primary Health Care Unit,Primary Health Care Unit,MoH,Central Equatoria,Central Equatoria,Terekeka,SS0105,5.5814,31.8247,Geonames,,True,True,0.0,0.0,0.0,0.0,0.0,0.0,never
55052,Nyokuron Primary Health Care Centre,Primary Health Care Centre,MoH,Central Equatoria,Central Equatoria,Juba,SS0101,4.846,31.5791,Geonames,,True,True,0.0,0.0,0.0,0.0,0.0,0.0,never
55053,Nyomori Primary Health Care Unit,Primary Health Care Unit,MoH,Central Equatoria,Central Equatoria,Juba,SS0101,4.8156,30.8832,GPS,,True,True,2.0,2.0,0.083,0.0,0.0,0.0,occasional
55054,Nyori _Lasu Primary Health Care Unit,Primary Health Care Unit,MoH,Central Equatoria,Central Equatoria,Yei,SS0106,3.9401,30.4239,Geonames,,True,True,0.0,0.0,0.0,0.0,0.0,0.0,never
55055,Nyori Primary Health Care Unit,Primary Health Care Unit,MoH,Central Equatoria,Central Equatoria,Terekeka,SS0105,5.3178,31.7068,GPS,,True,True,0.0,0.0,0.0,0.0,0.0,0.0,never
55056,Nyoro Primary Health Care Unit,Primary Health Care Unit,MoH,Central Equatoria,Central Equatoria,Juba,SS0101,4.8403,30.9381,GPS,,True,True,1.0,2.0,0.05,0.0,0.0,1.0,occasional
55057,Odemo Primary Health Care Unit,Primary Health Care Unit,MoH,Central Equatoria,Central Equatoria,Juba,SS0101,4.7051,31.7585,GPS,,True,True,0.0,0.0,0.0,0.0,0.0,0.0,never
55058,Ombasi Primary Health Care Centre,Primary Health Care Centre,MoH,Central Equatoria,Central Equatoria,Yei,SS0106,3.8888,30.6079,Geonames,,True,True,0.0,0.0,0.0,0.0,0.0,0.0,never
55059,Orphanage Primary Health Care Unit,Primary Health Care Unit,MoH,Central Equatoria,Central Equatoria,Kajo-keji,SS0102,3.8782,31.6671,Geonames,,True,True,0.0,0.0,0.0,0.0,0.0,0.0,never
55060,Pagara Primary Health Care Unit,Primary Health Care Unit,MoH,Central Equatoria,Central Equatoria,Terekeka,SS0105,6.0128,30.6656,GPS,,True,True,0.0,0.0,0.0,0.0,0.0,0.0,never
55061,Pager _Lobonok Primary Health Care Unit,Primary Health Care Unit,MoH,Central Equatoria,Central Equatoria,Juba,SS0101,4.3912,31.9211,GPS,,True,True,0.0,0.0,0.0,0.0,0.0,0.0,never
55062,Pager _Rajaf Primary Health Care Unit,Primary Health Care Unit,MoH,Central Equatoria,Central Equatoria,Juba,SS0101,4.6973,31.6085,GPS,,True,True,0.0,0.0,0.0,0.0,0.0,0.0,never
55063,Pager Military Primary Health Care Unit,Primary Health Care Unit,MoH,Central Equatoria,Central Equatoria,Juba,SS0101,4.202,31.6344,Geonames,,True,True,0.0,0.0,0.0,0.0,0.0,0.0,never
55064,Pakula Primary Health Care Unit,Primary Health Care Unit,MoH,Central Equatoria,Central Equatoria,Yei,SS0106,4.0406,30.8717,GPS,,True,True,0.0,0.0,0.0,0.0,0.0,0.0,never
55065,Panyume Primary Health Care Unit,Primary Health Care Unit,MoH,Central Equatoria,Central Equatoria,Morobo,SS0104,3.781,30.9509,GPS,,True,True,0.0,0.0,0.0,0.0,0.0,0.0,never
55066,Parasak / Barajak Primary Health Care Unit,Primary Health Care Unit,MoH,Central Equatoria,Central Equatoria,Lainya,SS0103,4.0723,31.0721,GPS,,True,True,0.0,0.0,0.0,0.0,0.0,0.0,never
55067,Payawa Primary Health Care Unit,Primary Health Care Unit,MoH,Central Equatoria,Central Equatoria,Yei,SS0106,3.9538,30.7392,GPS,,True,True,1.0,2.0,0.196,0.0,0.0,1.0,occasional
55068,Perisa Primary Health Care Unit,Primary Health Care Unit,MoH,Central Equatoria,Central Equatoria,Juba,SS0101,5.1768,31.0334,GPS,,True,True,0.0,0.0,0.0,0.0,0.0,0.0,never
55069,Pirisa Primary Health Care Unit,Primary Health Care Unit,MoH,Central Equatoria,Central Equatoria,Juba,SS0101,5.1757,31.0336,Geonames,,True,True,0.0,0.0,0.0,0.0,0.0,0.0,never
55070,Pisak Primary Health Care Unit,Primary Health Care Unit,MoH,Central Equatoria,Central Equatoria,Yei,SS0106,4.1509,30.5261,GPS,,True,True,0.0,0.0,0.0,0.0,0.0,0.0,never
55071,Pojur Primary Health Care Unit,Primary Health Care Unit,MoH,Central Equatoria,Central Equatoria,Terekeka,SS0105,5.6448,31.6938,GPS,,True,True,0.0,0.0,0.0,0.0,0.0,0.0,never
55072,Rajaf East Primary Health Care Unit,Primary Health Care Unit,MoH,Central Equatoria,Central Equatoria,Juba,SS0101,4.7516,31.6095,GPS,,True,True,1.0,1.0,0.067,0.0,0.0,0.0,occasional
55073,Rajaf Primary Health Care Unit,Primary Health Care Unit,MoH,Central Equatoria,Central Equatoria,Juba,SS0101,4.75,31.579,GPS,,True,True,0.0,0.0,0.0,0.0,0.0,0.0,never
55074,Rajaf West Primary Health Care Unit,Primary Health Care Unit,MoH,Central Equatoria,Central Equatoria,Juba,SS0101,4.7442,31.5922,GPS,,True,True,14.0,30.0,0.068,0.0,0.0,0.0,recurrent
55075,Rijong Primary Health Care Unit,Primary Health Care Unit,MoH,Central Equatoria,Central Equatoria,Terekeka,SS0105,5.3939,31.1692,GPS,,True,True,3.0,4.0,0.034,0.0,0.0,2.0,occasional
55076,Rijongu Primary Health Care Centre,Primary Health Care Centre,MoH,Central Equatoria,Central Equatoria,Lainya,SS0103,4.3301,30.9658,GPS,,True,True,0.0,0.0,0.0,0.0,0.0,0.0,never
55077,Robeke Primary Health Care Unit,Primary Health Care Unit,MoH,Central Equatoria,Central Equatoria,Yei,SS0106,3.977,30.5386,Geonames,,True,True,0.0,0.0,0.0,0.0,0.0,0.0,never
55078,Rodo Primary Health Care Unit,Primary Health Care Unit,MoH,Central Equatoria,Central Equatoria,Kajo-keji,SS0102,4.0431,31.5245,GPS,,True,True,0.0,0.0,0.0,0.0,0.0,0.0,never
55079,Rodoba Primary Health Care Unit,Primary Health Care Unit,MoH,Central Equatoria,Central Equatoria,Morobo,SS0104,3.6001,30.8072,GPS,,True,True,0.0,0.0,0.0,0.0,0.0,0.0,never
55080,Roja Primary Health Care Unit,Primary Health Care Unit,MoH,Central Equatoria,Central Equatoria,Juba,SS0101,4.8155,30.8801,GPS,,True,True,2.0,2.0,0.05,0.0,0.0,0.0,occasional
55081,Rokon Primary Health Care Centre,Primary Health Care Centre,MoH,Central Equatoria,Central Equatoria,Juba,SS0101,5.1304,30.9416,GPS,,True,True,0.0,0.0,0.0,0.0,0.0,0.0,never
55082,Romogi Primary Health Care Unit,Primary Health Care Unit,MoH,Central Equatoria,Central Equatoria,Kajo-keji,SS0102,3.7868,31.7039,Geonames,,True,True,0.0,0.0,0.0,0.0,0.0,0.0,never
55083,Roronyo Primary Health Care Unit,Primary Health Care Unit,MoH,Central Equatoria,Central Equatoria,Lainya,SS0103,4.2404,30.715,Geonames,,True,True,0.0,0.0,0.0,0.0,0.0,0.0,never
55084,Rubeke Primary Health Care Unit,Primary Health Care Unit,MoH,Central Equatoria,Central Equatoria,Yei,SS0106,3.9791,30.5429,GPS,,True,True,0.0,0.0,0.0,0.0,0.0,0.0,never
55085,Rungeta Primary Health Care Unit,Primary Health Care Unit,MoH,Central Equatoria,Central Equatoria,Kajo-keji,SS0102,3.7832,31.3691,GPS,,True,True,0.0,0.0,0.0,0.0,0.0,0.0,never
55086,Rwonyi Primary Health Care Unit,Primary Health Care Unit,MoH,Central Equatoria,Central Equatoria,Yei,SS0106,4.0559,30.715,GPS,,True,True,0.0,0.0,0.0,0.0,0.0,0.0,never
55087,Sacret Heart Primary Health Care Centre,Primary Health Care Centre,MoH,Central Equatoria,Central Equatoria,Juba,SS0101,4.8286,31.6009,GPS,,True,True,0.0,0.0,0.0,0.0,0.0,0.0,never
55088,Sare Jale Primary Health Care Unit,Primary Health Care Unit,MoH,Central Equatoria,Central Equatoria,Kajo-keji,SS0102,3.7053,31.6762,GPS,,True,True,0.0,0.0,0.0,0.0,0.0,0.0,never
55089,Saregoro Primary Health Care Unit,Primary Health Care Unit,MoH,Central Equatoria,Central Equatoria,Kajo-keji,SS0102,3.8442,31.6788,GPS,,True,True,0.0,0.0,0.0,0.0,0.0,0.0,never
55090,Senema Primary Health Care Unit,Primary Health Care Unit,MoH,Central Equatoria,Central Equatoria,Yei,SS0106,3.8151,30.5728,GPS,,True,True,0.0,0.0,0.0,0.0,0.0,0.0,never
55091,Seremon Primary Health Care Unit,Primary Health Care Unit,MoH,Central Equatoria,Central Equatoria,Lainya,SS0103,4.1548,30.8385,GPS,,True,True,0.0,0.0,0.0,0.0,0.0,0.0,never
55092,Sereng Primary Health Care Unit,Primary Health Care Unit,MoH,Central Equatoria,Central Equatoria,Juba,SS0101,5.0796,30.951,GPS,,True,True,0.0,0.0,0.0,0.0,0.0,0.0,never
55093,Sermon Primary Health Care Unit,Primary Health Care Unit,MoH,Central Equatoria,Central Equatoria,Juba,SS0101,5.0159,31.1132,GPS,,True,True,1.0,1.0,0.016,0.0,0.0,0.0,occasional
55094,Seven Days Adventist Primary Health Care Unit,Primary Health Care Unit,FBO/NGO,Central Equatoria,Central Equatoria,Juba,SS0101,4.8565,31.5777,GPS,,True,True,0.0,0.0,0.0,0.0,0.0,0.0,never
55095,Sindiru Primary Health Care Unit,Primary Health Care Unit,MoH,Central Equatoria,Central Equatoria,Juba,SS0101,4.4441,31.6083,GPS,,True,True,0.0,0.0,0.0,0.0,0.0,0.0,never
55096,Soka Primary Health Care Unit,Primary Health Care Unit,MoH,Central Equatoria,Central Equatoria,Lainya,SS0103,4.3495,30.7499,GPS,,True,True,0.0,0.0,0.0,0.0,0.0,0.0,never
55097,Sokare Primary Health Care Unit,Primary Health Care Unit,MoH,Central Equatoria,Central Equatoria,Kajo-keji,SS0102,3.7958,31.4304,GPS,,True,True,0.0,0.0,0.0,0.0,0.0,0.0,never
55098,St Luke Primary Health Care Unit,Primary Health Care Unit,MoH,Central Equatoria,Central Equatoria,Juba,SS0101,4.4385,31.0347,Geonames,,True,True,0.0,0.0,0.0,0.0,0.0,0.0,never
55099,St Martha Primary Health Care Unit,Primary Health Care Unit,MoH,Central Equatoria,Central Equatoria,Yei,SS0106,4.0923,30.6765,Geonames,,True,True,0.0,0.0,0.0,0.0,0.0,0.0,never
55100,St. Bakhita Primary Health Care Centre,Primary Health Care Centre,MoH,Central Equatoria,Central Equatoria,Yei,SS0106,4.1032,30.6324,GPS,,True,True,0.0,0.0,0.0,0.0,0.0,0.0,never
55101,St.Kizito Primary Health Care Centre,Primary Health Care Centre,MoH,Central Equatoria,Central Equatoria,Juba,SS0101,4.86,31.5704,GPS,,True,True,0.0,0.0,0.0,0.0,0.0,0.0,never
55102,Sure Primary Health Care Unit,Primary Health Care Unit,MoH,Central Equatoria,Central Equatoria,Juba,SS0101,4.8822,31.1771,GPS,,True,True,0.0,0.0,0.0,0.0,0.0,0.0,never
55103,Tali Primary Health Care Centre,Primary Health Care Centre,MoH,Central Equatoria,Central Equatoria,Terekeka,SS0105,5.8975,30.7717,GPS,,True,True,1.0,1.0,0.017,0.0,0.0,0.0,occasional
55104,Tendere Primary Health Care Unit,Primary Health Care Unit,MoH,Central Equatoria,Central Equatoria,Juba,SS0101,5.1078,31.6158,GPS,,True,True,0.0,0.0,0.0,0.0,0.0,0.0,never
55105,Terkeka . Primary Health Care Centre,Primary Health Care Centre,MoH,Central Equatoria,Central Equatoria,Terekeka,SS0105,5.4384,31.7458,GPS,,True,True,0.0,0.0,0.0,0.0,0.0,0.0,never
55106,Tijor Primary Health Care Unit,Primary Health Care Unit,MoH,Central Equatoria,Central Equatoria,Juba,SS0101,5.2593,31.2376,GPS,,True,True,2.0,3.0,0.051,0.0,0.0,1.0,occasional
55107,Tindilo Primary Health Care Unit,Primary Health Care Unit,MoH,Central Equatoria,Central Equatoria,Terekeka,SS0105,5.6547,31.0578,GPS,,True,True,1.0,1.0,0.033,0.0,1.0,1.0,occasional
55108,Tirye Primary Health Care Unit,Primary Health Care Unit,MoH,Central Equatoria,Central Equatoria,Kajo-keji,SS0102,3.8335,31.6407,Geonames,,True,True,0.0,0.0,0.0,0.0,0.0,0.0,never
55109,Toko-Kotulu Primary Health Care Unit,Primary Health Care Unit,MoH,Central Equatoria,Central Equatoria,Juba,SS0101,4.9485,30.914,Geonames,,True,True,0.0,0.0,0.0,0.0,0.0,0.0,never
55110,Tombek Primary Health Care Centre,Primary Health Care Centre,MoH,Central Equatoria,Central Equatoria,Terekeka,SS0105,5.8113,31.685,Geonames,,True,True,7.0,82.0,0.133,0.0,0.0,4.0,occasional
55111,Tombur Primary Health Care Unit,Primary Health Care Unit,MoH,Central Equatoria,Central Equatoria,Juba,SS0101,4.9031,31.5462,Google Earth,,True,True,2.0,9.0,0.085,0.0,0.0,1.0,occasional
55112,Tore Primary Health Care Centre,Primary Health Care Centre,MoH,Central Equatoria,Central Equatoria,Yei,SS0106,4.4913,30.1628,Geonames,,True,True,1.0,1.0,0.018,0.0,0.0,0.0,occasional
55113,Tukoro Primary Health Care Unit,Primary Health Care Unit,MoH,Central Equatoria,Central Equatoria,Terekeka,SS0105,5.5841,31.7158,GPS,,True,True,0.0,0.0,0.0,0.0,0.0,0.0,never
55114,Tulyang Primary Health Care Unit,Primary Health Care Unit,MoH,Central Equatoria,Central Equatoria,Juba,SS0101,4.7795,30.9211,GPS,,True,True,1.0,1.0,0.088,0.0,0.0,1.0,occasional
55115,Undukori Primary Health Care Unit,Primary Health Care Unit,MoH,Central Equatoria,Central Equatoria,Yei,SS0106,3.9401,30.6901,GPS,,True,True,0.0,0.0,0.0,0.0,0.0,0.0,never
55116,Ustratuna Primary Health Care Centre,Primary Health Care Centre,MoH,Central Equatoria,Central Equatoria,Juba,SS0101,4.8477,31.6046,GPS,,True,True,0.0,0.0,0.0,0.0,0.0,0.0,never
55117,Wadupe Primary Health Care Unit,Primary Health Care Unit,MoH,Central Equatoria,Central Equatoria,Yei,SS0106,3.8867,30.7075,GPS,,True,True,0.0,0.0,0.0,0.0,0.0,0.0,never
55118,Walang Walang Primary Health Care Unit,Primary Health Care Unit,MoH,Central Equatoria,Central Equatoria,Juba,SS0101,4.8834,31.6257,GPS,,True,True,1.0,2.0,0.034,0.0,0.0,1.0,occasional
55119,Walawalang Primary Health Care Unit,Primary Health Care Unit,MoH,Central Equatoria,Central Equatoria,Juba,SS0101,5.0625,31.315,GPS,,True,True,0.0,0.0,0.0,0.0,0.0,0.0,never
55120,Wanyang Primary Health Care Unit,Primary Health Care Unit,MoH,Central Equatoria,Central Equatoria,Terekeka,SS0105,5.3825,31.6803,GPS,,True,True,0.0,0.0,0.0,0.0,0.0,0.0,never
55121,Wonduruba Primary Health Care Centre,Primary Health Care Centre,MoH,Central Equatoria,Central Equatoria,Juba,SS0101,4.5183,31.0328,GPS,,True,True,0.0,0.0,0.0,0.0,0.0,0.0,never
55122,Wudabi Primary Health Care Unit,Primary Health Care Unit,MoH,Central Equatoria,Central Equatoria,Morobo,SS0104,3.773,30.619,GPS,,True,True,0.0,0.0,0.0,0.0,0.0,0.0,never
55123,Wudu Bori Primary Health Care Unit,Primary Health Care Unit,MoH,Central Equatoria,Central Equatoria,Terekeka,SS0105,5.7422,31.7006,GPS,,True,True,0.0,0.0,0.0,0.0,0.0,0.0,never
55124,Wuji Primary Health Care Unit,Primary Health Care Unit,MoH,Central Equatoria,Central Equatoria,Lainya,SS0103,3.8405,31.0768,GPS,,True,True,0.0,0.0,0.0,0.0,0.0,0.0,never
55125,Wujugani Primary Health Care Unit,Primary Health Care Unit,MoH,Central Equatoria,Central Equatoria,Terekeka,SS0105,5.5093,31.7111,GPS,,True,True,11.0,47.0,0.067,0.0,0.0,0.0,recurrent
55126,Wuna Torok Primary Health Care Unit,Primary Health Care Unit,MoH,Central Equatoria,Central Equatoria,Juba,SS0101,5.0809,31.5744,GPS,,True,True,0.0,0.0,0.0,0.0,0.0,0.0,never
55127,Wurta Primary Health Care Unit,Primary Health Care Unit,MoH,Central Equatoria,Central Equatoria,Kajo-keji,SS0102,3.6951,31.5522,GPS,,True,True,0.0,0.0,0.0,0.0,0.0,0.0,never
55128,Yabisak Primary Health Care Unit,Primary Health Care Unit,MoH,Central Equatoria,Central Equatoria,Terekeka,SS0105,5.8216,31.7714,GPS,,True,True,0.0,0.0,0.0,0.0,0.0,0.0,never
55129,Yapa Primary Health Care Unit,Primary Health Care Unit,MoH,Central Equatoria,Central Equatoria,Juba,SS0101,4.9886,31.6082,GPS,,True,True,0.0,0.0,0.0,0.0,0.0,0.0,never
55130,Yaya Primary Health Care Centre,Primary Health Care Centre,MoH,Central Equatoria,Central Equatoria,Morobo,SS0104,3.5499,30.8787,Geonames,,True,True,0.0,0.0,0.0,0.0,0.0,0.0,never
55131,Yebisak Primary Health Care Unit,Primary Health Care Unit,MoH,Central Equatoria,Central Equatoria,Terekeka,SS0105,5.5781,31.7309,GPS,,True,True,0.0,0.0,0.0,0.0,0.0,0.0,never
55132,Yei County Hospital,County Hospital,MoH,Central Equatoria,Central Equatoria,Yei,SS0106,4.0892,30.6735,Geonames,,True,True,0.0,0.0,0.0,0.0,0.0,0.0,never
55133,Yei River Primary Health Care Centre,Primary Health Care Centre,MoH,Central Equatoria,Central Equatoria,Yei,SS0106,4.0881,30.6752,GPS,,True,True,0.0,0.0,0.0,0.0,0.0,0.0,never
55134,Yeribe Primary Health Care Unit,Primary Health Care Unit,MoH,Central Equatoria,Central Equatoria,Morobo,SS0104,3.9241,30.9581,Geonames,,True,True,2.0,3.0,0.034,0.0,0.0,0.0,occasional
55135,Yondoru Primary Health Care Unit,Primary Health Care Unit,MoH,Central Equatoria,Central Equatoria,Lainya,SS0103,4.2202,30.7661,GPS,,True,True,0.0,0.0,0.0,0.0,0.0,0.0,never
55136,Yondu Primary Health Care Unit,Primary Health Care Unit,MoH,Central Equatoria,Central Equatoria,Morobo,SS0104,3.6628,30.8983,GPS,,True,True,0.0,0.0,0.0,0.0,0.0,0.0,never
55137,Yr Logo 1 Primary Health Care Unit,Primary Health Care Unit,MoH,Central Equatoria,Central Equatoria,Yei,SS0106,4.1417,30.564,GPS,,True,True,0.0,0.0,0.0,0.0,0.0,0.0,never
55138,Yr Morsak Primary Health Care Unit,Primary Health Care Unit,MoH,Central Equatoria,Central Equatoria,Yei,SS0106,3.9413,30.611,GPS,,True,True,0.0,0.0,0.0,0.0,0.0,0.0,never
55139,Yugufe Primary Health Care Unit,Primary Health Care Unit,MoH,Central Equatoria,Central Equatoria,Morobo,SS0104,3.7158,30.6933,GPS,,True,True,0.0,0.0,0.0,0.0,0.0,0.0,never
55140,Abara Primary Health Care Unit,Primary Health Care Unit,MoH,Eastern Equatoria,Eastern Equatoria,Magwi,SS0207,4.0828,32.1803,Geonames,,True,True,0.0,0.0,0.0,0.0,0.0,0.0,never
55141,Adeba Primary Health Care Unit,Primary Health Care Unit,MoH,Eastern Equatoria,Eastern Equatoria,Lafon,SS0206,5.0096,32.3955,GPS,,True,True,0.0,0.0,0.0,0.0,0.0,0.0,never
55142,Afoyi (Kit 4) Primary Health Care Unit,Primary Health Care Unit,MoH,Eastern Equatoria,Eastern Equatoria,Magwi,SS0207,4.0762,31.9587,GPS,,True,True,0.0,0.0,0.0,0.0,0.0,0.0,never
55143,Agoro Primary Health Care Unit,Primary Health Care Unit,MoH,Eastern Equatoria,Eastern Equatoria,Magwi,SS0207,4.2699,32.172,GPS,,True,True,0.0,0.0,0.0,0.0,0.0,0.0,never
55144,AIC Lohutok Primary Health Care Unit,Primary Health Care Unit,MoH,Eastern Equatoria,Eastern Equatoria,Torit,SS0208,4.64,32.854,GPS,,True,True,0.0,0.0,0.0,0.0,0.0,0.0,never
55145,Amee Primary Health Care Unit,Primary Health Care Unit,MoH,Eastern Equatoria,Eastern Equatoria,Magwi,SS0207,4.0604,32.069,Geonames,,True,True,0.0,0.0,0.0,0.0,0.0,0.0,never
55146,Amiru Primary Health Care Unit,Primary Health Care Unit,MoH,Eastern Equatoria,Eastern Equatoria,Lafon,SS0206,4.954,32.4297,GPS,,True,True,1.0,2.0,0.259,0.0,0.0,1.0,occasional
55147,Anzara Primary Health Care Unit,Primary Health Care Unit,MoH,Eastern Equatoria,Eastern Equatoria,Magwi,SS0207,3.5842,32.0922,Geonames,,True,True,0.0,0.0,0.0,0.0,0.0,0.0,never
55148,Arapi Primary Health Care Unit,Primary Health Care Unit,MoH,Eastern Equatoria,Eastern Equatoria,Magwi,SS0207,3.8474,31.9682,Geonames,,True,True,0.0,0.0,0.0,0.0,0.0,0.0,never
55149,Aromo Primary Health Care Unit,Primary Health Care Unit,MoH,Eastern Equatoria,Eastern Equatoria,Lafon,SS0206,5.1012,32.4808,GPS,,True,True,3.0,7.0,0.067,0.0,0.0,2.0,occasional
55150,Aromu Primary Health Care Unit,Primary Health Care Unit,MoH,Eastern Equatoria,Eastern Equatoria,Lafon,SS0206,5.1012,32.4808,GPS,,True,True,3.0,7.0,0.067,0.0,0.0,2.0,occasional
55151,Ateda Primary Health Care Unit,Primary Health Care Unit,MoH,Eastern Equatoria,Eastern Equatoria,Ikotos,SS0202,3.833,33.4615,Geonames,,True,True,0.0,0.0,0.0,0.0,0.0,0.0,never
55152,Ayii Primary Health Care Unit,Primary Health Care Unit,MoH,Eastern Equatoria,Eastern Equatoria,Magwi,SS0207,3.8168,32.7621,Geonames,,True,True,0.0,0.0,0.0,0.0,0.0,0.0,never
55153,Bilinyang Primary Health Care Unit,Primary Health Care Unit,MoH,Eastern Equatoria,Eastern Equatoria,Magwi,SS0207,3.625,32.1539,GPS,,True,True,0.0,0.0,0.0,0.0,0.0,0.0,never
55154,Bira Primary Health Care Centre,Primary Health Care Centre,MoH,Eastern Equatoria,Eastern Equatoria,Ikotos,SS0202,3.8331,33.5821,GPS,,True,True,0.0,0.0,0.0,0.0,0.0,0.0,never
55155,Borongole Beth Israel Primary Health Care Unit,Primary Health Care Unit,MoH,Eastern Equatoria,Eastern Equatoria,Magwi,SS0207,3.9064,31.9368,GPS,,True,True,0.0,0.0,0.0,0.0,0.0,0.0,never
55156,Bule Primary Health Care Unit,Primary Health Care Unit,MoH,Eastern Equatoria,Eastern Equatoria,Lafon,SS0206,5.003,32.45,Geonames,,True,True,0.0,0.0,0.0,0.0,0.0,0.0,never
55157,Bur Muttaram Primary Health Care Unit,Primary Health Care Unit,MoH,Eastern Equatoria,Eastern Equatoria,Torit,SS0208,4.5259,32.4941,GPS,,True,True,0.0,0.0,0.0,0.0,0.0,0.0,never
55158,Bur Primary Health Care Unit,Primary Health Care Unit,MoH,Eastern Equatoria,Eastern Equatoria,Torit,SS0208,4.5259,32.4941,GPS,,True,True,0.0,0.0,0.0,0.0,0.0,0.0,never
55159,Bura Primary Health Care Unit,Primary Health Care Unit,MoH,Eastern Equatoria,Eastern Equatoria,Lafon,SS0206,5.0946,32.4808,GPS,,True,True,2.0,4.0,0.033,0.0,0.0,1.0,occasional
55160,Caigon Primary Health Care Unit,Primary Health Care Unit,MoH,Eastern Equatoria,Eastern Equatoria,Magwi,SS0207,3.87,32.48,Geonames,,True,True,1.0,2.0,0.017,0.0,0.0,1.0,occasional
55161,Calamini Primary Health Care Unit,Primary Health Care Unit,MoH,Eastern Equatoria,Eastern Equatoria,Torit,SS0208,4.4993,32.9096,GPS,,True,True,0.0,0.0,0.0,0.0,0.0,0.0,never
55162,Chahare Primary Health Care Centre,Primary Health Care Centre,MoH,Eastern Equatoria,Eastern Equatoria,Ikotos,SS0202,4.2896,33.1445,Geonames,,True,True,0.0,0.0,0.0,0.0,0.0,0.0,never
55163,Chawa Primary Health Care Unit,Primary Health Care Unit,MoH,Eastern Equatoria,Eastern Equatoria,Budi,SS0201,4.7334,33.244,GPS,,True,True,0.0,0.0,0.0,0.0,0.0,0.0,never
55164,CHilok Primary Health Care Unit,Primary Health Care Unit,MoH,Eastern Equatoria,Eastern Equatoria,Ikotos,SS0202,3.9924,33.05,GPS,,True,True,0.0,0.0,0.0,0.0,0.0,0.0,never
55165,Chorocol Boma Primary Health Care Centre,Primary Health Care Centre,MoH,Eastern Equatoria,Eastern Equatoria,Ikotos,SS0202,4.2234,33.1947,GPS,,True,True,0.0,0.0,0.0,0.0,0.0,0.0,never
55166,Chumatori Primary Health Care Unit,Primary Health Care Unit,MoH,Eastern Equatoria,Eastern Equatoria,Kapoeta North,SS0204,4.9133,33.5585,GPS,,True,True,1.0,2.0,0.017,0.0,0.0,0.0,occasional
55167,Dioces Of Torit Primary Health Care Unit,Primary Health Care Unit,MoH,Eastern Equatoria,Eastern Equatoria,Magwi,SS0207,3.8699,32.4745,GPS,,True,True,1.0,2.0,0.017,0.0,0.0,1.0,occasional
55169,Frak-Sika Primary Health Care Unit,Primary Health Care Unit,MoH,Eastern Equatoria,Eastern Equatoria,Budi,SS0201,4.3827,33.3487,GPS,,True,True,4.0,5.0,0.016,0.0,0.0,0.0,occasional
55170,Ganzi Primary Health Care Unit,Primary Health Care Unit,MoH,Eastern Equatoria,Eastern Equatoria,Magwi,SS0207,3.6142,32.1633,GPS,,True,True,1.0,1.0,0.034,0.0,0.0,0.0,occasional
55171,Gilo Primary Health Care Unit,Primary Health Care Unit,MoH,Eastern Equatoria,Eastern Equatoria,Ikotos,SS0202,4.0464,32.8339,Geonames,,True,True,0.0,0.0,0.0,0.0,0.0,0.0,never
55172,Good Shephard Primary Health Care Centre,Primary Health Care Centre,MoH,Eastern Equatoria,Eastern Equatoria,Kapoeta East,SS0203,5.4987,34.7722,GPS,,True,True,0.0,0.0,0.0,0.0,0.0,0.0,never
55173,Gunyoro Primary Health Care Unit,Primary Health Care Unit,MoH,Eastern Equatoria,Eastern Equatoria,Torit,SS0208,4.2356,32.5427,GPS,,True,True,0.0,0.0,0.0,0.0,0.0,0.0,never
55174,Haba Primary Health Care Unit,Primary Health Care Unit,MoH,Eastern Equatoria,Eastern Equatoria,Lafon,SS0206,4.8377,32.6365,Geonames,,True,True,0.0,0.0,0.0,0.0,0.0,0.0,never
55175,Haforiere Primary Health Care Unit,Primary Health Care Unit,MoH,Eastern Equatoria,Eastern Equatoria,Torit,SS0208,4.4495,32.8168,GPS,,True,True,0.0,0.0,0.0,0.0,0.0,0.0,never
55176,Hai Lotuko Primary Health Care Centre,Primary Health Care Centre,MoH,Eastern Equatoria,Eastern Equatoria,Torit,SS0208,4.4131,32.5708,GPS,,True,True,2.0,3.0,0.017,0.0,0.0,0.0,occasional
55177,Haliba Primary Health Care Unit,Primary Health Care Unit,MoH,Eastern Equatoria,Eastern Equatoria,Budi,SS0201,4.4516,33.4448,GPS,,True,True,0.0,0.0,0.0,0.0,0.0,0.0,never
55178,Harihlo Primary Health Care Unit,Primary Health Care Unit,MoH,Eastern Equatoria,Eastern Equatoria,Lafon,SS0206,4.9131,32.6772,GPS,,True,True,0.0,0.0,0.0,0.0,0.0,0.0,never
55179,Hatire Primary Health Care Centre,Primary Health Care Centre,MoH,Eastern Equatoria,Eastern Equatoria,Ikotos,SS0202,4.0336,32.8237,Geonames,,True,True,0.0,0.0,0.0,0.0,0.0,0.0,never
55180,Hidonge Ifura Primary Health Care Unit,Primary Health Care Unit,MoH,Eastern Equatoria,Eastern Equatoria,Torit,SS0208,4.5861,32.7969,GPS,,True,True,0.0,0.0,0.0,0.0,0.0,0.0,never
55181,Hidonge Malangit Primary Health Care Unit,Primary Health Care Unit,MoH,Eastern Equatoria,Eastern Equatoria,Torit,SS0208,4.5982,32.8171,GPS,,True,True,0.0,0.0,0.0,0.0,0.0,0.0,never
55182,Hilleu Primary Health Care Centre,Primary Health Care Centre,MoH,Eastern Equatoria,Eastern Equatoria,Torit,SS0208,4.322,32.6461,GPS,,True,True,0.0,0.0,0.0,0.0,0.0,0.0,never
55183,Hiyala Primary Health Care Centre,Primary Health Care Centre,MoH,Eastern Equatoria,Eastern Equatoria,Torit,SS0208,4.4642,32.8649,GPS,,True,True,0.0,0.0,0.0,0.0,0.0,0.0,never
55184,Hope for south sudan Primary Health Care Unit,Primary Health Care Unit,MoH,Eastern Equatoria,Eastern Equatoria,Kapoeta South,SS0205,4.76,33.5674,Geonames,,True,True,0.0,0.0,0.0,0.0,0.0,0.0,never
55185,Huma Primary Health Care Unit,Primary Health Care Unit,MoH,Eastern Equatoria,Eastern Equatoria,Ikotos,SS0202,4.1729,33.0206,GPS,,True,True,0.0,0.0,0.0,0.0,0.0,0.0,never
55186,Ibalany Primary Health Care Unit,Primary Health Care Unit,MoH,Eastern Equatoria,Eastern Equatoria,Torit,SS0208,4.4166,32.5474,Geonames,,True,True,0.0,0.0,0.0,0.0,0.0,0.0,never
55187,Ibele Primary Health Care Unit,Primary Health Care Unit,MoH,Eastern Equatoria,Eastern Equatoria,Lafon,SS0206,4.6797,32.7609,GPS,,True,True,0.0,0.0,0.0,0.0,0.0,0.0,never
55188,Ibele Primary Health Care Unit,Primary Health Care Unit,MoH,Eastern Equatoria,Eastern Equatoria,Lafon,SS0206,4.6799,32.7606,GPS,,True,True,0.0,0.0,0.0,0.0,0.0,0.0,never
55189,Iboni Primary Health Care Unit,Primary Health Care Unit,MoH,Eastern Equatoria,Eastern Equatoria,Lafon,SS0206,4.662,32.7966,GPS,,True,True,0.0,0.0,0.0,0.0,0.0,0.0,never
55190,Ibonni Primary Health Care Unit,Primary Health Care Unit,MoH,Eastern Equatoria,Eastern Equatoria,Lafon,SS0206,4.662,32.7966,GPS,,True,True,0.0,0.0,0.0,0.0,0.0,0.0,never
55191,Idali Primary Health Care Unit,Primary Health Care Unit,MoH,Eastern Equatoria,Eastern Equatoria,Lafon,SS0206,4.704,32.6833,GPS,,True,True,0.0,0.0,0.0,0.0,0.0,0.0,never
55192,Idali Primary Health Care Unit,Primary Health Care Unit,MoH,Eastern Equatoria,Eastern Equatoria,Lafon,SS0206,4.7076,32.6862,GPS,,True,True,0.0,0.0,0.0,0.0,0.0,0.0,never
55193,Ikwoto Primary Health Care Centre,Primary Health Care Centre,MoH,Eastern Equatoria,Eastern Equatoria,Ikotos,SS0202,4.0797,33.0986,Geonames,,True,True,0.0,0.0,0.0,0.0,0.0,0.0,never
55194,Ilieu Primary Health Care Unit,Primary Health Care Unit,MoH,Eastern Equatoria,Eastern Equatoria,Torit,SS0208,4.5031,32.9753,GPS,,True,True,0.0,0.0,0.0,0.0,0.0,0.0,never
55195,Iloli Primary Health Care Unit,Primary Health Care Unit,MoH,Eastern Equatoria,Eastern Equatoria,Torit,SS0208,4.4368,32.9119,GPS,,True,True,1.0,1.0,0.017,0.0,0.0,0.0,occasional
55196,Imehejek _1 Primary Health Care Centre,Primary Health Care Centre,MoH,Eastern Equatoria,Eastern Equatoria,Lafon,SS0206,4.7818,32.7615,GPS,,True,True,0.0,0.0,0.0,0.0,0.0,0.0,never
55197,Imehejek _2 Primary Health Care Unit,Primary Health Care Unit,MoH,Eastern Equatoria,Eastern Equatoria,Lafon,SS0206,4.7603,32.7605,Geonames,,True,True,0.0,0.0,0.0,0.0,0.0,0.0,never
55198,Imilai Primary Health Care Unit,Primary Health Care Unit,MoH,Eastern Equatoria,Eastern Equatoria,Ikotos,SS0202,4.1674,32.8658,GPS,,True,True,0.0,0.0,0.0,0.0,0.0,0.0,never
55199,Imokoru Primary Health Care Unit,Primary Health Care Unit,MoH,Eastern Equatoria,Eastern Equatoria,Torit,SS0208,4.2035,32.5504,GPS,,True,True,0.0,0.0,0.0,0.0,0.0,0.0,never
55200,Imotong Primary Health Care Centre,Primary Health Care Centre,MoH,Eastern Equatoria,Eastern Equatoria,Ikotos,SS0202,4.171,32.8418,Geonames,,True,True,0.0,0.0,0.0,0.0,0.0,0.0,never
55201,Imuluha Primary Health Care Unit,Primary Health Care Unit,MoH,Eastern Equatoria,Eastern Equatoria,Lafon,SS0206,4.704,32.7761,GPS,,True,True,0.0,0.0,0.0,0.0,0.0,0.0,never
55202,Imurok Primary Health Care Unit,Primary Health Care Unit,MoH,Eastern Equatoria,Eastern Equatoria,Torit,SS0208,4.3152,32.4325,GPS,,True,True,1.0,1.0,0.017,0.0,0.0,0.0,occasional
55203,Isaloro Primary Health Care Unit,Primary Health Care Unit,MoH,Eastern Equatoria,Eastern Equatoria,Torit,SS0208,4.3802,32.485,GPS,,True,True,0.0,0.0,0.0,0.0,0.0,0.0,never
55204,Isore Primary Health Care Unit,Primary Health Care Unit,MoH,Eastern Equatoria,Eastern Equatoria,Torit,SS0208,3.91,32.8,GPS,,True,True,0.0,0.0,0.0,0.0,0.0,0.0,never
55205,Jie Primary Health Care Unit,Primary Health Care Unit,MoH,Eastern Equatoria,Eastern Equatoria,Kapoeta East,SS0203,5.3909,33.6912,GPS,,True,True,0.0,0.0,0.0,0.0,0.0,0.0,never
55206,Kaba / Haba Primary Health Care Unit,Primary Health Care Unit,MoH,Eastern Equatoria,Eastern Equatoria,Lafon,SS0206,4.8378,32.622,GPS,,True,True,0.0,0.0,0.0,0.0,0.0,0.0,never
55207,Kadumakuc Primary Health Care Unit,Primary Health Care Unit,MoH,Eastern Equatoria,Eastern Equatoria,Budi,SS0201,4.2166,33.5999,GPS,,True,True,0.0,0.0,0.0,0.0,0.0,0.0,never
55208,Kalacha Primary Health Care Unit,Primary Health Care Unit,MoH,Eastern Equatoria,Eastern Equatoria,Kapoeta East,SS0203,4.6822,34.1065,GPS,,True,True,4.0,5.0,0.102,0.0,0.0,2.0,occasional
55209,Kalisoni Primary Health Care Unit,Primary Health Care Unit,MoH,Eastern Equatoria,Eastern Equatoria,Magwi,SS0207,4.0308,32.4876,Geonames,,True,True,1.0,2.0,0.088,0.0,0.0,1.0,occasional
55210,Kaludo Primary Health Care Unit,Primary Health Care Unit,MoH,Eastern Equatoria,Eastern Equatoria,Kapoeta East,SS0203,4.7373,34.1,Geonames,,True,True,6.0,11.0,0.107,0.0,0.0,1.0,occasional
55211,Kalupe Primary Health Care Unit,Primary Health Care Unit,MoH,Eastern Equatoria,Eastern Equatoria,Kapoeta East,SS0203,4.7763,33.8044,GPS,,True,True,0.0,0.0,0.0,0.0,0.0,0.0,never
55212,Kapeta Primary Health Care Unit,Primary Health Care Unit,MoH,Eastern Equatoria,Eastern Equatoria,Budi,SS0201,4.3092,33.6425,GPS,,True,True,0.0,0.0,0.0,0.0,0.0,0.0,never
55213,Kapoeta County Hospital,County Hospital,MoH,Eastern Equatoria,Eastern Equatoria,Kapoeta South,SS0205,4.7724,33.5916,GPS,,True,True,2.0,3.0,0.103,0.0,0.0,1.0,occasional
55214,Kapoeta Misson Hospital Primary Health Care Centre,Primary Health Care Centre,FBO/NGO,Eastern Equatoria,Eastern Equatoria,Kapoeta South,SS0205,4.7439,33.6012,GPS,,True,True,0.0,0.0,0.0,0.0,0.0,0.0,never
55215,Kathac Primary Health Care Unit,Primary Health Care Unit,MoH,Eastern Equatoria,Eastern Equatoria,Budi,SS0201,4.228,33.4861,GPS,,True,True,0.0,0.0,0.0,0.0,0.0,0.0,never
55216,Kerepi Primary Health Care Unit,Primary Health Care Unit,MoH,Eastern Equatoria,Eastern Equatoria,Magwi,SS0207,3.9025,31.9248,GPS,,True,True,0.0,0.0,0.0,0.0,0.0,0.0,never
55217,Khomush Primary Health Care Unit,Primary Health Care Unit,MoH,Eastern Equatoria,Eastern Equatoria,Torit,SS0208,4.2158,32.3772,GPS,,True,True,0.0,0.0,0.0,0.0,0.0,0.0,never
55218,Kibak Primary Health Care Unit,Primary Health Care Unit,MoH,Eastern Equatoria,Eastern Equatoria,Kapoeta North,SS0204,4.9956,33.5793,Geonames,,True,True,1.0,2.0,0.035,0.0,0.0,0.0,occasional
55219,Kibogoro Primary Health Care Unit,Primary Health Care Unit,MoH,Eastern Equatoria,Eastern Equatoria,Budi,SS0201,4.4021,33.5218,GPS,,True,True,0.0,0.0,0.0,0.0,0.0,0.0,never
55220,Kicenga Primary Health Care Unit,Primary Health Care Unit,MoH,Eastern Equatoria,Eastern Equatoria,Torit,SS0208,3.8938,32.6546,GPS,,True,True,0.0,0.0,0.0,0.0,0.0,0.0,never
55221,Kichenga Primary Health Care Unit,Primary Health Care Unit,MoH,Eastern Equatoria,Eastern Equatoria,Magwi,SS0207,3.8776,32.6268,GPS,,True,True,0.0,0.0,0.0,0.0,0.0,0.0,never
55222,Kidepo Primary Health Care Unit,Primary Health Care Unit,MoH,Eastern Equatoria,Eastern Equatoria,Budi,SS0201,4.6602,33.1577,GPS,,True,True,4.0,8.0,0.138,0.0,0.0,2.0,occasional
55223,Kikilai Primary Health Care Unit,Primary Health Care Unit,MoH,Eastern Equatoria,Eastern Equatoria,Budi,SS0201,4.1332,33.6022,GPS,,True,True,0.0,0.0,0.0,0.0,0.0,0.0,never
55224,Kimotong Primary Health Care Centre,Primary Health Care Centre,MoH,Eastern Equatoria,Eastern Equatoria,Budi,SS0201,4.6849,33.264,GPS,,True,True,0.0,0.0,0.0,0.0,0.0,0.0,never
55225,Komiri Primary Health Care Centre,Primary Health Care Centre,MoH,Eastern Equatoria,Eastern Equatoria,Budi,SS0201,4.2324,33.4928,GPS,,True,True,0.0,0.0,0.0,0.0,0.0,0.0,never
55226,Kudo Primary Health Care Centre,Primary Health Care Centre,MoH,Eastern Equatoria,Eastern Equatoria,Torit,SS0208,4.5485,32.2278,GPS,,True,True,2.0,2.0,0.017,0.0,0.0,0.0,occasional
55227,Kuji Primary Health Care Unit,Primary Health Care Unit,MoH,Eastern Equatoria,Eastern Equatoria,Lafon,SS0206,4.954,32.4287,Geonames,,True,True,1.0,2.0,0.276,0.0,0.0,1.0,occasional
55228,Kujikor Primary Health Care Unit,Primary Health Care Unit,MoH,Eastern Equatoria,Eastern Equatoria,Lafon,SS0206,4.9568,32.4289,GPS,,True,True,1.0,2.0,0.293,0.0,1.0,1.0,occasional
55229,Kuron Phc Primary Health Care Centre,Primary Health Care Centre,MoH,Eastern Equatoria,Eastern Equatoria,Kapoeta East,SS0203,5.7049,34.565,GPS,,True,True,1.0,1.0,0.034,0.0,0.0,0.0,occasional
55230,Lacharok Primary Health Care Unit,Primary Health Care Unit,MoH,Eastern Equatoria,Eastern Equatoria,Lafon,SS0206,4.8668,32.7017,Geonames,,True,True,0.0,0.0,0.0,0.0,0.0,0.0,never
55231,Lafon _1 Primary Health Care Centre,Primary Health Care Centre,MoH,Eastern Equatoria,Eastern Equatoria,Lafon,SS0206,5.0304,32.4761,GPS,,True,True,1.0,1.0,0.017,0.0,0.0,0.0,occasional
55232,Lagii Primary Health Care Unit,Primary Health Care Unit,MoH,Eastern Equatoria,Eastern Equatoria,Magwi,SS0207,3.97,32.0524,Geonames,,True,True,0.0,0.0,0.0,0.0,0.0,0.0,never
55233,lalanga Primary Health Care Unit,Primary Health Care Unit,MoH,Eastern Equatoria,Eastern Equatoria,Lafon,SS0206,4.5908,32.9032,GPS,,True,True,0.0,0.0,0.0,0.0,0.0,0.0,never
55234,Lalanga Primary Health Care Unit,Primary Health Care Unit,MoH,Eastern Equatoria,Eastern Equatoria,Lafon,SS0206,4.5909,32.9034,GPS,,True,True,0.0,0.0,0.0,0.0,0.0,0.0,never
55235,Langaro Primary Health Care Unit,Primary Health Care Unit,MoH,Eastern Equatoria,Eastern Equatoria,Torit,SS0208,4.4583,32.2992,GPS,,True,True,0.0,0.0,0.0,0.0,0.0,0.0,never
55236,Lauro Primary Health Care Centre,Primary Health Care Centre,MoH,Eastern Equatoria,Eastern Equatoria,Budi,SS0201,4.3399,33.6746,GPS,,True,True,0.0,0.0,0.0,0.0,0.0,0.0,never
55237,Lawaci Primary Health Care Unit,Primary Health Care Unit,MoH,Eastern Equatoria,Eastern Equatoria,Magwi,SS0207,3.8718,32.4794,Geonames,,True,True,1.0,2.0,0.017,0.0,0.0,1.0,occasional
55238,Lelang / Ohilang Primary Health Care Unit,Primary Health Care Unit,MoH,Eastern Equatoria,Eastern Equatoria,Lafon,SS0206,4.6745,32.7807,GPS,,True,True,0.0,0.0,0.0,0.0,0.0,0.0,never
55239,Lerwa Primary Health Care Unit,Primary Health Care Unit,MoH,Eastern Equatoria,Eastern Equatoria,Magwi,SS0207,3.8597,32.484,GPS,,True,True,0.0,0.0,0.0,0.0,0.0,0.0,never
55240,Loa Mission Primary Health Care Centre,Primary Health Care Centre,FBO/NGO,Eastern Equatoria,Eastern Equatoria,Magwi,SS0207,3.8062,31.9621,Geonames,,True,True,0.0,0.0,0.0,0.0,0.0,0.0,never
55241,Loa Primary Health Care Unit,Primary Health Care Unit,MoH,Eastern Equatoria,Eastern Equatoria,Magwi,SS0207,3.7977,31.9824,GPS,,True,True,0.0,0.0,0.0,0.0,0.0,0.0,never
55242,Lobira Primary Health Care Unit,Primary Health Care Unit,MoH,Eastern Equatoria,Eastern Equatoria,Ikotos,SS0202,4.3964,33.0607,GPS,,True,True,1.0,1.0,0.017,0.0,0.0,0.0,occasional
55243,Lobone Primary Health Care Centre,Primary Health Care Centre,MoH,Eastern Equatoria,Eastern Equatoria,Magwi,SS0207,3.7979,32.7613,GPS,,True,True,0.0,0.0,0.0,0.0,0.0,0.0,never
55244,Loboya Primary Health Care Unit,Primary Health Care Unit,MoH,Eastern Equatoria,Eastern Equatoria,Ikotos,SS0202,4.0546,32.974,GPS,,True,True,0.0,0.0,0.0,0.0,0.0,0.0,never
55245,Lobwaya Primary Health Care Unit,Primary Health Care Unit,MoH,Eastern Equatoria,Eastern Equatoria,Ikotos,SS0202,4.0503,32.9776,GPS,,True,True,0.0,0.0,0.0,0.0,0.0,0.0,never
55246,Locharok Primary Health Care Unit,Primary Health Care Unit,MoH,Eastern Equatoria,Eastern Equatoria,Lafon,SS0206,4.867,32.7019,GPS,,True,True,0.0,0.0,0.0,0.0,0.0,0.0,never
55247,Lodurumo Primary Health Care Unit,Primary Health Care Unit,MoH,Eastern Equatoria,Eastern Equatoria,Ikotos,SS0202,4.2242,33.1945,Geonames,,True,True,0.0,0.0,0.0,0.0,0.0,0.0,never
55248,Lodwara Primary Health Care Unit,Primary Health Care Unit,MoH,Eastern Equatoria,Eastern Equatoria,Ikotos,SS0202,4.1942,33.2061,GPS,,True,True,0.0,0.0,0.0,0.0,0.0,0.0,never
55249,Lofi Primary Health Care Centre,Primary Health Care Centre,MoH,Eastern Equatoria,Eastern Equatoria,Ikotos,SS0202,4.2281,32.9852,GPS,,True,True,0.0,0.0,0.0,0.0,0.0,0.0,never
55250,Lofiri Primary Health Care Unit,Primary Health Care Unit,MoH,Eastern Equatoria,Eastern Equatoria,Torit,SS0208,4.504,32.3485,GPS,,True,True,0.0,0.0,0.0,0.0,0.0,0.0,never
55251,Lofulung Primary Health Care Unit,Primary Health Care Unit,MoH,Eastern Equatoria,Eastern Equatoria,Ikotos,SS0202,3.8024,33.4329,Geonames,,True,True,0.0,0.0,0.0,0.0,0.0,0.0,never
55252,Loganawati Primary Health Care Unit,Primary Health Care Unit,MoH,Eastern Equatoria,Eastern Equatoria,Lafon,SS0206,4.8414,32.6909,GPS,,True,True,0.0,0.0,0.0,0.0,0.0,0.0,never
55253,Logire Hutuk Hingya (Kapoeta) Primary Health Care Unit,Primary Health Care Unit,MoH,Eastern Equatoria,Eastern Equatoria,Kapoeta East,SS0203,4.7039,33.9115,Geonames,,True,True,1.0,1.0,0.017,0.0,0.0,0.0,occasional
55254,Logire Hutuk Hingya _Ikotos Primary Health Care Unit,Primary Health Care Unit,MoH,Eastern Equatoria,Eastern Equatoria,Ikotos,SS0202,4.015,33.0211,Geonames,,True,True,0.0,0.0,0.0,0.0,0.0,0.0,never
55255,Lohidele Primary Health Care Unit,Primary Health Care Unit,MoH,Eastern Equatoria,Eastern Equatoria,Budi,SS0201,4.3798,33.3844,Geonames,,True,True,1.0,1.0,0.083,0.0,0.0,0.0,occasional
55256,Lohotuk Aic Primary Health Care Centre,Primary Health Care Centre,MoH,Eastern Equatoria,Eastern Equatoria,Lafon,SS0206,4.6424,32.8562,GPS,,True,True,0.0,0.0,0.0,0.0,0.0,0.0,never
55257,Lojiong Primary Health Care Unit,Primary Health Care Unit,MoH,Eastern Equatoria,Eastern Equatoria,Budi,SS0201,4.2867,33.432,GPS,,True,True,0.0,0.0,0.0,0.0,0.0,0.0,never
55258,Lokidele Primary Health Care Centre,Primary Health Care Centre,MoH,Eastern Equatoria,Eastern Equatoria,Budi,SS0201,4.2246,33.5529,GPS,,True,True,0.0,0.0,0.0,0.0,0.0,0.0,never
55259,Lokoges Primary Health Care Unit,Primary Health Care Unit,MoH,Eastern Equatoria,Eastern Equatoria,Kapoeta North,SS0204,5.1931,33.4998,Geonames,,True,True,2.0,3.0,0.069,0.0,0.0,1.0,occasional
55260,Lokwamor Primary Health Care Unit,Primary Health Care Unit,MoH,Eastern Equatoria,Eastern Equatoria,Kapoeta North,SS0204,4.8616,33.4822,GPS,,True,True,1.0,1.0,0.15,0.0,0.0,1.0,occasional
55261,Lolere Primary Health Care Unit,Primary Health Care Unit,MoH,Eastern Equatoria,Eastern Equatoria,Torit,SS0208,4.4351,32.4806,GPS,,True,True,1.0,1.0,0.017,0.0,0.0,0.0,occasional
55262,Lomariti Primary Health Care Unit,Primary Health Care Unit,MoH,Eastern Equatoria,Eastern Equatoria,Torit,SS0208,3.88,32.72,GPS,,True,True,0.0,0.0,0.0,0.0,0.0,0.0,never
55263,Lomeyan North Primary Health Care Unit,Primary Health Care Unit,MoH,Eastern Equatoria,Eastern Equatoria,Kapoeta North,SS0204,4.9077,33.451,GPS,,True,True,0.0,0.0,0.0,0.0,0.0,0.0,never
55264,Loming Primary Health Care Unit,Primary Health Care Unit,MoH,Eastern Equatoria,Eastern Equatoria,Budi,SS0201,4.3651,33.6721,GPS,,True,True,0.0,0.0,0.0,0.0,0.0,0.0,never
55265,Loming Primary Health Care Unit,Primary Health Care Unit,MoH,Eastern Equatoria,Eastern Equatoria,Lafon,SS0206,4.5228,32.9299,GPS,,True,True,0.0,0.0,0.0,0.0,0.0,0.0,never
55266,lomwoo Primary Health Care Unit,Primary Health Care Unit,MoH,Eastern Equatoria,Eastern Equatoria,Ikotos,SS0202,4.0844,32.9354,GPS,,True,True,0.0,0.0,0.0,0.0,0.0,0.0,never
55267,Lomwoo Primary Health Care Unit,Primary Health Care Unit,MoH,Eastern Equatoria,Eastern Equatoria,Ikotos,SS0202,4.0844,32.9354,GPS,,True,True,0.0,0.0,0.0,0.0,0.0,0.0,never
55268,Longario Primary Health Care Unit,Primary Health Care Unit,MoH,Eastern Equatoria,Eastern Equatoria,Ikotos,SS0202,3.8308,33.5663,GPS,,True,True,0.0,0.0,0.0,0.0,0.0,0.0,never
55269,Longeleya Primary Health Care Unit,Primary Health Care Unit,MoH,Eastern Equatoria,Eastern Equatoria,Kapoeta South,SS0205,4.7631,33.5935,Geonames,,True,True,3.0,5.0,0.086,0.0,0.0,1.0,occasional
55270,Longiro Primary Health Care Unit,Primary Health Care Unit,MoH,Eastern Equatoria,Eastern Equatoria,Lafon,SS0206,4.7889,32.6278,GPS,,True,True,0.0,0.0,0.0,0.0,0.0,0.0,never
55271,Longiro Primary Health Care Unit,Primary Health Care Unit,MoH,Eastern Equatoria,Eastern Equatoria,Lafon,SS0206,4.8973,32.6027,GPS,,True,True,1.0,2.0,0.083,0.0,0.0,0.0,occasional
55272,longnawati Primary Health Care Unit,Primary Health Care Unit,MoH,Eastern Equatoria,Eastern Equatoria,Lafon,SS0206,4.8388,32.6896,Geonames,,True,True,0.0,0.0,0.0,0.0,0.0,0.0,never
55273,Longu Primary Health Care Unit,Primary Health Care Unit,MoH,Eastern Equatoria,Eastern Equatoria,Magwi,SS0207,3.5665,32.1325,GPS,,True,True,0.0,0.0,0.0,0.0,0.0,0.0,never
55274,Loolim Primary Health Care Unit,Primary Health Care Unit,MoH,Eastern Equatoria,Eastern Equatoria,Kapoeta East,SS0203,4.5879,34.045,GPS,,True,True,2.0,3.0,0.033,0.0,0.0,1.0,occasional
55275,Lopetet Primary Health Care Unit,Primary Health Care Unit,MoH,Eastern Equatoria,Eastern Equatoria,Kapoeta North,SS0204,5.012,33.5144,Geonames,,True,True,1.0,1.0,0.103,0.0,0.0,0.0,occasional
55276,Lopus Primary Health Care Unit,Primary Health Care Unit,MoH,Eastern Equatoria,Eastern Equatoria,Ikotos,SS0202,3.8041,33.4344,GPS,,True,True,0.0,0.0,0.0,0.0,0.0,0.0,never
55277,Lorema Primary Health Care Centre,Primary Health Care Centre,MoH,Eastern Equatoria,Eastern Equatoria,Budi,SS0201,4.1606,33.6607,GPS,,True,True,0.0,0.0,0.0,0.0,0.0,0.0,never
55278,Lorima Primary Health Care Centre,Primary Health Care Centre,MoH,Eastern Equatoria,Eastern Equatoria,Ikotos,SS0202,4.0647,33.157,GPS,,True,True,0.0,0.0,0.0,0.0,0.0,0.0,never
55279,Loriyok Primary Health Care Unit,Primary Health Care Unit,MoH,Eastern Equatoria,Eastern Equatoria,Budi,SS0201,4.5192,33.3231,GPS,,True,True,0.0,0.0,0.0,0.0,0.0,0.0,never
55280,Loronyo Primary Health Care Unit,Primary Health Care Unit,MoH,Eastern Equatoria,Eastern Equatoria,Torit,SS0208,4.6494,32.6454,GPS,,True,True,0.0,0.0,0.0,0.0,0.0,0.0,never
55281,Lotimor Primary Health Care Unit,Primary Health Care Unit,MoH,Eastern Equatoria,Eastern Equatoria,Kapoeta East,SS0203,5.31,35.0749,GPS,,True,True,4.0,4.0,0.125,0.0,0.0,1.0,occasional
55282,Lotome Primary Health Care Unit,Primary Health Care Unit,MoH,Eastern Equatoria,Eastern Equatoria,Ikotos,SS0202,3.9749,33.45,GPS,,True,True,0.0,0.0,0.0,0.0,0.0,0.0,never
55283,Loulang Primary Health Care Unit,Primary Health Care Unit,MoH,Eastern Equatoria,Eastern Equatoria,Torit,SS0208,4.2404,32.3769,Geonames,,True,True,0.0,0.0,0.0,0.0,0.0,0.0,never
55284,Lowoa Mission CDOT Primary Health Care Centre,Primary Health Care Centre,FBO/NGO,Eastern Equatoria,Eastern Equatoria,Magwi,SS0207,3.8073,31.9621,Geonames,,True,True,0.0,0.0,0.0,0.0,0.0,0.0,never
55285,Lowoi Primary Health Care Centre,Primary Health Care Centre,MoH,Eastern Equatoria,Eastern Equatoria,Torit,SS0208,4.4899,32.1676,Geonames,,True,True,0.0,0.0,0.0,0.0,0.0,0.0,never
55286,Lowoyakali Primary Health Care Unit,Primary Health Care Unit,MoH,Eastern Equatoria,Eastern Equatoria,Kapoeta East,SS0203,4.6782,33.8159,GPS,,True,True,1.0,2.0,0.033,0.0,0.0,1.0,occasional
55287,Lwala Primary Health Care Unit,Primary Health Care Unit,MoH,Eastern Equatoria,Eastern Equatoria,Lafon,SS0206,4.8075,32.477,Geonames,,True,True,1.0,2.0,0.034,0.0,0.0,1.0,occasional
55288,Magwi CDOT Primary Health Care Unit,Primary Health Care Unit,MoH,Eastern Equatoria,Eastern Equatoria,Magwi,SS0207,4.1229,32.3043,GPS,,True,True,0.0,0.0,0.0,0.0,0.0,0.0,never
55289,Magwi Dot Primary Health Care Centre,Primary Health Care Centre,MoH,Eastern Equatoria,Eastern Equatoria,Magwi,SS0207,4.1229,32.3043,GPS,,True,True,0.0,0.0,0.0,0.0,0.0,0.0,never
55290,Magwi Primary Health Care Centre,Primary Health Care Centre,MoH,Eastern Equatoria,Eastern Equatoria,Magwi,SS0207,4.1357,32.3009,Geonames,,True,True,1.0,1.0,0.136,0.0,0.0,0.0,occasional
55291,Maji Primary Health Care Unit,Primary Health Care Unit,MoH,Eastern Equatoria,Eastern Equatoria,Magwi,SS0207,4.0907,32.2087,GPS,,True,True,0.0,0.0,0.0,0.0,0.0,0.0,never
55292,Malaya Primary Health Care Unit,Primary Health Care Unit,MoH,Eastern Equatoria,Eastern Equatoria,Torit,SS0208,4.41,32.5721,Geonames,,True,True,0.0,0.0,0.0,0.0,0.0,0.0,never
55293,Malnyang Primary Health Care Unit,Primary Health Care Unit,MoH,Eastern Equatoria,Eastern Equatoria,Lafon,SS0206,5.043,32.3914,GPS,,True,True,1.0,1.0,0.034,0.0,0.0,0.0,occasional
55294,Mangalla Primary Health Care Unit,Primary Health Care Unit,MoH,Eastern Equatoria,Eastern Equatoria,Ikotos,SS0202,4.2609,33.1878,GPS,,True,True,0.0,0.0,0.0,0.0,0.0,0.0,never
55295,Masindi Primary Health Care Unit,Primary Health Care Unit,MoH,Eastern Equatoria,Eastern Equatoria,Magwi,SS0207,3.5899,32.1775,GPS,,True,True,1.0,1.0,0.018,0.0,0.0,0.0,occasional
55296,Mogos Primary Health Care Unit,Primary Health Care Unit,MoH,Eastern Equatoria,Eastern Equatoria,Kapoeta North,SS0204,5.2675,33.7712,Geonames,,True,True,1.0,1.0,0.017,0.0,0.0,0.0,occasional
55297,Mogosa Primary Health Care Centre,Primary Health Care Centre,MoH,Eastern Equatoria,Eastern Equatoria,Kapoeta East,SS0203,5.1248,33.7906,Geonames,,True,True,0.0,0.0,0.0,0.0,0.0,0.0,never
55298,Moli Primary Health Care Centre,Primary Health Care Centre,MoH,Eastern Equatoria,Eastern Equatoria,Magwi,SS0207,4.0308,31.9546,Geonames,,True,True,0.0,0.0,0.0,0.0,0.0,0.0,never
55299,Moliadro Primary Health Care Unit,Primary Health Care Unit,MoH,Eastern Equatoria,Eastern Equatoria,Magwi,SS0207,3.988,31.8685,GPS,,True,True,2.0,3.0,0.086,0.0,0.0,1.0,occasional
55300,Momoria Primary Health Care Unit,Primary Health Care Unit,MoH,Eastern Equatoria,Eastern Equatoria,Ikotos,SS0202,4.1123,33.0853,GPS,,True,True,0.0,0.0,0.0,0.0,0.0,0.0,never
55301,Mossigo Primary Health Care Unit,Primary Health Care Unit,MoH,Eastern Equatoria,Eastern Equatoria,Kapoeta North,SS0204,5.2675,33.7712,Geonames,,True,True,1.0,1.0,0.017,0.0,0.0,0.0,occasional
55302,Moti Primary Health Care Unit,Primary Health Care Unit,MoH,Eastern Equatoria,Eastern Equatoria,Torit,SS0208,4.334,32.5483,Geonames,,True,True,0.0,0.0,0.0,0.0,0.0,0.0,never
55303,Mugali Ii Primary Health Care Centre,Primary Health Care Centre,MoH,Eastern Equatoria,Eastern Equatoria,Magwi,SS0207,3.5665,32.1972,Geonames,,True,True,2.0,2.0,0.017,0.0,0.0,1.0,occasional
55304,Mugali Primary Health Care Unit,Primary Health Care Unit,MoH,Eastern Equatoria,Eastern Equatoria,Magwi,SS0207,3.5667,32.1976,Geonames,,True,True,2.0,2.0,0.018,0.0,0.0,1.0,occasional
55305,Muhatiga Primary Health Care Unit,Primary Health Care Unit,MoH,Eastern Equatoria,Eastern Equatoria,Torit,SS0208,4.5103,32.7844,GPS,,True,True,0.0,0.0,0.0,0.0,0.0,0.0,never
55306,Mura Lopit Primary Health Care Unit,Primary Health Care Unit,MoH,Eastern Equatoria,Eastern Equatoria,Lafon,SS0206,4.7948,32.725,GPS,,True,True,0.0,0.0,0.0,0.0,0.0,0.0,never
55307,Mura Lopit Primary Health Care Unit,Primary Health Care Unit,MoH,Eastern Equatoria,Eastern Equatoria,Lafon,SS0206,4.7948,32.725,GPS,,True,True,0.0,0.0,0.0,0.0,0.0,0.0,never
55308,Mura-Hatiha Primary Health Care Unit,Primary Health Care Unit,MoH,Eastern Equatoria,Eastern Equatoria,Torit,SS0208,4.5103,32.7844,GPS,,True,True,0.0,0.0,0.0,0.0,0.0,0.0,never
55309,Mutebwa Primary Health Care Unit,Primary Health Care Unit,MoH,Eastern Equatoria,Eastern Equatoria,Magwi,SS0207,3.5667,32.1976,Geonames,,True,True,2.0,2.0,0.018,0.0,0.0,1.0,occasional
55310,Nachilagur Primary Health Care Unit,Primary Health Care Unit,MoH,Eastern Equatoria,Eastern Equatoria,Kapoeta South,SS0205,4.6993,33.5662,Geonames,,True,True,2.0,2.0,0.017,0.0,0.0,1.0,occasional
55311,Nachukut Primary Health Care Unit,Primary Health Care Unit,MoH,Eastern Equatoria,Eastern Equatoria,Kapoeta East,SS0203,4.9097,33.9649,Geonames,,True,True,0.0,0.0,0.0,0.0,0.0,0.0,never
55312,Nadapal Primary Health Care Unit,Primary Health Care Unit,MoH,Eastern Equatoria,Eastern Equatoria,Kapoeta East,SS0203,4.4487,34.1845,GPS,,True,True,3.0,3.0,0.117,0.0,0.0,1.0,occasional
55313,Nagishot Primary Health Care Unit,Primary Health Care Unit,MoH,Eastern Equatoria,Eastern Equatoria,Budi,SS0201,4.2673,33.5663,GPS,,True,True,0.0,0.0,0.0,0.0,0.0,0.0,never
55314,Nakoringole Primary Health Care Unit,Primary Health Care Unit,MoH,Eastern Equatoria,Eastern Equatoria,Ikotos,SS0202,3.863,33.4763,GPS,,True,True,0.0,0.0,0.0,0.0,0.0,0.0,never
55315,Nakwa Khor Komuge Primary Health Care Unit,Primary Health Care Unit,MoH,Eastern Equatoria,Eastern Equatoria,Kapoeta North,SS0204,5.0672,33.5535,GPS,,True,True,1.0,2.0,0.102,0.0,0.0,1.0,occasional
55317,Naliel Primary Health Care Unit,Primary Health Care Unit,MoH,Eastern Equatoria,Eastern Equatoria,Kapoeta East,SS0203,4.8233,34.2201,GPS,,True,True,1.0,1.0,0.017,0.0,0.0,0.0,occasional
55318,Nalingaro Primary Health Care Unit,Primary Health Care Unit,MoH,Eastern Equatoria,Eastern Equatoria,Budi,SS0201,4.1604,33.6395,GPS,,True,True,0.0,0.0,0.0,0.0,0.0,0.0,never
55319,Nalingaro Primary Health Care Unit,Primary Health Care Unit,MoH,Eastern Equatoria,Eastern Equatoria,Kapoeta South,SS0205,4.7214,33.6211,GPS,,True,True,0.0,0.0,0.0,0.0,0.0,0.0,never
55320,Naminitoit Primary Health Care Unit,Primary Health Care Unit,MoH,Eastern Equatoria,Eastern Equatoria,Kapoeta North,SS0204,5.2012,33.5142,Geonames,,True,True,4.0,4.0,0.067,0.0,0.0,2.0,occasional
55321,Namonichek Primary Health Care Unit,Primary Health Care Unit,MoH,Eastern Equatoria,Eastern Equatoria,Kapoeta North,SS0204,5.2795,33.3924,Geonames,,True,True,5.0,7.0,0.293,0.0,1.0,3.0,occasional
55322,Namoroyang Primary Health Care Unit,Primary Health Care Unit,MoH,Eastern Equatoria,Eastern Equatoria,Kapoeta South,SS0205,4.6259,33.6568,GPS,,True,True,1.0,1.0,0.017,0.0,0.0,1.0,occasional
55323,Namorupus Primary Health Care Unit,Primary Health Care Unit,MoH,Eastern Equatoria,Eastern Equatoria,Kapoeta East,SS0203,5.4708,34.647,GPS,,True,True,0.0,0.0,0.0,0.0,0.0,0.0,never
55324,Nanyangachor Primary Health Care Unit,Primary Health Care Unit,MoH,Eastern Equatoria,Eastern Equatoria,Kapoeta East,SS0203,5.49,34.81,Geonames,,True,True,0.0,0.0,0.0,0.0,0.0,0.0,never
55325,Napep Primary Health Care Unit,Primary Health Care Unit,MoH,Eastern Equatoria,Eastern Equatoria,Budi,SS0201,4.3524,33.5492,GPS,,True,True,0.0,0.0,0.0,0.0,0.0,0.0,never
55326,Napotpot (Loburi) Primary Health Care Unit,Primary Health Care Unit,MoH,Eastern Equatoria,Eastern Equatoria,Kapoeta East,SS0203,4.6267,33.8991,GPS,,True,True,0.0,0.0,0.0,0.0,0.0,0.0,never
55327,Narus Dot Primary Health Care Centre,Primary Health Care Centre,MoH,Eastern Equatoria,Eastern Equatoria,Kapoeta East,SS0203,4.5048,34.1701,GPS,,True,True,3.0,4.0,0.033,0.0,0.0,0.0,occasional
55328,Nasigirate Primary Health Care Unit,Primary Health Care Unit,MoH,Eastern Equatoria,Eastern Equatoria,Kapoeta East,SS0203,4.9753,33.6991,Geonames,,True,True,0.0,0.0,0.0,0.0,0.0,0.0,never
55329,Nathilani Primary Health Care Unit,Primary Health Care Unit,MoH,Eastern Equatoria,Eastern Equatoria,Budi,SS0201,4.3345,33.6791,Geonames,,True,True,0.0,0.0,0.0,0.0,0.0,0.0,never
55330,Natinga Primary Health Care Unit,Primary Health Care Unit,MoH,Eastern Equatoria,Eastern Equatoria,Kapoeta East,SS0203,4.1961,33.9454,GPS,,True,True,0.0,0.0,0.0,0.0,0.0,0.0,never
55331,National Health Insurance Fund Primary Health Care Unit,Primary Health Care Unit,MoH,Eastern Equatoria,Eastern Equatoria,Torit,SS0208,4.4186,32.5447,Geonames,,True,True,0.0,0.0,0.0,0.0,0.0,0.0,never
55332,New Cush Primary Health Care Unit,Primary Health Care Unit,MoH,Eastern Equatoria,Eastern Equatoria,Budi,SS0201,4.1059,33.8418,GPS,,True,True,0.0,0.0,0.0,0.0,0.0,0.0,never
55333,New Site Wodran Primary Health Care Centre,Primary Health Care Centre,MoH,Eastern Equatoria,Eastern Equatoria,Kapoeta East,SS0203,4.2504,34.0015,Geonames,,True,True,1.0,1.0,0.017,0.0,0.0,0.0,occasional
55334,Ngaluma Primary Health Care Unit,Primary Health Care Unit,MoH,Eastern Equatoria,Eastern Equatoria,Ikotos,SS0202,3.9797,33.0067,GPS,,True,True,0.0,0.0,0.0,0.0,0.0,0.0,never
55335,Ngaluma Primary Health Care Unit,Primary Health Care Unit,MoH,Eastern Equatoria,Eastern Equatoria,Ikotos,SS0202,3.9799,33.067,GPS,,True,True,2.0,2.0,0.034,0.0,0.0,2.0,occasional
55336,Ngatuba Primary Health Care Unit,Primary Health Care Unit,MoH,Eastern Equatoria,Eastern Equatoria,Budi,SS0201,4.2567,33.6992,GPS,,True,True,0.0,0.0,0.0,0.0,0.0,0.0,never
55337,Nimule Cdot Primary Health Care Centre,Primary Health Care Centre,MoH,Eastern Equatoria,Eastern Equatoria,Magwi,SS0207,3.585,32.0862,GPS,,True,True,0.0,0.0,0.0,0.0,0.0,0.0,never
55338,Nimule County Hospital,County Hospital,MoH,Eastern Equatoria,Eastern Equatoria,Magwi,SS0207,3.6003,32.0567,GPS,,True,True,0.0,0.0,0.0,0.0,0.0,0.0,never
55339,Normeca State Hospital,State Hospital,MoH,Eastern Equatoria,Eastern Equatoria,Kapoeta South,SS0205,4.725,33.5315,GPS,,True,True,2.0,2.0,0.071,0.0,0.0,1.0,occasional
55340,Npa Chukudum County Hospital,County Hospital,MoH,Eastern Equatoria,Eastern Equatoria,Budi,SS0201,4.2561,33.4561,GPS,,True,True,0.0,0.0,0.0,0.0,0.0,0.0,never
55341,Nyaciga Jun. Offi. Military Academy (Njoma) Primary Health Care Centre,Primary Health Care Centre,MoH,Eastern Equatoria,Eastern Equatoria,Magwi,SS0207,3.8404,32.2517,GPS,,True,True,2.0,3.0,0.119,0.0,0.0,1.0,occasional
55342,Nyidida Primary Health Care Unit,Primary Health Care Unit,MoH,Eastern Equatoria,Eastern Equatoria,Lafon,SS0206,5.102,32.4686,Geonames,,True,True,4.0,10.0,0.175,0.0,0.0,2.0,occasional
55343,Nyong Primary Health Care Unit,Primary Health Care Unit,MoH,Eastern Equatoria,Eastern Equatoria,Torit,SS0208,4.4185,32.5447,Geonames,,True,True,0.0,0.0,0.0,0.0,0.0,0.0,never
55344,Obbo Primary Health Care Centre,Primary Health Care Centre,MoH,Eastern Equatoria,Eastern Equatoria,Magwi,SS0207,4.0446,32.4242,GPS,,True,True,0.0,0.0,0.0,0.0,0.0,0.0,never
55345,Offi _Kudo Primary Health Care Unit,Primary Health Care Unit,MoH,Eastern Equatoria,Eastern Equatoria,Torit,SS0208,4.5022,32.5838,Geonames,,True,True,2.0,3.0,0.034,0.0,0.0,0.0,occasional
55346,Offi Longelwa Primary Health Care Unit,Primary Health Care Unit,MoH,Eastern Equatoria,Eastern Equatoria,Magwi,SS0207,3.8404,32.2517,GPS,,True,True,2.0,3.0,0.119,0.0,0.0,1.0,occasional
55349,Offiriha Torit _Ikotos Primary Health Care Unit,Primary Health Care Unit,MoH,Eastern Equatoria,Eastern Equatoria,Ikotos,SS0202,4.2801,33.0697,Geonames,,True,True,0.0,0.0,0.0,0.0,0.0,0.0,never
55350,Offiriha Torit Primary Health Care Unit,Primary Health Care Unit,MoH,Eastern Equatoria,Eastern Equatoria,Torit,SS0208,4.4217,32.6441,Geonames,,True,True,0.0,0.0,0.0,0.0,0.0,0.0,never
55351,Ofiri Primary Health Care Unit,Primary Health Care Unit,MoH,Eastern Equatoria,Eastern Equatoria,Ikotos,SS0202,4.1397,33.0572,Geonames,,True,True,2.0,2.0,0.034,0.0,0.0,1.0,occasional
55352,Ofirika Primary Health Care Unit,Primary Health Care Unit,MoH,Eastern Equatoria,Eastern Equatoria,Magwi,SS0207,4.1995,32.1934,GPS,,True,True,0.0,0.0,0.0,0.0,0.0,0.0,never
55353,Ogire Primary Health Care Unit,Primary Health Care Unit,MoH,Eastern Equatoria,Eastern Equatoria,Torit,SS0208,4.3596,32.5513,GPS,,True,True,0.0,0.0,0.0,0.0,0.0,0.0,never
55354,Ogurung Primary Health Care Unit,Primary Health Care Unit,MoH,Eastern Equatoria,Eastern Equatoria,Torit,SS0208,4.3959,32.9032,GPS,,True,True,0.0,0.0,0.0,0.0,0.0,0.0,never
55355,Ohila Primary Health Care Unit,Primary Health Care Unit,MoH,Eastern Equatoria,Eastern Equatoria,Torit,SS0208,4.6547,32.4814,GPS,,True,True,1.0,1.0,0.017,0.0,0.0,1.0,occasional
55356,Ohila Primary Health Care Unit,Primary Health Care Unit,MoH,Eastern Equatoria,Eastern Equatoria,Torit,SS0208,4.6547,32.4814,GPS,,True,True,1.0,1.0,0.017,0.0,0.0,1.0,occasional
55357,Ohiri Primary Health Care Unit,Primary Health Care Unit,MoH,Eastern Equatoria,Eastern Equatoria,Torit,SS0208,4.7308,32.5104,GPS,,True,True,2.0,2.0,0.107,0.0,0.0,1.0,occasional
55358,Okorohore Primary Health Care Centre,Primary Health Care Centre,MoH,Eastern Equatoria,Eastern Equatoria,Ikotos,SS0202,4.1572,33.1696,GPS,,True,True,0.0,0.0,0.0,0.0,0.0,0.0,never
55359,Olianga Primary Health Care Unit,Primary Health Care Unit,MoH,Eastern Equatoria,Eastern Equatoria,Torit,SS0208,4.3416,32.9213,GPS,,True,True,1.0,1.0,0.052,0.0,0.0,1.0,occasional
55360,Olikwi Primary Health Care Unit,Primary Health Care Unit,MoH,Eastern Equatoria,Eastern Equatoria,Magwi,SS0207,3.5709,32.0791,GPS,,True,True,0.0,0.0,0.0,0.0,0.0,0.0,never
55361,Omeo Primary Health Care Unit,Primary Health Care Unit,MoH,Eastern Equatoria,Eastern Equatoria,Magwi,SS0207,4.2099,32.2477,GPS,,True,True,0.0,0.0,0.0,0.0,0.0,0.0,never
55362,Ongelet Primary Health Care Unit,Primary Health Care Unit,MoH,Eastern Equatoria,Eastern Equatoria,Torit,SS0208,4.6092,32.6768,GPS,,True,True,1.0,1.0,0.017,0.0,0.0,0.0,occasional
55363,Opari 1 Primary Health Care Centre,Primary Health Care Centre,MoH,Eastern Equatoria,Eastern Equatoria,Magwi,SS0207,3.9234,32.0675,Geonames,,True,True,0.0,0.0,0.0,0.0,0.0,0.0,never
55364,Oriaju Primary Health Care Unit,Primary Health Care Unit,MoH,Eastern Equatoria,Eastern Equatoria,Torit,SS0208,4.5717,32.7278,GPS,,True,True,1.0,1.0,0.082,0.0,0.0,0.0,occasional
55365,Orobe Primary Health Care Unit,Primary Health Care Unit,MoH,Eastern Equatoria,Eastern Equatoria,Magwi,SS0207,3.8573,31.9584,Geonames,,True,True,0.0,0.0,0.0,0.0,0.0,0.0,never
55367,Osito Primary Health Care Unit,Primary Health Care Unit,MoH,Eastern Equatoria,Eastern Equatoria,Torit,SS0208,4.5542,32.4878,GPS,,True,True,0.0,0.0,0.0,0.0,0.0,0.0,never
55368,Otose Primary Health Care Unit,Primary Health Care Unit,MoH,Eastern Equatoria,Eastern Equatoria,Torit,SS0208,4.2742,32.3847,GPS,,True,True,0.0,0.0,0.0,0.0,0.0,0.0,never
55369,Owinykibul Primary Health Care Unit,Primary Health Care Unit,MoH,Eastern Equatoria,Eastern Equatoria,Magwi,SS0207,3.8411,32.2657,GPS,,True,True,1.0,1.0,0.017,0.0,0.0,1.0,occasional
55370,Owinykibul Primary Health Care Unit,Primary Health Care Unit,MoH,Eastern Equatoria,Eastern Equatoria,Magwi,SS0207,3.8411,32.2657,GPS,,True,True,1.0,1.0,0.017,0.0,0.0,1.0,occasional
55371,Pachidi Primary Health Care Unit,Primary Health Care Unit,MoH,Eastern Equatoria,Eastern Equatoria,Lafon,SS0206,4.8057,32.4766,GPS,,True,True,1.0,2.0,0.034,0.0,0.0,0.0,occasional
55372,Pageri Primary Health Care Unit,Primary Health Care Unit,MoH,Eastern Equatoria,Eastern Equatoria,Magwi,SS0207,3.8673,31.9572,Geonames,,True,True,0.0,0.0,0.0,0.0,0.0,0.0,never
55373,Pajok Primary Health Care Centre,Primary Health Care Centre,MoH,Eastern Equatoria,Eastern Equatoria,Magwi,SS0207,3.8597,32.4839,Geonames,,True,True,0.0,0.0,0.0,0.0,0.0,0.0,never
55374,Palonganyi Primary Health Care Unit,Primary Health Care Unit,MoH,Eastern Equatoria,Eastern Equatoria,Magwi,SS0207,4.1271,32.3166,GPS,,True,True,0.0,0.0,0.0,0.0,0.0,0.0,never
55375,Palotaka Primary Health Care Unit,Primary Health Care Unit,MoH,Eastern Equatoria,Eastern Equatoria,Magwi,SS0207,4.023,32.472,GPS,,True,True,0.0,0.0,0.0,0.0,0.0,0.0,never
55376,Palwar Primary Health Care Unit,Primary Health Care Unit,MoH,Eastern Equatoria,Eastern Equatoria,Magwi,SS0207,3.9175,32.598,GPS,,True,True,0.0,0.0,0.0,0.0,0.0,0.0,never
55377,Panyakwawa Primary Health Care Centre,Primary Health Care Centre,MoH,Eastern Equatoria,Eastern Equatoria,Magwi,SS0207,4.0825,32.1788,GPS,,True,True,0.0,0.0,0.0,0.0,0.0,0.0,never
55378,Pareri Primary Health Care Centre,Primary Health Care Centre,MoH,Eastern Equatoria,Eastern Equatoria,Magwi,SS0207,3.8566,31.9605,Geonames,,True,True,0.0,0.0,0.0,0.0,0.0,0.0,never
55379,Paringa Primary Health Care Unit,Primary Health Care Unit,MoH,Eastern Equatoria,Eastern Equatoria,Kapoeta North,SS0204,4.8478,33.5633,GPS,,True,True,0.0,0.0,0.0,0.0,0.0,0.0,never
55380,Patibi Primary Health Care Unit,Primary Health Care Unit,MoH,Eastern Equatoria,Eastern Equatoria,Magwi,SS0207,3.8805,32.0191,GPS,,True,True,1.0,1.0,0.017,0.0,0.0,0.0,occasional
55381,Payira Primary Health Care Unit,Primary Health Care Unit,MoH,Eastern Equatoria,Eastern Equatoria,Lafon,SS0206,4.8082,32.4756,Geonames,,True,True,1.0,2.0,0.052,0.0,0.0,1.0,occasional
55382,Piobokoi Primary Health Care Unit,Primary Health Care Unit,MoH,Eastern Equatoria,Eastern Equatoria,Budi,SS0201,4.085,33.7589,GPS,,True,True,0.0,0.0,0.0,0.0,0.0,0.0,never
55383,Pogee Primary Health Care Unit,Primary Health Care Unit,MoH,Eastern Equatoria,Eastern Equatoria,Magwi,SS0207,3.7667,32.5188,GPS,,True,True,0.0,0.0,0.0,0.0,0.0,0.0,never
55384,Ramula Boma Primary Health Care Unit,Primary Health Care Unit,MoH,Eastern Equatoria,Eastern Equatoria,Ikotos,SS0202,4.088,33.2458,GPS,,True,True,2.0,2.0,0.034,0.0,0.0,0.0,occasional
55385,Riwoto Primary Health Care Centre,Primary Health Care Centre,MoH,Eastern Equatoria,Eastern Equatoria,Kapoeta North,SS0204,4.8822,33.5058,Geonames,,True,True,0.0,0.0,0.0,0.0,0.0,0.0,never
55386,Smc/Narus Primary Health Care Centre,Primary Health Care Centre,FBO/NGO,Eastern Equatoria,Eastern Equatoria,Kapoeta East,SS0203,4.5034,34.1618,GPS,,True,True,5.0,5.0,0.161,0.0,0.0,0.0,occasional
55387,Sudanese Gospel Mission Primary Health Care Centre,Primary Health Care Centre,FBO/NGO,Eastern Equatoria,Eastern Equatoria,Magwi,SS0207,3.7988,31.9814,GPS,,True,True,0.0,0.0,0.0,0.0,0.0,0.0,never
55388,Taar Primary Health Care Unit,Primary Health Care Unit,MoH,Eastern Equatoria,Eastern Equatoria,Lafon,SS0206,5.1055,32.4788,Geonames,,True,True,3.0,7.0,0.068,0.0,0.0,2.0,occasional
55389,Tirangore Primary Health Care Unit,Primary Health Care Unit,MoH,Eastern Equatoria,Eastern Equatoria,Torit,SS0208,4.4904,32.7967,GPS,,True,True,0.0,0.0,0.0,0.0,0.0,0.0,never
55390,Torit State Hospital,State Hospital,MoH,Eastern Equatoria,Eastern Equatoria,Torit,SS0208,4.4063,32.576,Geonames,,True,True,0.0,0.0,0.0,0.0,0.0,0.0,never
55391,Tseretenya Primary Health Care Unit,Primary Health Care Unit,MoH,Eastern Equatoria,Eastern Equatoria,Ikotos,SS0202,3.8317,33.22,GPS,,True,True,0.0,0.0,0.0,0.0,0.0,0.0,never
55392,Tuhubak Primary Health Care Unit,Primary Health Care Unit,MoH,Eastern Equatoria,Eastern Equatoria,Torit,SS0208,4.45,33.016,GPS,,True,True,0.0,0.0,0.0,0.0,0.0,0.0,never
55393,Tulugi Primary Health Care Unit,Primary Health Care Unit,MoH,Eastern Equatoria,Eastern Equatoria,Budi,SS0201,4.3502,33.6252,GPS,,True,True,0.0,0.0,0.0,0.0,0.0,0.0,never
55394,ugwi/malnyang Primary Health Care Unit,Primary Health Care Unit,MoH,Eastern Equatoria,Eastern Equatoria,Lafon,SS0206,5.043,32.3914,GPS,,True,True,1.0,1.0,0.034,0.0,0.0,0.0,occasional
55395,Ukwanya Primary Health Care Unit,Primary Health Care Unit,MoH,Eastern Equatoria,Eastern Equatoria,Lafon,SS0206,5.0068,32.3955,GPS,,True,True,0.0,0.0,0.0,0.0,0.0,0.0,never
55396,Umma Primary Health Care Unit,Primary Health Care Unit,MoH,Eastern Equatoria,Eastern Equatoria,Ikotos,SS0202,4.1743,33.0192,GPS,,True,True,0.0,0.0,0.0,0.0,0.0,0.0,never
55397,Ungebe Primary Health Care Unit,Primary Health Care Unit,MoH,Eastern Equatoria,Eastern Equatoria,Lafon,SS0206,4.7628,32.4693,GPS,,True,True,0.0,0.0,0.0,0.0,0.0,0.0,never
55398,Ungebe Primary Health Care Unit,Primary Health Care Unit,MoH,Eastern Equatoria,Eastern Equatoria,Lafon,SS0206,4.7628,32.4693,GPS,,True,True,0.0,0.0,0.0,0.0,0.0,0.0,never
55399,Upuo Primary Health Care Centre,Primary Health Care Centre,MoH,Eastern Equatoria,Eastern Equatoria,Lafon,SS0206,4.7861,32.4322,GPS,,True,True,0.0,0.0,0.0,0.0,0.0,0.0,never
55400,Upuo Primary Health Care Unit,Primary Health Care Unit,MoH,Eastern Equatoria,Eastern Equatoria,Lafon,SS0206,4.7868,32.4322,Geonames,,True,True,0.0,0.0,0.0,0.0,0.0,0.0,never
55401,Wildlife Primary Health Care Unit,Primary Health Care Unit,MoH,Eastern Equatoria,Eastern Equatoria,Torit,SS0208,4.4186,32.5447,GPS,,True,True,0.0,0.0,0.0,0.0,0.0,0.0,never
55402,Winyol Wonga Primary Health Care Unit,Primary Health Care Unit,MoH,Eastern Equatoria,Eastern Equatoria,Magwi,SS0207,3.9337,32.1885,Geonames,,True,True,0.0,0.0,0.0,0.0,0.0,0.0,never
55403,Wipuboy Primary Health Care Unit,Primary Health Care Unit,MoH,Eastern Equatoria,Eastern Equatoria,Lafon,SS0206,5.109,32.4609,GPS,,True,True,4.0,9.0,0.15,0.0,0.0,4.0,occasional
55404,Wipuboy Primary Health Care Unit,Primary Health Care Unit,MoH,Eastern Equatoria,Eastern Equatoria,Lafon,SS0206,5.109,32.4609,GPS,,True,True,4.0,9.0,0.15,0.0,0.0,4.0,occasional
55405,Wokobu Primary Health Care Unit,Primary Health Care Unit,MoH,Eastern Equatoria,Eastern Equatoria,Kapoeta North,SS0204,5.1397,33.516,GPS,,True,True,0.0,0.0,0.0,0.0,0.0,0.0,never
55406,Ajwarra Primary Health Care Unit,Primary Health Care Unit,MoH,Jonglei,Jonglei,Pibor,SS0308,7.0143,33.0967,GPS,,True,True,1.0,3.0,0.017,0.0,0.0,0.0,occasional
55407,Akeer (Ascom) Primary Health Care Unit,Primary Health Care Unit,MoH,Jonglei,Jonglei,Ayod,SS0302,7.8321,30.8948,GPS,,True,True,13.0,712.0,0.246,0.0,0.0,4.0,recurrent
55408,Akobo County Hospital,County Hospital,MoH,Jonglei,Jonglei,Akobo,SS0301,7.799,33.0102,GPS,,True,True,3.0,9.0,0.085,0.0,0.0,1.0,occasional
55409,Akuai-Deng Primary Health Care Unit,Primary Health Care Unit,MoH,Jonglei,Jonglei,Bor South,SS0303,6.5635,31.5291,GPS,,True,True,4.0,29.0,0.283,0.0,0.0,2.0,occasional
55410,Alari Primary Health Care Unit,Primary Health Care Unit,MoH,Jonglei,Jonglei,Pochalla,SS0309,7.0172,34.0017,GPS,,True,True,3.0,5.0,0.033,0.0,0.0,1.0,occasional
55411,Alela Primary Health Care Unit,Primary Health Care Unit,MoH,Jonglei,Jonglei,Canal/Pigi,SS0304,9.3783,31.3078,GPS,,True,True,5.0,488.0,0.426,0.0,0.0,5.0,occasional
55412,Amiel Primary Health Care Unit,Primary Health Care Unit,MoH,Jonglei,Jonglei,Duk,SS0305,7.6956,31.2766,GPS,,True,True,2.0,4.0,0.052,0.0,0.0,1.0,occasional
55413,Anyidi Primary Health Care Unit,Primary Health Care Unit,MoH,Jonglei,Jonglei,Bor South,SS0303,6.1776,31.8129,GPS,,True,True,0.0,0.0,0.0,0.0,0.0,0.0,never
55414,Arek Primary Health Care Unit,Primary Health Care Unit,MoH,Jonglei,Jonglei,Bor South,SS0303,6.2469,31.5506,GPS,,True,True,0.0,0.0,0.0,0.0,0.0,0.0,never
55415,Ascom Ayod Primary Health Care Centre,Primary Health Care Centre,MoH,Jonglei,Jonglei,Ayod,SS0302,8.1354,31.4097,GPS,,True,True,2.0,5.0,0.052,0.0,0.0,1.0,occasional
55416,Atar Chuei Primary Health Care Unit,Primary Health Care Unit,MoH,Jonglei,Jonglei,Canal/Pigi,SS0304,9.2921,31.4103,GPS,,True,True,10.0,170.0,0.143,0.0,0.0,6.0,recurrent
55417,Atar Primary Health Care Unit,Primary Health Care Unit,MoH,Jonglei,Jonglei,Canal/Pigi,SS0304,9.3385,31.4078,GPS,,True,True,5.0,266.0,0.18,0.0,0.0,5.0,occasional
55418,Ayod Primary Health Care Centre,Primary Health Care Centre,MoH,Jonglei,Jonglei,Ayod,SS0302,8.1228,31.4136,Geonames,,True,True,2.0,2.0,0.033,0.0,0.0,0.0,occasional
55419,Ayueldit Primary Health Care Unit,Primary Health Care Unit,MoH,Jonglei,Jonglei,Duk,SS0305,7.7244,31.331,GPS,,True,True,2.0,77.0,0.69,29.0,0.0,2.0,occasional
55420,Baidit Primary Health Care Centre,Primary Health Care Centre,MoH,Jonglei,Jonglei,Bor South,SS0303,6.4295,31.5626,GPS,,True,True,1.0,10.0,0.143,0.0,0.0,0.0,occasional
55421,Baping Primary Health Care Unit,Primary Health Care Unit,MoH,Jonglei,Jonglei,Twic East,SS0310,7.076,31.4284,GPS,,True,True,4.0,55.0,0.55,1.0,0.0,2.0,occasional
55422,Bei Primary Health Care Unit,Primary Health Care Unit,MoH,Jonglei,Jonglei,Ayod,SS0302,8.2022,31.3745,GPS,,True,True,2.0,2.0,0.069,0.0,0.0,0.0,occasional
55423,Boma County Hospital,County Hospital,MoH,Jonglei,Jonglei,Pibor,SS0308,6.1787,34.3883,GPS,,True,True,0.0,0.0,0.0,0.0,0.0,0.0,never
55424,Bor State Hospital,State Hospital,MoH,Jonglei,Jonglei,Bor South,SS0303,6.2068,31.5569,Geonames,,True,True,1.0,4.0,0.068,0.0,0.0,1.0,occasional
55425,Bor Town Primary Health Care Unit,Primary Health Care Unit,MoH,Jonglei,Jonglei,Bor South,SS0303,6.1937,31.7701,GPS,,True,True,0.0,0.0,0.0,0.0,0.0,0.0,never
55426,Buong Primary Health Care Unit,Primary Health Care Unit,MoH,Jonglei,Jonglei,Akobo,SS0301,8.1619,32.3803,GPS,,True,True,2.0,2.0,0.033,0.0,0.0,1.0,occasional
55427,Burmath Primary Health Care Unit,Primary Health Care Unit,MoH,Jonglei,Jonglei,Akobo,SS0301,7.641,33.0156,GPS,,True,True,0.0,0.0,0.0,0.0,0.0,0.0,never
55428,Canal (Ayod) Primary Health Care Unit,Primary Health Care Unit,MoH,Jonglei,Jonglei,Ayod,SS0302,8.1321,31.3094,GPS,,True,True,0.0,0.0,0.0,0.0,0.0,0.0,never
55429,Canal (Pigi) Primary Health Care Unit,Primary Health Care Unit,MoH,Jonglei,Jonglei,Canal/Pigi,SS0304,9.3629,31.5496,GPS,,True,True,17.0,457.0,0.172,0.0,0.0,3.0,recurrent
55430,Chiban Primary Health Care Unit,Primary Health Care Unit,MoH,Jonglei,Jonglei,Akobo,SS0301,7.6454,33.0666,GPS,,True,True,2.0,17.0,0.071,0.0,0.0,1.0,occasional
55431,Chotbora (Old Fang) Primary Health Care Unit,Primary Health Care Unit,MoH,Jonglei,Jonglei,Fangak,SS0306,9.1181,30.9262,GPS,,True,True,3.0,11.0,0.066,0.0,0.0,2.0,occasional
55432,Churi Primary Health Care Centre,Primary Health Care Centre,MoH,Jonglei,Jonglei,Pibor,SS0308,6.57,34.6208,GPS,,True,True,2.0,2.0,0.069,0.0,0.0,1.0,occasional
55433,Cuei-Ker Primary Health Care Unit,Primary Health Care Unit,MoH,Jonglei,Jonglei,Bor South,SS0303,6.0702,31.7943,GPS,,True,True,0.0,0.0,0.0,0.0,0.0,0.0,never
55434,Cuei-Magon Primary Health Care Unit,Primary Health Care Unit,MoH,Jonglei,Jonglei,Bor South,SS0303,6.1768,31.7766,GPS,,True,True,0.0,0.0,0.0,0.0,0.0,0.0,never
55435,Daktek Primary Health Care Unit,Primary Health Care Unit,MoH,Jonglei,Jonglei,Pibor,SS0308,7.0443,33.0976,GPS,,True,True,2.0,3.0,0.138,0.0,0.0,1.0,occasional
55436,Dhoreak Primary Health Care Unit,Primary Health Care Unit,MoH,Jonglei,Jonglei,Fangak,SS0306,9.0346,30.7094,GPS,,True,True,2.0,31.0,0.213,0.0,0.0,2.0,occasional
55437,Dilule Primary Health Care Unit,Primary Health Care Unit,MoH,Jonglei,Jonglei,Akobo,SS0301,7.8604,33.0028,GPS,,True,True,21.0,343.0,0.172,0.0,0.0,2.0,recurrent
55438,Diror Primary Health Care Unit,Primary Health Care Unit,MoH,Jonglei,Jonglei,Akobo,SS0301,8.1166,32.3313,GPS,,True,True,1.0,1.0,0.017,0.0,0.0,0.0,occasional
55439,Dok Lost Clinic Primary Health Care Unit,Primary Health Care Unit,MoH,Jonglei,Jonglei,Duk,SS0305,7.4825,31.5107,Geonames,,True,True,0.0,0.0,0.0,0.0,0.0,0.0,never
55440,Dongchak Primary Health Care Unit,Primary Health Care Unit,MoH,Jonglei,Jonglei,Duk,SS0305,7.6813,31.4143,GPS,,True,True,0.0,0.0,0.0,0.0,0.0,0.0,never
55441,Dorok Primary Health Care Unit,Primary Health Care Unit,MoH,Jonglei,Jonglei,Duk,SS0305,7.7841,31.3016,GPS,,True,True,2.0,72.0,0.288,0.0,2.0,2.0,occasional
55442,Duk Lost Boy Primary Health Care Centre,Primary Health Care Centre,MoH,Jonglei,Jonglei,Duk,SS0305,7.4825,31.5107,GPS,,True,True,0.0,0.0,0.0,0.0,0.0,0.0,never
55443,Duk Padiet Primary Health Care Unit,Primary Health Care Unit,MoH,Jonglei,Jonglei,Duk,SS0305,7.7493,31.3957,GPS,,True,True,0.0,0.0,0.0,0.0,0.0,0.0,never
55444,Duk/Paborkoi Primary Health Care Centre,Primary Health Care Centre,MoH,Jonglei,Jonglei,Duk,SS0305,7.726,31.4058,Geonames,,True,True,0.0,0.0,0.0,0.0,0.0,0.0,never
55445,Fangak County Hospital,County Hospital,MoH,Jonglei,Jonglei,Fangak,SS0306,9.4091,31.1614,GPS,,True,True,3.0,165.0,0.317,0.0,0.0,3.0,occasional
55446,Gak Yuom Primary Health Care Unit,Primary Health Care Unit,MoH,Jonglei,Jonglei,Bor South,SS0303,6.2588,31.5695,GPS,,True,True,0.0,0.0,0.0,0.0,0.0,0.0,never
55447,Gorwai /Kalel Primary Health Care Unit,Primary Health Care Unit,MoH,Jonglei,Jonglei,Ayod,SS0302,8.1328,31.0768,GPS,,True,True,2.0,43.0,0.448,0.0,0.0,2.0,occasional
55448,Haat Primary Health Care Unit,Primary Health Care Unit,MoH,Jonglei,Jonglei,Ayod,SS0302,8.5166,30.6325,GPS,,True,True,4.0,11.0,0.086,0.0,3.0,4.0,occasional
55449,Jalle Primary Health Care Centre,Primary Health Care Centre,MoH,Jonglei,Jonglei,Bor South,SS0303,6.6718,31.7766,Geonames,,True,True,10.0,17.0,0.424,0.0,1.0,4.0,recurrent
55450,Jiech Primary Health Care Unit,Primary Health Care Unit,MoH,Jonglei,Jonglei,Ayod,SS0302,8.3709,31.1367,GPS,,True,True,4.0,222.0,0.879,24.0,0.0,4.0,occasional
55451,Juaibor Primary Health Care Centre,Primary Health Care Centre,MoH,Jonglei,Jonglei,Fangak,SS0306,9.4008,30.6698,GPS,,True,True,6.0,390.0,0.213,0.0,0.0,3.0,occasional
55452,Kapaat Primary Health Care Unit,Primary Health Care Unit,MoH,Jonglei,Jonglei,Bor South,SS0303,6.2901,31.6808,GPS,,True,True,0.0,0.0,0.0,0.0,0.0,0.0,never
55453,Karam Primary Health Care Centre,Primary Health Care Centre,MoH,Jonglei,Jonglei,Uror,SS0311,8.2106,31.8232,GPS,,True,True,1.0,6.0,0.07,0.0,0.0,0.0,occasional
55454,Kasingor Primary Health Care Unit,Primary Health Care Unit,MoH,Jonglei,Jonglei,Pibor,SS0308,5.7774,33.9732,GPS,,True,True,1.0,1.0,0.036,0.0,0.0,0.0,occasional
55455,Keew Primary Health Care Centre,Primary Health Care Centre,MoH,Jonglei,Jonglei,Fangak,SS0306,9.2636,30.6354,Geonames,,True,True,5.0,149.0,0.267,0.0,0.0,2.0,occasional
55456,Khorfulus Primary Health Care Centre,Primary Health Care Centre,MoH,Jonglei,Jonglei,Canal/Pigi,SS0304,9.3136,31.586,Geonames,,True,True,3.0,52.0,0.115,0.0,0.0,1.0,occasional
55457,Kiir Primary Health Care Unit,Primary Health Care Unit,MoH,Jonglei,Jonglei,Twic East,SS0310,7.2605,31.3588,GPS,,True,True,7.0,99.0,1.0,54.0,3.0,3.0,occasional
55458,Koatnyakoang Primary Health Care Unit,Primary Health Care Unit,MoH,Jonglei,Jonglei,Fangak,SS0306,9.4419,31.0565,GPS,,True,True,8.0,145.0,0.086,0.0,0.0,3.0,recurrent
55459,Kolapach Buom Primary Health Care Unit,Primary Health Care Unit,MoH,Jonglei,Jonglei,Fangak,SS0306,9.3168,31.0728,GPS,,True,True,3.0,10.0,0.103,0.0,0.0,1.0,occasional
55460,Kol-Merek Primary Health Care Unit,Primary Health Care Unit,MoH,Jonglei,Jonglei,Bor South,SS0303,6.6193,31.5143,GPS,,True,True,4.0,16.0,0.207,0.0,0.0,2.0,occasional
55461,Kolnyang Primary Health Care Centre,Primary Health Care Centre,MoH,Jonglei,Jonglei,Bor South,SS0303,6.1371,31.7319,GPS,,True,True,0.0,0.0,0.0,0.0,0.0,0.0,never
55462,Konbeek Primary Health Care Unit,Primary Health Care Unit,MoH,Jonglei,Jonglei,Bor South,SS0303,6.2695,31.6905,GPS,,True,True,1.0,1.0,0.017,0.0,0.0,0.0,occasional
55463,Kongor Primary Health Care Unit,Primary Health Care Unit,MoH,Jonglei,Jonglei,Twic East,SS0310,7.1562,31.3553,GPS,,True,True,8.0,467.0,0.917,135.0,6.0,8.0,recurrent
55464,Kony Primary Health Care Unit,Primary Health Care Unit,MoH,Jonglei,Jonglei,Akobo,SS0301,7.7003,33.0319,GPS,,True,True,2.0,26.0,0.138,0.0,1.0,2.0,occasional
55465,Kuachdeng Primary Health Care Unit,Primary Health Care Unit,MoH,Jonglei,Jonglei,Ayod,SS0302,7.9789,31.4409,GPS,,True,True,0.0,0.0,0.0,0.0,0.0,0.0,never
55466,Kuei (Bor) Primary Health Care Unit,Primary Health Care Unit,MoH,Jonglei,Jonglei,Bor South,SS0303,6.7287,31.4298,GPS,,True,True,4.0,122.0,0.407,0.0,0.0,4.0,occasional
55467,Kuemduok Primary Health Care Unit,Primary Health Care Unit,MoH,Jonglei,Jonglei,Fangak,SS0306,9.21,30.9439,GPS,,True,True,5.0,106.0,0.161,0.0,1.0,2.0,occasional
55468,Kuernyang Primary Health Care Centre,Primary Health Care Centre,MoH,Jonglei,Jonglei,Fangak,SS0306,9.3228,30.8869,Geonames,,True,True,2.0,45.0,0.362,0.0,1.0,1.0,occasional
55469,Labarab Primary Health Care Unit,Primary Health Care Unit,MoH,Jonglei,Jonglei,Pibor,SS0308,6.6611,33.9697,GPS,,True,True,0.0,0.0,0.0,0.0,0.0,0.0,never
55470,Langbaar Primary Health Care Unit,Primary Health Care Unit,MoH,Jonglei,Jonglei,Bor South,SS0303,6.2344,31.5721,GPS,,True,True,0.0,0.0,0.0,0.0,0.0,0.0,never
55471,Lankien Primary Health Care Centre,Primary Health Care Centre,MoH,Jonglei,Jonglei,Nyirol,SS0307,8.5262,32.0614,GPS,,True,True,1.0,1.0,0.016,0.0,0.0,0.0,occasional
55472,Lual-Ajokbil Primary Health Care Unit,Primary Health Care Unit,MoH,Jonglei,Jonglei,Twic East,SS0310,7.058,31.3904,GPS,,True,True,4.0,56.0,0.661,5.0,0.0,3.0,occasional
55473,Lualdit Primary Health Care Unit,Primary Health Care Unit,MoH,Jonglei,Jonglei,Bor South,SS0303,6.2364,31.6104,GPS,,True,True,0.0,0.0,0.0,0.0,0.0,0.0,never
55474,Maar Pifca Primary Health Care Unit,Primary Health Care Unit,MoH,Jonglei,Jonglei,Twic East,SS0310,6.9022,31.3715,GPS,,True,True,4.0,419.0,0.897,78.0,3.0,4.0,occasional
55475,Mabior Primary Health Care Unit,Primary Health Care Unit,MoH,Jonglei,Jonglei,Twic East,SS0310,7.292,31.3886,GPS,,True,True,6.0,56.0,0.169,0.0,0.0,0.0,occasional
55476,Majok Primary Health Care Unit,Primary Health Care Unit,MoH,Jonglei,Jonglei,Nyirol,SS0307,8.4757,32.0586,GPS,,True,True,0.0,0.0,0.0,0.0,0.0,0.0,never
55477,Makolcuei Primary Health Care Unit,Primary Health Care Unit,MoH,Jonglei,Jonglei,Bor South,SS0303,6.3786,31.6495,GPS,,True,True,0.0,0.0,0.0,0.0,0.0,0.0,never
55478,Makuac Primary Health Care Centre,Primary Health Care Centre,MoH,Jonglei,Jonglei,Bor South,SS0303,6.2616,31.7308,Geonames,,True,True,1.0,3.0,0.033,0.0,1.0,1.0,occasional
55479,Malakal Primary Health Care Unit,Primary Health Care Unit,MoH,Jonglei,Jonglei,Pibor,SS0308,6.1758,34.4448,Geonames,,True,True,0.0,0.0,0.0,0.0,0.0,0.0,never
55480,Malek (Kolnyang) Primary Health Care Unit,Primary Health Care Unit,MoH,Jonglei,Jonglei,Bor South,SS0303,6.069,31.6123,GPS,,True,True,0.0,0.0,0.0,0.0,0.0,0.0,never
55481,Malek Primary Health Care Unit,Primary Health Care Unit,MoH,Jonglei,Jonglei,Ayod,SS0302,8.3928,30.9269,GPS,,True,True,2.0,2.0,0.068,0.0,0.0,2.0,occasional
55482,Malual Agor Baar Primary Health Care Centre,Primary Health Care Centre,MoH,Jonglei,Jonglei,Bor South,SS0303,6.1254,31.5808,Geonames,,True,True,0.0,0.0,0.0,0.0,0.0,0.0,never
55483,Malual Chat Primary Health Care Unit,Primary Health Care Unit,MoH,Jonglei,Jonglei,Bor South,SS0303,6.1451,31.5759,GPS,,True,True,1.0,4.0,0.164,0.0,0.0,1.0,occasional
55484,Mandeng _Fangak Primary Health Care Unit,Primary Health Care Unit,MoH,Jonglei,Jonglei,Fangak,SS0306,9.389,30.8344,GPS,,True,True,4.0,244.0,0.898,61.0,2.0,4.0,occasional
55485,Manyiel Primary Health Care Unit,Primary Health Care Unit,MoH,Jonglei,Jonglei,Bor South,SS0303,5.9751,31.6522,GPS,,True,True,0.0,0.0,0.0,0.0,0.0,0.0,never
55486,Mareng (Bor) Primary Health Care Unit,Primary Health Care Unit,MoH,Jonglei,Jonglei,Bor South,SS0303,6.2028,31.7138,GPS,,True,True,0.0,0.0,0.0,0.0,0.0,0.0,never
55487,Mareng (Duk) Primary Health Care Centre,Primary Health Care Centre,MoH,Jonglei,Jonglei,Canal/Pigi,SS0304,9.2533,31.742,Geonames,,True,True,0.0,0.0,0.0,0.0,0.0,0.0,never
55488,Mareng (Pigi) Primary Health Care Unit,Primary Health Care Unit,MoH,Jonglei,Jonglei,Duk,SS0305,7.6057,31.4512,GPS,,True,True,0.0,0.0,0.0,0.0,0.0,0.0,never
55489,Marial Primary Health Care Unit,Primary Health Care Unit,MoH,Jonglei,Jonglei,Twic East,SS0310,6.8795,31.3788,GPS,,True,True,6.0,159.0,0.351,0.0,0.0,5.0,occasional
55490,Maror Primary Health Care Unit,Primary Health Care Unit,MoH,Jonglei,Jonglei,Bor South,SS0303,6.2213,31.563,GPS,,True,True,1.0,6.0,0.186,0.0,0.0,1.0,occasional
55491,Mathiang (Baidit) Primary Health Care Unit,Primary Health Care Unit,MoH,Jonglei,Jonglei,Bor South,SS0303,6.5016,31.5597,GPS,,True,True,2.0,12.0,0.102,0.0,0.0,1.0,occasional
55492,Meer Primary Health Care Unit,Primary Health Care Unit,MoH,Jonglei,Jonglei,Akobo,SS0301,7.7325,33.0222,GPS,,True,True,4.0,32.0,0.065,0.0,0.0,0.0,occasional
55493,Menime Primary Health Care Centre,Primary Health Care Centre,MoH,Jonglei,Jonglei,Ayod,SS0302,8.6106,30.7195,GPS,,True,True,3.0,38.0,0.086,0.0,0.0,1.0,occasional
55494,Mian Primary Health Care Unit,Primary Health Care Unit,MoH,Jonglei,Jonglei,Pibor,SS0308,6.2437,34.6872,GPS,,True,True,0.0,0.0,0.0,0.0,0.0,0.0,never
55495,Modit Primary Health Care Unit,Primary Health Care Unit,MoH,Jonglei,Jonglei,Uror,SS0311,7.9996,31.8773,GPS,,True,True,2.0,4.0,0.105,0.0,0.0,0.0,occasional
55496,Mogok Primary Health Care Unit,Primary Health Care Unit,MoH,Jonglei,Jonglei,Ayod,SS0302,8.4024,31.3365,Geonames,,True,True,2.0,5.0,0.033,0.0,0.0,0.0,occasional
55497,Motot Primary Health Care Unit,Primary Health Care Unit,MoH,Jonglei,Jonglei,Uror,SS0311,8.1632,32.0485,GPS,,True,True,4.0,6.0,0.067,0.0,0.0,0.0,occasional
55498,Msf-H Primary Health Care Unit,Primary Health Care Unit,MoH,Jonglei,Jonglei,Uror,SS0311,7.9079,31.8911,GPS,,True,True,1.0,1.0,0.017,0.0,0.0,0.0,occasional
55499,Nyadiu Primary Health Care Centre,Primary Health Care Centre,MoH,Jonglei,Jonglei,Fangak,SS0306,8.7997,30.6691,Geonames,,True,True,5.0,209.0,0.31,0.0,1.0,4.0,occasional
55500,Nyalo Ngoro Primary Health Care Centre,Primary Health Care Centre,MoH,Jonglei,Jonglei,Pibor,SS0308,6.4567,34.4387,GPS,,True,True,3.0,4.0,0.05,0.0,0.0,1.0,occasional
55501,Nyat Primary Health Care Unit,Primary Health Care Unit,MoH,Jonglei,Jonglei,Pibor,SS0308,6.2726,34.391,GPS,,True,True,1.0,2.0,0.121,0.0,0.0,0.0,occasional
55502,Nyawit Outreach Primary Health Care Unit,Primary Health Care Unit,MoH,Jonglei,Jonglei,Ayod,SS0302,7.7151,30.6393,GPS,,True,True,16.0,598.0,0.207,0.0,0.0,4.0,recurrent
55503,Nyin Majok Primary Health Care Unit,Primary Health Care Unit,MoH,Jonglei,Jonglei,Bor South,SS0303,5.8772,31.7478,GPS,,True,True,1.0,1.0,0.017,0.0,0.0,0.0,occasional
55504,Nyium Primary Health Care Unit,Primary Health Care Unit,MoH,Jonglei,Jonglei,Pochalla,SS0309,7.0356,34.0036,GPS,,True,True,1.0,2.0,0.086,0.0,0.0,1.0,occasional
55505,Oang Primary Health Care Centre,Primary Health Care Centre,MoH,Jonglei,Jonglei,Pibor,SS0308,6.168,34.4131,GPS,,True,True,0.0,0.0,0.0,0.0,0.0,0.0,never
55506,Obudi Primary Health Care Unit,Primary Health Care Unit,MoH,Jonglei,Jonglei,Pochalla,SS0309,7.0801,34.0167,GPS,,True,True,0.0,0.0,0.0,0.0,0.0,0.0,never
55507,Ojansbai Primary Health Care Unit,Primary Health Care Unit,MoH,Jonglei,Jonglei,Pochalla,SS0309,7.1546,34.1346,GPS,,True,True,0.0,0.0,0.0,0.0,0.0,0.0,never
55508,Okadi Primary Health Care Unit,Primary Health Care Unit,MoH,Jonglei,Jonglei,Pibor,SS0308,6.0975,34.0284,GPS,,True,True,10.0,29.0,0.467,0.0,2.0,5.0,recurrent
55509,Old Akobo Primary Health Care Unit,Primary Health Care Unit,MoH,Jonglei,Jonglei,Akobo,SS0301,7.7912,33.0438,GPS,,True,True,2.0,6.0,0.069,0.0,0.0,0.0,occasional
55510,Old Fangak Hosp Primary Health Care Centre,Primary Health Care Centre,MoH,Jonglei,Jonglei,Fangak,SS0306,9.0667,30.8801,Geonames,,True,True,6.0,150.0,0.15,0.0,0.0,0.0,occasional
55511,Ottalo Primary Health Care Unit,Primary Health Care Unit,MoH,Jonglei,Jonglei,Pibor,SS0308,7.0151,33.0856,GPS,,True,True,1.0,8.0,0.121,0.0,0.0,0.0,occasional
55512,Pagaak Primary Health Care Unit,Primary Health Care Unit,MoH,Jonglei,Jonglei,Duk,SS0305,7.9287,31.497,GPS,,True,True,0.0,0.0,0.0,0.0,0.0,0.0,never
55513,Pageleng Primary Health Care Unit,Primary Health Care Unit,MoH,Jonglei,Jonglei,Duk,SS0305,7.687,31.6881,GPS,,True,True,0.0,0.0,0.0,0.0,0.0,0.0,never
55514,Pager Primary Health Care Unit,Primary Health Care Unit,MoH,Jonglei,Jonglei,Twic East,SS0310,7.1954,31.3852,GPS,,True,True,5.0,67.0,0.421,0.0,0.0,4.0,occasional
55515,Pagil Primary Health Care Unit,Primary Health Care Unit,MoH,Jonglei,Jonglei,Ayod,SS0302,8.7109,31.2693,GPS,,True,True,0.0,0.0,0.0,0.0,0.0,0.0,never
55516,Pajiek Primary Health Care Unit,Primary Health Care Unit,MoH,Jonglei,Jonglei,Ayod,SS0302,8.0463,31.3014,GPS,,True,True,0.0,0.0,0.0,0.0,0.0,0.0,never
55517,Pajut Kuirgai Primary Health Care Unit,Primary Health Care Unit,MoH,Jonglei,Jonglei,Duk,SS0305,7.7474,31.688,GPS,,True,True,0.0,0.0,0.0,0.0,0.0,0.0,never
55518,Pakam Primary Health Care Unit,Primary Health Care Unit,MoH,Jonglei,Jonglei,Duk,SS0305,7.7393,31.3995,GPS,,True,True,0.0,0.0,0.0,0.0,0.0,0.0,never
55519,Palabaac Primary Health Care Unit,Primary Health Care Unit,MoH,Jonglei,Jonglei,Bor South,SS0303,6.315,31.616,GPS,,True,True,0.0,0.0,0.0,0.0,0.0,0.0,never
55520,Paliau Primary Health Care Centre,Primary Health Care Centre,MoH,Jonglei,Jonglei,Twic East,SS0310,6.9601,31.3784,GPS,,True,True,5.0,332.0,0.793,34.0,1.0,5.0,occasional
55521,Pamai Primary Health Care Unit,Primary Health Care Unit,MoH,Jonglei,Jonglei,Uror,SS0311,7.7926,31.8792,GPS,,True,True,0.0,0.0,0.0,0.0,0.0,0.0,never
55522,Pangborong Primary Health Care Unit,Primary Health Care Unit,MoH,Jonglei,Jonglei,Canal/Pigi,SS0304,9.1306,31.4021,GPS,,True,True,0.0,0.0,0.0,0.0,0.0,0.0,never
55523,Pan-Lueth Primary Health Care Unit,Primary Health Care Unit,MoH,Jonglei,Jonglei,Bor South,SS0303,6.3639,31.6034,GPS,,True,True,0.0,0.0,0.0,0.0,0.0,0.0,never
55524,Pan-Pandiar Primary Health Care Unit,Primary Health Care Unit,MoH,Jonglei,Jonglei,Bor South,SS0303,6.0295,31.6259,GPS,,True,True,1.0,1.0,0.017,0.0,0.0,0.0,occasional
55525,Pan-Wel Primary Health Care Unit,Primary Health Care Unit,MoH,Jonglei,Jonglei,Bor South,SS0303,5.9312,31.6991,GPS,,True,True,0.0,0.0,0.0,0.0,0.0,0.0,never
55526,Panyagor Primary Health Care Centre,Primary Health Care Centre,MoH,Jonglei,Jonglei,Twic East,SS0310,7.2058,31.3988,Geonames,,True,True,8.0,265.0,0.45,0.0,0.0,5.0,recurrent
55527,Panyang Outreach Primary Health Care Unit,Primary Health Care Unit,MoH,Jonglei,Jonglei,Ayod,SS0302,8.4363,31.3441,GPS,,True,True,3.0,8.0,0.117,0.0,0.0,0.0,occasional
55528,Pariak Primary Health Care Centre,Primary Health Care Centre,MoH,Jonglei,Jonglei,Bor South,SS0303,5.971,31.6607,GPS,,True,True,12.0,36.0,0.07,0.0,0.0,3.0,recurrent
55529,Pathai Primary Health Care Unit,Primary Health Care Unit,MoH,Jonglei,Jonglei,Uror,SS0311,8.0711,31.8353,GPS,,True,True,3.0,13.0,0.175,0.0,0.0,1.0,occasional
55530,Patiou Primary Health Care Unit,Primary Health Care Unit,MoH,Jonglei,Jonglei,Twic East,SS0310,6.7758,31.4085,GPS,,True,True,4.0,80.0,0.5,1.0,2.0,3.0,occasional
55531,Patuenoi Primary Health Care Unit,Primary Health Care Unit,MoH,Jonglei,Jonglei,Duk,SS0305,7.516,31.4812,GPS,,True,True,0.0,0.0,0.0,0.0,0.0,0.0,never
55532,Payai Primary Health Care Unit,Primary Health Care Unit,MoH,Jonglei,Jonglei,Uror,SS0311,7.9875,31.9659,GPS,,True,True,0.0,0.0,0.0,0.0,0.0,0.0,never
55533,Payom Primary Health Care Unit,Primary Health Care Unit,MoH,Jonglei,Jonglei,Twic East,SS0310,6.8532,31.3392,Geonames,,True,True,5.0,245.0,0.333,0.0,0.0,3.0,occasional
55534,Pieri Primary Health Care Centre,Primary Health Care Centre,MoH,Jonglei,Jonglei,Uror,SS0311,8.041,32.0316,Geonames,,True,True,0.0,0.0,0.0,0.0,0.0,0.0,never
55535,Pochalla Primary Health Care Centre,Primary Health Care Centre,MoH,Jonglei,Jonglei,Pochalla,SS0309,7.1776,34.0873,GPS,,True,True,0.0,0.0,0.0,0.0,0.0,0.0,never
55536,Poktap Primary Health Care Centre,Primary Health Care Centre,MoH,Jonglei,Jonglei,Duk,SS0305,7.4546,31.4091,GPS,,True,True,4.0,149.0,0.417,0.0,0.0,4.0,occasional
55537,Pul Chuol Primary Health Care Centre,Primary Health Care Centre,MoH,Jonglei,Jonglei,Uror,SS0311,8.1105,31.9627,GPS,,True,True,5.0,7.0,0.123,0.0,0.0,0.0,occasional
55538,Pultruk Primary Health Care Centre,Primary Health Care Centre,MoH,Jonglei,Jonglei,Nyirol,SS0307,8.5948,31.9484,Geonames,,True,True,0.0,0.0,0.0,0.0,0.0,0.0,never
55539,Raad Primary Health Care Unit,Primary Health Care Unit,MoH,Jonglei,Jonglei,Pibor,SS0308,6.5946,34.7579,GPS,,True,True,2.0,4.0,0.033,0.0,0.0,0.0,occasional
55540,Tangnyang Primary Health Care Unit,Primary Health Care Unit,MoH,Jonglei,Jonglei,Akobo,SS0301,8.1089,32.2909,GPS,,True,True,0.0,0.0,0.0,0.0,0.0,0.0,never
55541,Thkliel Primary Health Care Unit,Primary Health Care Unit,MoH,Jonglei,Jonglei,Akobo,SS0301,7.878,32.9983,GPS,,True,True,19.0,140.0,0.083,0.0,0.0,0.0,recurrent
55542,Thokcok Primary Health Care Unit,Primary Health Care Unit,MoH,Jonglei,Jonglei,Fangak,SS0306,9.1639,30.7596,GPS,,True,True,4.0,17.0,0.049,0.0,0.0,1.0,occasional
55543,Thokwath Primary Health Care Unit,Primary Health Care Unit,MoH,Jonglei,Jonglei,Akobo,SS0301,7.9419,32.9966,GPS,,True,True,0.0,0.0,0.0,0.0,0.0,0.0,never
55544,Thotwat Primary Health Care Unit,Primary Health Care Unit,MoH,Jonglei,Jonglei,Ayod,SS0302,8.1127,31.4036,GPS,,True,True,1.0,1.0,0.017,0.0,0.0,0.0,occasional
55545,Toch Primary Health Care Unit,Primary Health Care Unit,MoH,Jonglei,Jonglei,Fangak,SS0306,8.9667,30.7077,GPS,,True,True,2.0,9.0,0.017,0.0,0.0,0.0,occasional
55546,Tong Primary Health Care Unit,Primary Health Care Unit,MoH,Jonglei,Jonglei,Bor South,SS0303,6.3995,31.5685,GPS,,True,True,0.0,0.0,0.0,0.0,0.0,0.0,never
55547,Upper Boma Primary Health Care Centre,Primary Health Care Centre,MoH,Jonglei,Jonglei,Pibor,SS0308,6.1769,34.443,GPS,,True,True,0.0,0.0,0.0,0.0,0.0,0.0,never
55548,Waat Primary Health Care Centre,Primary Health Care Centre,MoH,Jonglei,Jonglei,Nyirol,SS0307,8.185,32.153,GPS,,True,True,0.0,0.0,0.0,0.0,0.0,0.0,never
55549,Walgak Primary Health Care Centre,Primary Health Care Centre,MoH,Jonglei,Jonglei,Akobo,SS0301,8.1608,32.2387,GPS,,True,True,1.0,2.0,0.034,0.0,0.0,0.0,occasional
55550,Wan Machar Primary Health Care Centre,Primary Health Care Centre,MoH,Jonglei,Jonglei,Ayod,SS0302,8.232,30.5943,GPS,,True,True,2.0,14.0,0.18,0.0,1.0,2.0,occasional
55551,Wang Lel Primary Health Care Unit,Primary Health Care Unit,MoH,Jonglei,Jonglei,Fangak,SS0306,9.1695,30.9044,GPS,,True,True,4.0,211.0,0.293,0.0,1.0,1.0,occasional
55552,Wangchoat Primary Health Care Unit,Primary Health Care Unit,MoH,Jonglei,Jonglei,Fangak,SS0306,9.0995,30.8241,GPS,,True,True,0.0,0.0,0.0,0.0,0.0,0.0,never
55553,Wangulei Primary Health Care Unit,Primary Health Care Unit,MoH,Jonglei,Jonglei,Twic East,SS0310,7.0848,31.3775,GPS,,True,True,5.0,537.0,1.0,213.0,4.0,5.0,occasional
55554,Wau Primary Health Care Unit,Primary Health Care Unit,MoH,Jonglei,Jonglei,Ayod,SS0302,8.2531,31.3728,GPS,,True,True,0.0,0.0,0.0,0.0,0.0,0.0,never
55555,Wernyol Primary Health Care Centre,Primary Health Care Centre,MoH,Jonglei,Jonglei,Twic East,SS0310,7.3285,31.4149,GPS,,True,True,5.0,254.0,0.638,17.0,4.0,4.0,occasional
55556,Wunangui Primary Health Care Unit,Primary Health Care Unit,MoH,Jonglei,Jonglei,Canal/Pigi,SS0304,9.2919,31.3695,GPS,,True,True,12.0,219.0,0.155,0.0,5.0,7.0,recurrent
55557,Wunbin Primary Health Care Unit,Primary Health Care Unit,MoH,Jonglei,Jonglei,Ayod,SS0302,8.2806,31.3542,GPS,,True,True,0.0,0.0,0.0,0.0,0.0,0.0,never
55558,Yian Primary Health Care Unit,Primary Health Care Unit,MoH,Jonglei,Jonglei,Ayod,SS0302,8.1018,31.1989,GPS,,True,True,4.0,97.0,0.817,35.0,0.0,3.0,occasional
55559,Yidit Primary Health Care Unit,Primary Health Care Unit,MoH,Jonglei,Jonglei,Akobo,SS0301,8.2176,32.2664,GPS,,True,True,0.0,0.0,0.0,0.0,0.0,0.0,never
55560,Yomcllr Primary Health Care Unit,Primary Health Care Unit,MoH,Jonglei,Jonglei,Bor South,SS0303,6.5405,31.5326,GPS,,True,True,3.0,94.0,0.574,4.0,2.0,2.0,occasional
55561,Yuai Primary Health Care Centre,Primary Health Care Centre,MoH,Jonglei,Jonglei,Uror,SS0311,7.9051,31.8911,GPS,,True,True,2.0,2.0,0.017,0.0,0.0,0.0,occasional
55562,Abeer Primary Health Care Unit,Primary Health Care Unit,MoH,Lakes,Lakes,Rumbek Centre,SS0403,6.8724,29.5752,GPS,,True,True,2.0,3.0,0.121,0.0,0.0,0.0,occasional
55563,Abiei Ajok Primary Health Care Unit,Primary Health Care Unit,MoH,Lakes,Lakes,Rumbek Centre,SS0403,6.7399,29.6635,GPS,,True,True,0.0,0.0,0.0,0.0,0.0,0.0,never
55564,Abiriu Primary Health Care Centre,Primary Health Care Centre,MoH,Lakes,Lakes,Cueibet,SS0402,6.9393,29.4239,Geonames,,True,True,0.0,0.0,0.0,0.0,0.0,0.0,never
55565,Abuyung Primary Health Care Unit,Primary Health Care Unit,MoH,Lakes,Lakes,Awerial,SS0401,6.3546,31.1279,GPS,,True,True,0.0,0.0,0.0,0.0,0.0,0.0,never
55566,Acigor Primary Health Care Unit,Primary Health Care Unit,MoH,Lakes,Lakes,Yirol East,SS0407,6.7112,30.4965,GPS,,True,True,0.0,0.0,0.0,0.0,0.0,0.0,never
55567,Adior Primary Health Care Centre,Primary Health Care Centre,MoH,Lakes,Lakes,Yirol East,SS0407,6.7806,30.7216,Geonames,,True,True,0.0,0.0,0.0,0.0,0.0,0.0,never
55568,Adirdir Primary Health Care Unit,Primary Health Care Unit,MoH,Lakes,Lakes,Rumbek East,SS0404,6.6781,29.8275,GPS,,True,True,0.0,0.0,0.0,0.0,0.0,0.0,never
55569,Adol Primary Health Care Centre,Primary Health Care Centre,MoH,Lakes,Lakes,Rumbek East,SS0404,6.6272,29.9197,Geonames,,True,True,0.0,0.0,0.0,0.0,0.0,0.0,never
55570,Agony Primary Health Care Unit,Primary Health Care Unit,MoH,Lakes,Lakes,Yirol West,SS0408,6.4366,30.0549,GPS,,True,True,0.0,0.0,0.0,0.0,0.0,0.0,never
55571,Akut Primary Health Care Centre,Primary Health Care Centre,MoH,Lakes,Lakes,Rumbek East,SS0404,6.5536,30.038,Geonames,,True,True,0.0,0.0,0.0,0.0,0.0,0.0,never
55572,Aluak Luak Primary Health Care Centre,Primary Health Care Centre,MoH,Lakes,Lakes,Yirol West,SS0408,6.4682,30.1051,GPS,,True,True,0.0,0.0,0.0,0.0,0.0,0.0,never
55573,Amer Primary Health Care Unit,Primary Health Care Unit,MoH,Lakes,Lakes,Rumbek East,SS0404,6.6316,29.7699,GPS,,True,True,0.0,0.0,0.0,0.0,0.0,0.0,never
55574,Amethduol Primary Health Care Unit,Primary Health Care Unit,MoH,Lakes,Lakes,Cueibet,SS0402,6.8922,29.5219,GPS,,True,True,0.0,0.0,0.0,0.0,0.0,0.0,never
55575,Amethic Primary Health Care Unit,Primary Health Care Unit,MoH,Lakes,Lakes,Yirol East,SS0407,6.66,30.4851,GPS,,True,True,0.0,0.0,0.0,0.0,0.0,0.0,never
55576,Amok Primary Health Care Unit,Primary Health Care Unit,MoH,Lakes,Lakes,Rumbek North,SS0405,7.54,29.64,Geonames,,True,True,0.0,0.0,0.0,0.0,0.0,0.0,never
55577,Angongrial Primary Health Care Centre,Primary Health Care Centre,MoH,Lakes,Lakes,Cueibet,SS0402,6.8523,29.2255,GPS,,True,True,0.0,0.0,0.0,0.0,0.0,0.0,never
55578,Anuol Primary Health Care Centre,Primary Health Care Centre,MoH,Lakes,Lakes,Yirol West,SS0408,6.2581,30.3827,GPS,,True,True,0.0,0.0,0.0,0.0,0.0,0.0,never
55579,Aruau Primary Health Care Unit,Primary Health Care Unit,MoH,Lakes,Lakes,Yirol West,SS0408,6.6558,30.6286,GPS,,True,True,0.0,0.0,0.0,0.0,0.0,0.0,never
55580,Aruomnyiol Primary Health Care Unit,Primary Health Care Unit,MoH,Lakes,Lakes,Yirol East,SS0407,6.6105,30.5134,GPS,,True,True,0.0,0.0,0.0,0.0,0.0,0.0,never
55581,Atiaba Primary Health Care Unit,Primary Health Care Unit,MoH,Lakes,Lakes,Rumbek East,SS0404,6.5739,29.9627,GPS,,True,True,0.0,0.0,0.0,0.0,0.0,0.0,never
55582,Atiriu Primary Health Care Unit,Primary Health Care Unit,MoH,Lakes,Lakes,Yirol West,SS0408,6.457,30.0193,GPS,,True,True,0.0,0.0,0.0,0.0,0.0,0.0,never
55583,Awac Primary Health Care Unit,Primary Health Care Unit,MoH,Lakes,Lakes,Rumbek East,SS0404,6.5205,29.8087,GPS,,True,True,0.0,0.0,0.0,0.0,0.0,0.0,never
55584,Awerial Primary Health Care Unit,Primary Health Care Unit,MoH,Lakes,Lakes,Awerial,SS0401,6.1267,31.1724,Geonames,,True,True,0.0,0.0,0.0,0.0,0.0,0.0,never
55585,Ayei Primary Health Care Unit,Primary Health Care Unit,MoH,Lakes,Lakes,Rumbek Centre,SS0403,6.8818,29.6264,GPS,,True,True,0.0,0.0,0.0,0.0,0.0,0.0,never
55586,Barhget Primary Health Care Unit,Primary Health Care Unit,MoH,Lakes,Lakes,Cueibet,SS0402,7.019,29.155,GPS,,True,True,5.0,27.0,0.119,0.0,0.0,0.0,occasional
55587,Bellwau Primary Health Care Unit,Primary Health Care Unit,MoH,Lakes,Lakes,Rumbek Centre,SS0403,6.742,29.5032,GPS,,True,True,0.0,0.0,0.0,0.0,0.0,0.0,never
55588,Betoi Primary Health Care Unit,Primary Health Care Unit,MoH,Lakes,Lakes,Yirol West,SS0408,6.6378,30.6885,GPS,,True,True,0.0,0.0,0.0,0.0,0.0,0.0,never
55589,Bhar Gel Primary Health Care Unit,Primary Health Care Unit,MoH,Lakes,Lakes,Wulu,SS0406,6.7208,29.155,GPS,,True,True,0.0,0.0,0.0,0.0,0.0,0.0,never
55590,Biling Primary Health Care Unit,Primary Health Care Unit,MoH,Lakes,Lakes,Yirol East,SS0407,6.7419,30.6578,GPS,,True,True,0.0,0.0,0.0,0.0,0.0,0.0,never
55591,Billing County Hospital,County Hospital,MoH,Lakes,Lakes,Rumbek East,SS0404,6.3949,29.7932,GPS,,True,True,4.0,6.0,0.068,0.0,0.0,2.0,occasional
55592,Boraliop (Cbhc) Primary Health Care Centre,Primary Health Care Centre,MoH,Lakes,Lakes,Rumbek East,SS0404,6.5955,29.8798,GPS,,True,True,0.0,0.0,0.0,0.0,0.0,0.0,never
55593,Bunagok Primary Health Care Centre,Primary Health Care Centre,MoH,Lakes,Lakes,Awerial,SS0401,6.2135,30.9954,GPS,,True,True,0.0,0.0,0.0,0.0,0.0,0.0,never
55594,Chuei-Cok Primary Health Care Unit,Primary Health Care Unit,MoH,Lakes,Lakes,Rumbek Centre,SS0403,6.8852,29.5434,GPS,,True,True,0.0,0.0,0.0,0.0,0.0,0.0,never
55595,Citcok Primary Health Care Unit,Primary Health Care Unit,MoH,Lakes,Lakes,Cueibet,SS0402,7.1949,29.222,GPS,,True,True,0.0,0.0,0.0,0.0,0.0,0.0,never
55596,Colocok Primary Health Care Centre,Primary Health Care Centre,MoH,Lakes,Lakes,Rumbek Centre,SS0403,6.7605,29.5421,Geonames,,True,True,0.0,0.0,0.0,0.0,0.0,0.0,never
55597,Cuei Chok Primary Health Care Unit,Primary Health Care Unit,MoH,Lakes,Lakes,Rumbek East,SS0404,6.7255,29.7455,GPS,,True,True,0.0,0.0,0.0,0.0,0.0,0.0,never
55598,Cueibet County Hospital,County Hospital,MoH,Lakes,Lakes,Cueibet,SS0402,7.0131,29.2418,GPS,,True,True,0.0,0.0,0.0,0.0,0.0,0.0,never
55599,Cuelbalac Primary Health Care Unit,Primary Health Care Unit,MoH,Lakes,Lakes,Rumbek East,SS0404,6.4538,29.7626,GPS,,True,True,0.0,0.0,0.0,0.0,0.0,0.0,never
55600,Deng Nhial Primary Health Care Unit,Primary Health Care Unit,MoH,Lakes,Lakes,Rumbek Centre,SS0403,6.824,29.6776,GPS,,True,True,0.0,0.0,0.0,0.0,0.0,0.0,never
55601,Dhiakuei Primary Health Care Unit,Primary Health Care Unit,MoH,Lakes,Lakes,Rumbek East,SS0404,6.5741,29.8274,GPS,,True,True,3.0,7.0,0.102,0.0,0.0,0.0,occasional
55602,Dotecku Primary Health Care Unit,Primary Health Care Unit,MoH,Lakes,Lakes,Wulu,SS0406,6.1346,29.4789,GPS,,True,True,0.0,0.0,0.0,0.0,0.0,0.0,never
55603,Duony Primary Health Care Unit,Primary Health Care Unit,MoH,Lakes,Lakes,Cueibet,SS0402,6.9682,29.3717,GPS,,True,True,0.0,0.0,0.0,0.0,0.0,0.0,never
55604,Geng Geng Primary Health Care Unit,Primary Health Care Unit,MoH,Lakes,Lakes,Yirol West,SS0408,6.4775,30.5939,GPS,,True,True,6.0,18.0,0.071,0.0,0.0,3.0,occasional
55605,Guba (Lila) Primary Health Care Unit,Primary Health Care Unit,MoH,Lakes,Lakes,Wulu,SS0406,6.4671,29.55,GPS,,True,True,0.0,0.0,0.0,0.0,0.0,0.0,never
55606,Gulmer Primary Health Care Unit,Primary Health Care Unit,MoH,Lakes,Lakes,Wulu,SS0406,6.6467,29.5371,GPS,,True,True,0.0,0.0,0.0,0.0,0.0,0.0,never
55607,Health Link Site 2 _1 Primary Health Care Unit,Primary Health Care Unit,MoH,Lakes,Lakes,Awerial,SS0401,6.1267,31.1724,Geonames,,True,True,0.0,0.0,0.0,0.0,0.0,0.0,never
55608,Health Link site 2 _2 Primary Health Care Unit,Primary Health Care Unit,MoH,Lakes,Lakes,Awerial,SS0401,6.2133,31.0025,Geonames,,True,True,0.0,0.0,0.0,0.0,0.0,0.0,never
55609,Health Link Site 3 Primary Health Care Unit,Primary Health Care Unit,MoH,Lakes,Lakes,Awerial,SS0401,6.211,30.9961,Geonames,,True,True,0.0,0.0,0.0,0.0,0.0,0.0,never
55610,IMC Site 1 _1 Primary Health Care Unit,Primary Health Care Unit,MoH,Lakes,Lakes,Awerial,SS0401,6.0516,31.2869,Geonames,,True,True,0.0,0.0,0.0,0.0,0.0,0.0,never
55611,IMC Site 1 _2 Primary Health Care Unit,Primary Health Care Unit,MoH,Lakes,Lakes,Awerial,SS0401,6.2137,31.0147,Geonames,,True,True,0.0,0.0,0.0,0.0,0.0,0.0,never
55612,IMC Site 2 _Awerial Primary Health Care Unit,Primary Health Care Unit,MoH,Lakes,Lakes,Awerial,SS0401,6.05,31.5152,Geonames,,True,True,23.0,1016.0,0.138,0.0,0.0,9.0,recurrent
55613,IMC Site 2 _Paluk Primary Health Care Unit,Primary Health Care Unit,MoH,Lakes,Lakes,Awerial,SS0401,6.194,31.4716,Geonames,,True,True,20.0,384.0,0.138,0.0,1.0,14.0,recurrent
55614,Jarweng Primary Health Care Unit,Primary Health Care Unit,MoH,Lakes,Jonglei,Bor South,SS0303,6.1704,31.5601,GPS,Admin1 label != state it falls in,True,True,1.0,1.0,0.017,0.0,0.0,0.0,occasional
55615,Juit-Juit Primary Health Care Unit,Primary Health Care Unit,MoH,Lakes,Lakes,Rumbek Centre,SS0403,6.9075,29.5862,GPS,,True,True,0.0,0.0,0.0,0.0,0.0,0.0,never
55616,Kalthok Primary Health Care Unit,Primary Health Care Unit,MoH,Lakes,Lakes,Awerial,SS0401,5.8816,31.5721,Geonames,,True,True,0.0,0.0,0.0,0.0,0.0,0.0,never
55617,Kap Primary Health Care Unit,Primary Health Care Unit,MoH,Lakes,Lakes,Yirol East,SS0407,6.7159,30.4464,GPS,,True,True,0.0,0.0,0.0,0.0,0.0,0.0,never
55618,Kawic Primary Health Care Unit,Primary Health Care Unit,MoH,Lakes,Lakes,Yirol West,SS0408,6.6065,30.4296,GPS,,True,True,1.0,3.0,0.034,0.0,0.0,0.0,occasional
55619,Kolcum Primary Health Care Unit,Primary Health Care Unit,MoH,Lakes,Lakes,Rumbek East,SS0404,6.4743,29.8095,GPS,,True,True,0.0,0.0,0.0,0.0,0.0,0.0,never
55620,Kubur William Primary Health Care Unit,Primary Health Care Unit,MoH,Lakes,Lakes,Cueibet,SS0402,6.9107,29.4757,GPS,,True,True,0.0,0.0,0.0,0.0,0.0,0.0,never
55621,Kuel Kuech Primary Health Care Centre,Primary Health Care Centre,MoH,Lakes,Lakes,Wulu,SS0406,6.5735,29.6385,GPS,,True,True,0.0,0.0,0.0,0.0,0.0,0.0,never
55622,Laam Primary Health Care Centre,Primary Health Care Centre,MoH,Lakes,Lakes,Wulu,SS0406,6.3298,29.9146,GPS,,True,True,1.0,1.0,0.034,0.0,0.0,0.0,occasional
55623,Lang Matol Primary Health Care Unit,Primary Health Care Unit,MoH,Lakes,Lakes,Yirol East,SS0407,6.6411,30.9708,GPS,,True,True,0.0,0.0,0.0,0.0,0.0,0.0,never
55624,Langdit Primary Health Care Unit,Primary Health Care Unit,MoH,Lakes,Lakes,Cueibet,SS0402,7.0617,29.0907,GPS,,True,True,2.0,4.0,0.033,0.0,0.0,0.0,occasional
55625,Lekakedu Primary Health Care Unit,Primary Health Care Unit,MoH,Lakes,Lakes,Yirol East,SS0407,6.6772,30.5864,GPS,,True,True,0.0,0.0,0.0,0.0,0.0,0.0,never
55626,Mabaric Primary Health Care Unit,Primary Health Care Unit,MoH,Lakes,Lakes,Rumbek East,SS0404,6.5048,29.8749,GPS,,True,True,0.0,0.0,0.0,0.0,0.0,0.0,never
55627,Mabor Duang Primary Health Care Unit,Primary Health Care Unit,MoH,Lakes,Lakes,Rumbek East,SS0404,6.518,29.8392,GPS,,True,True,0.0,0.0,0.0,0.0,0.0,0.0,never
55628,Mading/Thian Primary Health Care Unit,Primary Health Care Unit,MoH,Lakes,Lakes,Yirol East,SS0407,6.456,31.1701,GPS,,True,True,0.0,0.0,0.0,0.0,0.0,0.0,never
55629,Madol Primary Health Care Unit,Primary Health Care Unit,MoH,Lakes,Lakes,Rumbek North,SS0405,7.56,29.75,Geonames,,True,True,1.0,2.0,0.071,0.0,0.0,1.0,occasional
55630,Mageng Primary Health Care Unit,Primary Health Care Unit,MoH,Lakes,Lakes,Yirol West,SS0408,6.3216,30.3224,GPS,,True,True,0.0,0.0,0.0,0.0,0.0,0.0,never
55631,Majakjier Primary Health Care Unit,Primary Health Care Unit,MoH,Lakes,Lakes,Rumbek East,SS0404,6.5603,29.8499,GPS,,True,True,0.0,0.0,0.0,0.0,0.0,0.0,never
55632,Makembella Primary Health Care Unit,Primary Health Care Unit,MoH,Lakes,Lakes,Wulu,SS0406,6.5889,29.5679,GPS,,True,True,0.0,0.0,0.0,0.0,0.0,0.0,never
55633,Makembelle Primary Health Care Centre,Primary Health Care Centre,MoH,Lakes,Lakes,Rumbek Centre,SS0403,6.7273,29.6564,Geonames,,True,True,0.0,0.0,0.0,0.0,0.0,0.0,never
55634,Makoor Primary Health Care Unit,Primary Health Care Unit,MoH,Lakes,Lakes,Wulu,SS0406,6.6005,29.31,GPS,,True,True,0.0,0.0,0.0,0.0,0.0,0.0,never
55635,Malek _Rumbek Primary Health Care Unit,Primary Health Care Unit,MoH,Lakes,Lakes,Rumbek Centre,SS0403,7.2059,29.7199,GPS,,True,True,0.0,0.0,0.0,0.0,0.0,0.0,never
55636,Malek Primary Health Care Unit,Primary Health Care Unit,MoH,Lakes,Lakes,Yirol East,SS0407,6.7211,30.7963,GPS,,True,True,0.0,0.0,0.0,0.0,0.0,0.0,never
55637,Maleng Agola Primary Health Care Unit,Primary Health Care Unit,MoH,Lakes,Lakes,Rumbek East,SS0404,6.7089,29.7631,GPS,,True,True,0.0,0.0,0.0,0.0,0.0,0.0,never
55638,Malou Medi. Corps Primary Health Care Unit,Primary Health Care Unit,FBO/NGO,Lakes,Lakes,Rumbek Centre,SS0403,6.7076,29.6555,GPS,,True,True,1.0,1.0,0.113,0.0,0.0,1.0,occasional
55639,Malou Pec Primary Health Care Unit,Primary Health Care Unit,MoH,Lakes,Lakes,Cueibet,SS0402,7.1104,29.0295,GPS,,True,True,1.0,1.0,0.036,0.0,0.0,0.0,occasional
55640,Malou Primary Health Care Unit,Primary Health Care Unit,MoH,Lakes,Lakes,Rumbek East,SS0404,6.4345,29.7596,GPS,,True,True,0.0,0.0,0.0,0.0,0.0,0.0,never
55641,Malteser Int. Primary Health Care Centre,Primary Health Care Centre,MoH,Lakes,Lakes,Rumbek Centre,SS0403,6.8173,29.6662,GPS,,True,True,0.0,0.0,0.0,0.0,0.0,0.0,never
55642,Malual Bab Primary Health Care Centre,Primary Health Care Centre,MoH,Lakes,Lakes,Rumbek Centre,SS0403,6.8002,29.6754,Geonames,,True,True,0.0,0.0,0.0,0.0,0.0,0.0,never
55643,Maper Primary Health Care Unit,Primary Health Care Unit,MoH,Lakes,Lakes,Rumbek North,SS0405,7.6478,29.67,GPS,,True,True,0.0,0.0,0.0,0.0,0.0,0.0,never
55644,Mary Immaculate County Hospital,County Hospital,MoH,Lakes,Lakes,Yirol West,SS0408,6.3847,30.0853,GPS,,True,True,0.0,0.0,0.0,0.0,0.0,0.0,never
55645,Mathiang Kok Primary Health Care Unit,Primary Health Care Unit,MoH,Lakes,Lakes,Rumbek East,SS0404,6.6262,29.7469,GPS,,True,True,1.0,1.0,0.016,0.0,0.0,0.0,occasional
55646,Mathiang Primary Health Care Unit,Primary Health Care Unit,MoH,Lakes,Lakes,Rumbek Centre,SS0403,6.8673,29.6393,GPS,,True,True,0.0,0.0,0.0,0.0,0.0,0.0,never
55647,Mayanthon Primary Health Care Unit,Primary Health Care Unit,MoH,Lakes,Lakes,Cueibet,SS0402,6.9715,29.2218,GPS,,True,True,0.0,0.0,0.0,0.0,0.0,0.0,never
55648,Mayath Primary Health Care Unit,Primary Health Care Unit,MoH,Lakes,Lakes,Cueibet,SS0402,6.9903,29.3288,GPS,,True,True,0.0,0.0,0.0,0.0,0.0,0.0,never
55649,Mingkaman Primary Health Care Unit,Primary Health Care Unit,MoH,Lakes,Lakes,Awerial,SS0401,6.05,31.5152,Geonames,,True,True,23.0,1016.0,0.138,0.0,0.0,9.0,recurrent
55650,Muorkuec Primary Health Care Unit,Primary Health Care Unit,MoH,Lakes,Lakes,Wulu,SS0406,6.6884,29.5022,GPS,,True,True,0.0,0.0,0.0,0.0,0.0,0.0,never
55651,Nuktamaga (Domotolo) Primary Health Care Unit,Primary Health Care Unit,MoH,Lakes,Lakes,Wulu,SS0406,6.2466,29.6197,GPS,,True,True,0.0,0.0,0.0,0.0,0.0,0.0,never
55652,Nyang Koot Primary Health Care Unit,Primary Health Care Unit,MoH,Lakes,Lakes,Rumbek Centre,SS0403,6.8704,29.6715,GPS,,True,True,0.0,0.0,0.0,0.0,0.0,0.0,never
55653,Nyang Primary Health Care Centre,Primary Health Care Centre,MoH,Lakes,Lakes,Yirol East,SS0407,6.7079,30.6055,GPS,,True,True,0.0,0.0,0.0,0.0,0.0,0.0,never
55654,Pabur Primary Health Care Unit,Primary Health Care Unit,MoH,Lakes,Lakes,Yirol West,SS0408,6.4326,30.599,GPS,,True,True,0.0,0.0,0.0,0.0,0.0,0.0,never
55655,Pacong Primary Health Care Centre,Primary Health Care Centre,MoH,Lakes,Lakes,Rumbek East,SS0404,6.6927,29.7891,Geonames,,True,True,0.0,0.0,0.0,0.0,0.0,0.0,never
55656,Pagaraw Primary Health Care Unit,Primary Health Care Unit,MoH,Lakes,Lakes,Yirol East,SS0407,6.7407,30.4083,GPS,,True,True,2.0,3.0,0.033,0.0,0.0,0.0,occasional
55657,Palok Primary Health Care Unit,Primary Health Care Unit,MoH,Lakes,Lakes,Rumbek East,SS0404,6.7672,30.1027,GPS,,True,True,0.0,0.0,0.0,0.0,0.0,0.0,never
55658,Panawach Primary Health Care Unit,Primary Health Care Unit,MoH,Lakes,Lakes,Rumbek East,SS0404,6.6759,29.8136,GPS,,True,True,0.0,0.0,0.0,0.0,0.0,0.0,never
55659,Pandit Rumbek Primary Health Care Unit,Primary Health Care Unit,MoH,Lakes,Lakes,Yirol West,SS0408,6.5942,30.1504,GPS,,True,True,0.0,0.0,0.0,0.0,0.0,0.0,never
55660,Pankar Primary Health Care Unit,Primary Health Care Unit,MoH,Lakes,Lakes,Yirol West,SS0408,6.5777,30.4783,GPS,,True,True,5.0,8.0,0.017,0.0,0.0,0.0,occasional
55661,Panthou Primary Health Care Unit,Primary Health Care Unit,MoH,Lakes,Lakes,Cueibet,SS0402,7.283,29.4801,Geonames,,True,True,0.0,0.0,0.0,0.0,0.0,0.0,never
55662,Ping Path Primary Health Care Unit,Primary Health Care Unit,MoH,Lakes,Lakes,Yirol West,SS0408,6.242,30.4219,GPS,,True,True,0.0,0.0,0.0,0.0,0.0,0.0,never
55663,Ramchiel Primary Health Care Unit,Primary Health Care Unit,MoH,Lakes,Lakes,Yirol East,SS0407,6.4383,30.9677,GPS,,True,True,0.0,0.0,0.0,0.0,0.0,0.0,never
55664,Rumbek Centre Prison Primary Health Care Centre,Primary Health Care Centre,MoH,Lakes,Lakes,Rumbek Centre,SS0403,6.8074,29.676,Geonames,,True,True,0.0,0.0,0.0,0.0,0.0,0.0,never
55665,Rumbek Sec Sch Clini Primary Health Care Unit,Primary Health Care Unit,MoH,Lakes,Lakes,Rumbek Centre,SS0403,6.801,29.6869,GPS,,True,True,0.0,0.0,0.0,0.0,0.0,0.0,never
55666,Rumbek State Hospital,State Hospital,MoH,Lakes,Lakes,Rumbek Centre,SS0403,6.8102,29.678,GPS,,True,True,0.0,0.0,0.0,0.0,0.0,0.0,never
55667,Shambe Primary Health Care Centre,Primary Health Care Centre,MoH,Lakes,Lakes,Yirol East,SS0407,7.1057,30.7738,GPS,,True,True,22.0,380.0,0.167,0.0,2.0,22.0,recurrent
55668,SMC _Awerial Primary Health Care Centre,Primary Health Care Centre,FBO/NGO,Lakes,Lakes,Awerial,SS0401,6.0554,31.5142,Geonames,,True,True,23.0,1010.0,0.133,0.0,0.0,6.0,recurrent
55669,SMC _Puluk Primary Health Care Centre,Primary Health Care Centre,FBO/NGO,Lakes,Lakes,Awerial,SS0401,6.2085,30.9994,Geonames,,True,True,0.0,0.0,0.0,0.0,0.0,0.0,never
55670,St. Joseph County Hospital,County Hospital,MoH,Lakes,Lakes,Yirol West,SS0408,6.5483,30.4949,GPS,,True,True,0.0,0.0,0.0,0.0,0.0,0.0,never
55671,Thonabutkok Primary Health Care Centre,Primary Health Care Centre,MoH,Lakes,Lakes,Yirol East,SS0407,6.6789,30.4159,GPS,,True,True,0.0,0.0,0.0,0.0,0.0,0.0,never
55672,Tiaptiap Primary Health Care Unit,Primary Health Care Unit,MoH,Lakes,Lakes,Cueibet,SS0402,7.3252,29.3242,GPS,,True,True,0.0,0.0,0.0,0.0,0.0,0.0,never
55673,Tilkuc Primary Health Care Centre,Primary Health Care Centre,MoH,Lakes,Lakes,Rumbek East,SS0404,6.4313,29.9011,Geonames,,True,True,1.0,1.0,0.017,0.0,0.0,0.0,occasional
55674,Tonjo Primary Health Care Unit,Primary Health Care Unit,MoH,Lakes,Lakes,Wulu,SS0406,6.3322,29.7269,GPS,,True,True,0.0,0.0,0.0,0.0,0.0,0.0,never
55675,Warliet Primary Health Care Unit,Primary Health Care Unit,MoH,Lakes,Lakes,Rumbek East,SS0404,6.4992,29.972,GPS,,True,True,0.0,0.0,0.0,0.0,0.0,0.0,never
55676,Wokou Primary Health Care Unit,Primary Health Care Unit,MoH,Lakes,Lakes,Wulu,SS0406,6.0938,29.768,GPS,,True,True,0.0,0.0,0.0,0.0,0.0,0.0,never
55677,Wulu Primary Health Care Centre,Primary Health Care Centre,MoH,Lakes,Lakes,Wulu,SS0406,6.5086,29.6272,Geonames,,True,True,0.0,0.0,0.0,0.0,0.0,0.0,never
55678,Wun Rieng Primary Health Care Unit,Primary Health Care Unit,MoH,Lakes,Lakes,Rumbek North,SS0405,7.64,29.7,Geonames,,True,True,0.0,0.0,0.0,0.0,0.0,0.0,never
55679,Yirol County Hospital,County Hospital,MoH,Lakes,Lakes,Yirol West,SS0408,6.5533,30.5017,GPS,,True,True,0.0,0.0,0.0,0.0,0.0,0.0,never
55680,Yoli Primary Health Care Unit,Primary Health Care Unit,MoH,Lakes,Lakes,Yirol East,SS0407,6.6576,30.4829,GPS,,True,True,0.0,0.0,0.0,0.0,0.0,0.0,never
55681,Abul Primary Health Care Unit,Primary Health Care Unit,MoH,Northern Bahr el Ghazal,Northern Bahr el Ghazal,Aweil Centre,SS0501,8.1086,26.6828,GPS,,True,True,0.0,0.0,0.0,0.0,0.0,0.0,never
55682,Achana Primary Health Care Unit,Primary Health Care Unit,MoH,Northern Bahr el Ghazal,Northern Bahr el Ghazal,Aweil Centre,SS0501,8.2644,26.3418,GPS,,True,True,1.0,1.0,0.018,0.0,0.0,0.0,occasional
55683,Adoor Primary Health Care Unit,Primary Health Care Unit,MoH,Northern Bahr el Ghazal,Northern Bahr el Ghazal,Aweil East,SS0502,9.4466,27.7499,GPS,,True,True,0.0,0.0,0.0,0.0,0.0,0.0,never
55684,Aguat Primary Health Care Unit,Primary Health Care Unit,MoH,Northern Bahr el Ghazal,Northern Bahr el Ghazal,Aweil West,SS0505,9.0742,27.091,GPS,,True,True,0.0,0.0,0.0,0.0,0.0,0.0,never
55685,Ajak Wol Primary Health Care Unit,Primary Health Care Unit,MoH,Northern Bahr el Ghazal,Northern Bahr el Ghazal,Aweil North,SS0503,9.3292,27.1041,GPS,,True,True,0.0,0.0,0.0,0.0,0.0,0.0,never
55686,Akac Primary Health Care Unit,Primary Health Care Unit,MoH,Northern Bahr el Ghazal,Northern Bahr el Ghazal,Aweil East,SS0502,9.4769,27.4765,Geonames,,True,True,0.0,0.0,0.0,0.0,0.0,0.0,never
55687,Akuak Malual Primary Health Care Unit,Primary Health Care Unit,MoH,Northern Bahr el Ghazal,Northern Bahr el Ghazal,Aweil North,SS0503,9.1173,26.6343,GPS,,True,True,0.0,0.0,0.0,0.0,0.0,0.0,never
55688,Akuakoc Primary Health Care Unit,Primary Health Care Unit,MoH,Northern Bahr el Ghazal,Northern Bahr el Ghazal,Aweil North,SS0503,9.1203,26.4539,GPS,,True,True,0.0,0.0,0.0,0.0,0.0,0.0,never
55689,Akuakrak Primary Health Care Unit,Primary Health Care Unit,MoH,Northern Bahr el Ghazal,Northern Bahr el Ghazal,Aweil West,SS0505,8.948,26.3974,GPS,,True,True,3.0,15.0,0.155,0.0,0.0,2.0,occasional
55690,Akuangkar Primary Health Care Unit,Primary Health Care Unit,MoH,Northern Bahr el Ghazal,Northern Bahr el Ghazal,Aweil Centre,SS0501,8.8094,26.8502,GPS,,True,True,0.0,0.0,0.0,0.0,0.0,0.0,never
55691,Akuem County Hospital,County Hospital,MoH,Northern Bahr el Ghazal,Northern Bahr el Ghazal,Aweil East,SS0502,8.9621,27.5007,GPS,,True,True,2.0,31.0,0.068,0.0,0.0,0.0,occasional
55692,Alok Primary Health Care Unit,Primary Health Care Unit,MoH,Northern Bahr el Ghazal,Northern Bahr el Ghazal,Aweil Centre,SS0501,8.4403,27.5271,Geonames,,True,True,10.0,95.0,0.172,0.0,0.0,0.0,recurrent
55693,Aluel Acot Primary Health Care Unit,Primary Health Care Unit,MoH,Northern Bahr el Ghazal,Northern Bahr el Ghazal,Aweil West,SS0505,9.0332,27.0283,GPS,,True,True,0.0,0.0,0.0,0.0,0.0,0.0,never
55694,Amar Jal Primary Health Care Unit,Primary Health Care Unit,MoH,Northern Bahr el Ghazal,Northern Bahr el Ghazal,Aweil East,SS0502,9.0555,27.6781,GPS,,True,True,0.0,0.0,0.0,0.0,0.0,0.0,never
55695,Amatnyang Primary Health Care Unit,Primary Health Care Unit,MoH,Northern Bahr el Ghazal,Northern Bahr el Ghazal,Aweil West,SS0505,9.1209,27.1433,Geonames,,True,True,6.0,22.0,0.052,0.0,0.0,0.0,occasional
55696,Ameth Akok Primary Health Care Unit,Primary Health Care Unit,MoH,Northern Bahr el Ghazal,Northern Bahr el Ghazal,Aweil East,SS0502,9.1286,27.7692,GPS,,True,True,0.0,0.0,0.0,0.0,0.0,0.0,never
55697,Ameth Primary Health Care Unit,Primary Health Care Unit,MoH,Northern Bahr el Ghazal,Northern Bahr el Ghazal,Aweil East,SS0502,9.0856,27.8972,GPS,,True,True,2.0,11.0,0.069,0.0,0.0,0.0,occasional
55698,Amothic Primary Health Care Unit,Primary Health Care Unit,MoH,Northern Bahr el Ghazal,Northern Bahr el Ghazal,Aweil West,SS0505,8.8981,27.1663,GPS,,True,True,0.0,0.0,0.0,0.0,0.0,0.0,never
55699,Angol Primary Health Care Unit,Primary Health Care Unit,MoH,Northern Bahr el Ghazal,Northern Bahr el Ghazal,Aweil West,SS0505,9.1506,27.0552,GPS,,True,True,7.0,49.0,0.085,0.0,0.0,0.0,occasional
55700,Anyopjang Primary Health Care Unit,Primary Health Care Unit,MoH,Northern Bahr el Ghazal,Northern Bahr el Ghazal,Aweil West,SS0505,9.1316,26.9803,GPS,,True,True,9.0,56.0,0.051,0.0,0.0,0.0,recurrent
55701,Ariath Primary Health Care Unit,Primary Health Care Unit,MoH,Northern Bahr el Ghazal,Northern Bahr el Ghazal,Aweil North,SS0503,9.105,27.2224,GPS,,True,True,0.0,0.0,0.0,0.0,0.0,0.0,never
55702,Aroyo Primary Health Care Centre,Primary Health Care Centre,MoH,Northern Bahr el Ghazal,Northern Bahr el Ghazal,Aweil Centre,SS0501,8.6759,26.8572,Geonames,,True,True,0.0,0.0,0.0,0.0,0.0,0.0,never
55703,Atuct Primary Health Care Unit,Primary Health Care Unit,MoH,Northern Bahr el Ghazal,Northern Bahr el Ghazal,Aweil East,SS0502,8.9939,27.7563,GPS,,True,True,12.0,189.0,0.737,23.0,2.0,2.0,recurrent
55704,Aweil State Hospital,State Hospital,MoH,Northern Bahr el Ghazal,Northern Bahr el Ghazal,Aweil West,SS0505,8.7681,27.3989,GPS,,True,True,0.0,0.0,0.0,0.0,0.0,0.0,never
55705,Awilic Primary Health Care Unit,Primary Health Care Unit,MoH,Northern Bahr el Ghazal,Northern Bahr el Ghazal,Aweil West,SS0505,8.8413,27.4248,GPS,,True,True,2.0,13.0,0.105,0.0,0.0,2.0,occasional
55706,Awoda Primary Health Care Centre,Primary Health Care Centre,MoH,Northern Bahr el Ghazal,Northern Bahr el Ghazal,Aweil Centre,SS0501,8.0686,26.8391,Geonames,,True,True,0.0,0.0,0.0,0.0,0.0,0.0,never
55707,Ayai Primary Health Care Unit,Primary Health Care Unit,MoH,Northern Bahr el Ghazal,Northern Bahr el Ghazal,Aweil South,SS0504,8.5215,27.5669,GPS,,True,True,1.0,1.0,0.034,0.0,0.0,0.0,occasional
55708,Ayai Primary Health Care Unit,Primary Health Care Unit,MoH,Northern Bahr el Ghazal,Northern Bahr el Ghazal,Aweil North,SS0503,9.2096,26.8286,GPS,,True,True,0.0,0.0,0.0,0.0,0.0,0.0,never
55709,Baac Primary Health Care Unit,Primary Health Care Unit,MoH,Northern Bahr el Ghazal,Northern Bahr el Ghazal,Aweil East,SS0502,9.205,27.564,Geonames,,True,True,1.0,2.0,0.016,0.0,0.0,0.0,occasional
55710,Bakon Primary Health Care Unit,Primary Health Care Unit,MoH,Northern Bahr el Ghazal,Northern Bahr el Ghazal,Aweil East,SS0502,9.4374,27.7168,GPS,,True,True,0.0,0.0,0.0,0.0,0.0,0.0,never
55711,Bakou Primary Health Care Unit,Primary Health Care Unit,MoH,Northern Bahr el Ghazal,Northern Bahr el Ghazal,Aweil East,SS0502,9.4374,27.7168,GPS,,True,True,0.0,0.0,0.0,0.0,0.0,0.0,never
55712,Barmayen Primary Health Care Unit,Primary Health Care Unit,MoH,Northern Bahr el Ghazal,Northern Bahr el Ghazal,Aweil Centre,SS0501,8.3637,27.6127,GPS,,True,True,0.0,0.0,0.0,0.0,0.0,0.0,never
55713,Bau Primary Health Care Unit,Primary Health Care Unit,MoH,Northern Bahr el Ghazal,Northern Bahr el Ghazal,Aweil Centre,SS0501,8.4325,27.7584,GPS,,True,True,0.0,0.0,0.0,0.0,0.0,0.0,never
55714,Chaleek Primary Health Care Unit,Primary Health Care Unit,MoH,Northern Bahr el Ghazal,Northern Bahr el Ghazal,Aweil North,SS0503,9.4047,27.1861,GPS,,True,True,0.0,0.0,0.0,0.0,0.0,0.0,never
55715,Chelcou Primary Health Care Centre,Primary Health Care Centre,MoH,Northern Bahr el Ghazal,Northern Bahr el Ghazal,Aweil West,SS0505,8.9663,26.8607,GPS,,True,True,7.0,47.0,0.175,0.0,0.0,1.0,occasional
55716,Cuomator Primary Health Care Unit,Primary Health Care Unit,MoH,Northern Bahr el Ghazal,Northern Bahr el Ghazal,Aweil East,SS0502,8.9973,27.5415,GPS,,True,True,0.0,0.0,0.0,0.0,0.0,0.0,never
55717,Gokmacer Primary Health Care Centre,Primary Health Care Centre,MoH,Northern Bahr el Ghazal,Northern Bahr el Ghazal,Aweil North,SS0503,9.2163,26.8658,GPS,,True,True,0.0,0.0,0.0,0.0,0.0,0.0,never
55718,Guangnou Primary Health Care Unit,Primary Health Care Unit,MoH,Northern Bahr el Ghazal,Northern Bahr el Ghazal,Aweil West,SS0505,8.923,26.9152,Geonames,,True,True,5.0,17.0,0.086,0.0,0.0,4.0,occasional
55719,Jaac Ppf Primary Health Care Unit,Primary Health Care Unit,MoH,Northern Bahr el Ghazal,Northern Bahr el Ghazal,Aweil North,SS0503,9.4746,27.1361,GPS,,True,True,0.0,0.0,0.0,0.0,0.0,0.0,never
55720,Jaac Primary Health Care Unit,Primary Health Care Unit,MoH,Northern Bahr el Ghazal,Northern Bahr el Ghazal,Aweil North,SS0503,9.4471,27.1451,GPS,,True,True,0.0,0.0,0.0,0.0,0.0,0.0,never
55721,Jorbioch Primary Health Care Unit,Primary Health Care Unit,MoH,Northern Bahr el Ghazal,Northern Bahr el Ghazal,Aweil Centre,SS0501,8.5812,26.2309,GPS,,True,True,0.0,0.0,0.0,0.0,0.0,0.0,never
55722,Jurbeech Primary Health Care Unit,Primary Health Care Unit,MoH,Northern Bahr el Ghazal,Northern Bahr el Ghazal,Aweil North,SS0503,9.1103,26.5571,GPS,,True,True,0.0,0.0,0.0,0.0,0.0,0.0,never
55723,Kajik Primary Health Care Unit,Primary Health Care Unit,MoH,Northern Bahr el Ghazal,Northern Bahr el Ghazal,Aweil North,SS0503,9.1669,27.1368,GPS,,True,True,0.0,0.0,0.0,0.0,0.0,0.0,never
55724,Kuom Primary Health Care Unit,Primary Health Care Unit,MoH,Northern Bahr el Ghazal,Northern Bahr el Ghazal,Aweil Centre,SS0501,8.7236,27.4015,GPS,,True,True,0.0,0.0,0.0,0.0,0.0,0.0,never
55725,Lieth Primary Health Care Unit,Primary Health Care Unit,MoH,Northern Bahr el Ghazal,Northern Bahr el Ghazal,Aweil East,SS0502,9.2473,27.7836,GPS,,True,True,0.0,0.0,0.0,0.0,0.0,0.0,never
55726,Lulic Primary Health Care Unit,Primary Health Care Unit,MoH,Northern Bahr el Ghazal,Northern Bahr el Ghazal,Aweil Centre,SS0501,8.502,27.2521,GPS,,True,True,0.0,0.0,0.0,0.0,0.0,0.0,never
55727,Mabil Primary Health Care Centre,Primary Health Care Centre,MoH,Northern Bahr el Ghazal,Northern Bahr el Ghazal,Aweil East,SS0502,9.0026,27.58,GPS,,True,True,0.0,0.0,0.0,0.0,0.0,0.0,never
55728,Mabior Angui Primary Health Care Unit,Primary Health Care Unit,MoH,Northern Bahr el Ghazal,Northern Bahr el Ghazal,Aweil North,SS0503,9.2922,27.2263,GPS,,True,True,0.0,0.0,0.0,0.0,0.0,0.0,never
55729,Mabior -Nyang Primary Health Care Unit,Primary Health Care Unit,MoH,Northern Bahr el Ghazal,Northern Bahr el Ghazal,Aweil North,SS0503,9.1732,27.1335,GPS,,True,True,0.0,0.0,0.0,0.0,0.0,0.0,never
55730,Mabok Tong Primary Health Care Unit,Primary Health Care Unit,MoH,Northern Bahr el Ghazal,Northern Bahr el Ghazal,Aweil East,SS0502,9.4797,27.7711,GPS,,True,True,0.0,0.0,0.0,0.0,0.0,0.0,never
55731,Mabok-Akot Primary Health Care Unit,Primary Health Care Unit,MoH,Northern Bahr el Ghazal,Northern Bahr el Ghazal,Aweil Centre,SS0501,8.8907,26.8964,Geonames,,True,True,0.0,0.0,0.0,0.0,0.0,0.0,never
55732,Madhol Primary Health Care Unit,Primary Health Care Unit,MoH,Northern Bahr el Ghazal,Northern Bahr el Ghazal,Aweil East,SS0502,9.0387,27.703,GPS,,True,True,0.0,0.0,0.0,0.0,0.0,0.0,never
55733,Maduany Primary Health Care Unit,Primary Health Care Unit,MoH,Northern Bahr el Ghazal,Northern Bahr el Ghazal,Aweil West,SS0505,8.8127,27.3564,Geonames,,True,True,0.0,0.0,0.0,0.0,0.0,0.0,never
55734,Mager Primary Health Care Unit,Primary Health Care Unit,MoH,Northern Bahr el Ghazal,Northern Bahr el Ghazal,Aweil West,SS0505,8.8968,27.3457,GPS,,True,True,3.0,24.0,0.271,0.0,0.0,2.0,occasional
55735,Majakbai Primary Health Care Centre,Primary Health Care Centre,MoH,Northern Bahr el Ghazal,Northern Bahr el Ghazal,Aweil North,SS0503,9.1188,26.7956,GPS,,True,True,4.0,8.0,0.125,0.0,0.0,0.0,occasional
55736,Majok Yith Thiou Primary Health Care Unit,Primary Health Care Unit,MoH,Northern Bahr el Ghazal,Northern Bahr el Ghazal,Aweil East,SS0502,9.5147,27.2467,GPS,,True,True,0.0,0.0,0.0,0.0,0.0,0.0,never
55737,Majokaken Primary Health Care Unit,Primary Health Care Unit,MoH,Northern Bahr el Ghazal,Northern Bahr el Ghazal,Aweil East,SS0502,9.5925,27.5606,GPS,,True,True,0.0,0.0,0.0,0.0,0.0,0.0,never
55738,Majok-Dengdit Primary Health Care Unit,Primary Health Care Unit,MoH,Northern Bahr el Ghazal,Northern Bahr el Ghazal,Aweil West,SS0505,9.1028,27.0612,Geonames,,True,True,1.0,3.0,0.065,0.0,0.0,0.0,occasional
55739,Maker Primary Health Care Unit,Primary Health Care Unit,MoH,Northern Bahr el Ghazal,Northern Bahr el Ghazal,Aweil West,SS0505,8.9136,27.333,GPS,,True,True,3.0,4.0,0.167,0.0,0.0,0.0,occasional
55740,Makuac Akec Primary Health Care Unit,Primary Health Care Unit,MoH,Northern Bahr el Ghazal,Northern Bahr el Ghazal,Aweil North,SS0503,9.1439,27.3009,GPS,,True,True,0.0,0.0,0.0,0.0,0.0,0.0,never
55741,Makuei-Alel Primary Health Care Unit,Primary Health Care Unit,MoH,Northern Bahr el Ghazal,Northern Bahr el Ghazal,Aweil East,SS0502,9.1418,27.6214,Geonames,,True,True,0.0,0.0,0.0,0.0,0.0,0.0,never
55742,Makuoc Primary Health Care Unit,Primary Health Care Unit,MoH,Northern Bahr el Ghazal,Northern Bahr el Ghazal,Aweil West,SS0505,9.0875,26.6297,GPS,,True,True,5.0,12.0,0.052,0.0,0.0,0.0,occasional
55743,Malek Alel 2 Primary Health Care Unit,Primary Health Care Unit,MoH,Northern Bahr el Ghazal,Northern Bahr el Ghazal,Aweil South,SS0504,8.5888,27.5943,GPS,,True,True,0.0,0.0,0.0,0.0,0.0,0.0,never
55744,Malek Bol Akon Primary Health Care Unit,Primary Health Care Unit,MoH,Northern Bahr el Ghazal,Northern Bahr el Ghazal,Aweil East,SS0502,9.3326,27.5285,Geonames,,True,True,0.0,0.0,0.0,0.0,0.0,0.0,never
55745,Maleka Dera Primary Health Care Unit,Primary Health Care Unit,MoH,Northern Bahr el Ghazal,Northern Bahr el Ghazal,Aweil West,SS0505,9.0649,26.7842,GPS,,True,True,0.0,0.0,0.0,0.0,0.0,0.0,never
55746,Malekalel Primary Health Care Unit,Primary Health Care Unit,MoH,Northern Bahr el Ghazal,Northern Bahr el Ghazal,Aweil South,SS0504,8.5888,27.5943,GPS,,True,True,0.0,0.0,0.0,0.0,0.0,0.0,never
55747,Malual Baai Primary Health Care Centre,Primary Health Care Centre,MoH,Northern Bahr el Ghazal,Northern Bahr el Ghazal,Aweil East,SS0502,9.0593,27.7599,Geonames,,True,True,0.0,0.0,0.0,0.0,0.0,0.0,never
55748,Malual Deng Aruom Primary Health Care Unit,Primary Health Care Unit,MoH,Northern Bahr el Ghazal,Northern Bahr el Ghazal,Aweil North,SS0503,9.3544,27.1956,GPS,,True,True,0.0,0.0,0.0,0.0,0.0,0.0,never
55749,Malual Dit Primary Health Care Unit,Primary Health Care Unit,MoH,Northern Bahr el Ghazal,Northern Bahr el Ghazal,Aweil East,SS0502,9.2498,27.3439,GPS,,True,True,0.0,0.0,0.0,0.0,0.0,0.0,never
55750,Malual Kuel Primary Health Care Unit,Primary Health Care Unit,MoH,Northern Bahr el Ghazal,Northern Bahr el Ghazal,Aweil East,SS0502,9.4285,27.3018,GPS,,True,True,0.0,0.0,0.0,0.0,0.0,0.0,never
55751,Malualkon Primary Health Care Centre,Primary Health Care Centre,MoH,Northern Bahr el Ghazal,Northern Bahr el Ghazal,Aweil East,SS0502,9.0136,27.6248,GPS,,True,True,0.0,0.0,0.0,0.0,0.0,0.0,never
55752,Mangar-Tong Primary Health Care Unit,Primary Health Care Unit,MoH,Northern Bahr el Ghazal,Northern Bahr el Ghazal,Aweil East,SS0502,9.0742,27.5486,GPS,,True,True,0.0,0.0,0.0,0.0,0.0,0.0,never
55753,Mangok Primary Health Care Unit,Primary Health Care Unit,MoH,Northern Bahr el Ghazal,Northern Bahr el Ghazal,Aweil East,SS0502,9.0426,27.386,GPS,,True,True,0.0,0.0,0.0,0.0,0.0,0.0,never
55754,Manyiel Primary Health Care Unit,Primary Health Care Unit,MoH,Northern Bahr el Ghazal,Northern Bahr el Ghazal,Aweil North,SS0503,9.0847,26.5139,GPS,,True,True,0.0,0.0,0.0,0.0,0.0,0.0,never
55755,Manyiel Primary Health Care Unit,Primary Health Care Unit,MoH,Northern Bahr el Ghazal,Northern Bahr el Ghazal,Aweil North,SS0503,9.1463,26.8607,GPS,,True,True,0.0,0.0,0.0,0.0,0.0,0.0,never
55756,Maper Ngok Primary Health Care Unit,Primary Health Care Unit,MoH,Northern Bahr el Ghazal,Northern Bahr el Ghazal,Aweil West,SS0505,9.1348,27.0598,GPS,,True,True,0.0,0.0,0.0,0.0,0.0,0.0,never
55757,Marialbai Primary Health Care Centre,Primary Health Care Centre,MoH,Northern Bahr el Ghazal,Northern Bahr el Ghazal,Aweil West,SS0505,9.1026,26.8509,GPS,,True,True,0.0,0.0,0.0,0.0,0.0,0.0,never
55758,Marol Deng Geng Primary Health Care Unit,Primary Health Care Unit,MoH,Northern Bahr el Ghazal,Northern Bahr el Ghazal,Aweil North,SS0503,9.2467,27.0631,GPS,,True,True,0.0,0.0,0.0,0.0,0.0,0.0,never
55759,Matuic Primary Health Care Unit,Primary Health Care Unit,MoH,Northern Bahr el Ghazal,Northern Bahr el Ghazal,Aweil West,SS0505,9.1012,27.0209,GPS,,True,True,0.0,0.0,0.0,0.0,0.0,0.0,never
55760,Mayen Ulom Primary Health Care Unit,Primary Health Care Unit,MoH,Northern Bahr el Ghazal,Northern Bahr el Ghazal,Aweil North,SS0503,9.0371,27.2854,GPS,,True,True,2.0,3.0,0.071,0.0,0.0,0.0,occasional
55761,Mayom _Aweil Primary Health Care Unit,Primary Health Care Unit,MoH,Northern Bahr el Ghazal,Northern Bahr el Ghazal,Aweil West,SS0505,9.0947,26.7114,GPS,,True,True,0.0,0.0,0.0,0.0,0.0,0.0,never
55762,Mayom Adhel Primary Health Care Unit,Primary Health Care Unit,MoH,Northern Bahr el Ghazal,Northern Bahr el Ghazal,Aweil North,SS0503,9.1939,26.9549,GPS,,True,True,0.0,0.0,0.0,0.0,0.0,0.0,never
55763,Mutuic Primary Health Care Unit,Primary Health Care Unit,MoH,Northern Bahr el Ghazal,Northern Bahr el Ghazal,Aweil North,SS0503,9.1699,27.0358,GPS,,True,True,5.0,9.0,0.183,0.0,0.0,1.0,occasional
55764,Nyalath Primary Health Care Unit,Primary Health Care Unit,MoH,Northern Bahr el Ghazal,Northern Bahr el Ghazal,Aweil Centre,SS0501,8.7116,27.2852,GPS,,True,True,0.0,0.0,0.0,0.0,0.0,0.0,never
55765,Nyamlel New Life Ministry Primary Health Care Unit,Primary Health Care Unit,FBO/NGO,Northern Bahr el Ghazal,Northern Bahr el Ghazal,Aweil West,SS0505,9.1344,26.9878,GPS,,True,True,0.0,0.0,0.0,0.0,0.0,0.0,never
55766,Nyamlel Primary Health Care Centre,Primary Health Care Centre,MoH,Northern Bahr el Ghazal,Northern Bahr el Ghazal,Aweil West,SS0505,9.1385,26.9825,Geonames,,True,True,9.0,96.0,0.197,0.0,0.0,0.0,recurrent
55767,Nyanruet Primary Health Care Unit,Primary Health Care Unit,MoH,Northern Bahr el Ghazal,Northern Bahr el Ghazal,Aweil East,SS0502,8.8794,27.4806,GPS,,True,True,0.0,0.0,0.0,0.0,0.0,0.0,never
55768,Nyeth Primary Health Care Unit,Primary Health Care Unit,MoH,Northern Bahr el Ghazal,Northern Bahr el Ghazal,Aweil South,SS0504,8.4964,27.5436,GPS,,True,True,0.0,0.0,0.0,0.0,0.0,0.0,never
55769,Nyinbuli Safe Harbor Int. Relief Primary Health Care Centre,Primary Health Care Centre,MoH,Northern Bahr el Ghazal,Northern Bahr el Ghazal,Aweil West,SS0505,9.0216,26.507,GPS,,True,True,0.0,0.0,0.0,0.0,0.0,0.0,never
55770,Nyinlel Primary Health Care Unit,Primary Health Care Unit,MoH,Northern Bahr el Ghazal,Northern Bahr el Ghazal,Aweil Centre,SS0501,8.8923,26.8805,GPS,,True,True,0.0,0.0,0.0,0.0,0.0,0.0,never
55771,Omduraman Primary Health Care Unit,Primary Health Care Unit,MoH,Northern Bahr el Ghazal,Northern Bahr el Ghazal,Aweil East,SS0502,9.2344,27.512,GPS,,True,True,0.0,0.0,0.0,0.0,0.0,0.0,never
55772,Omora Primary Health Care Unit,Primary Health Care Unit,MoH,Northern Bahr el Ghazal,Northern Bahr el Ghazal,Aweil Centre,SS0501,8.4801,26.4993,Geonames,,True,True,0.0,0.0,0.0,0.0,0.0,0.0,never
55773,Pamat Primary Health Care Unit,Primary Health Care Unit,MoH,Northern Bahr el Ghazal,Northern Bahr el Ghazal,Aweil North,SS0503,9.2142,27.0007,GPS,,True,True,1.0,2.0,0.414,0.0,0.0,1.0,occasional
55774,Panlang Primary Health Care Unit,Primary Health Care Unit,MoH,Northern Bahr el Ghazal,Northern Bahr el Ghazal,Aweil West,SS0505,9.0816,26.8475,GPS,,True,True,1.0,2.0,0.034,0.0,0.0,0.0,occasional
55775,Peth _North Primary Health Care Unit,Primary Health Care Unit,MoH,Northern Bahr el Ghazal,Northern Bahr el Ghazal,Aweil North,SS0503,9.0946,26.5418,Geonames,,True,True,0.0,0.0,0.0,0.0,0.0,0.0,never
55776,Peth East Primary Health Care Unit,Primary Health Care Unit,MoH,Northern Bahr el Ghazal,Northern Bahr el Ghazal,Aweil East,SS0502,8.9645,27.7973,Geonames,,True,True,3.0,29.0,0.069,0.0,0.0,0.0,occasional
55777,Rial Diit Primary Health Care Centre,Primary Health Care Centre,MoH,Northern Bahr el Ghazal,Northern Bahr el Ghazal,Aweil East,SS0502,9.1367,27.511,GPS,,True,True,0.0,0.0,0.0,0.0,0.0,0.0,never
55778,Riangangon Primary Health Care Unit,Primary Health Care Unit,MoH,Northern Bahr el Ghazal,Northern Bahr el Ghazal,Aweil West,SS0505,9.1205,27.0719,GPS,,True,True,1.0,2.0,0.017,0.0,0.0,0.0,occasional
55779,Roingut Primary Health Care Unit,Primary Health Care Unit,MoH,Northern Bahr el Ghazal,Northern Bahr el Ghazal,Aweil North,SS0503,9.2003,26.9235,GPS,,True,True,1.0,3.0,0.017,0.0,0.0,0.0,occasional
55780,Rualngol Primary Health Care Unit,Primary Health Care Unit,MoH,Northern Bahr el Ghazal,Northern Bahr el Ghazal,Aweil West,SS0505,8.8686,27.3847,GPS,,True,True,4.0,11.0,0.138,0.0,0.0,1.0,occasional
55781,Rumading Primary Health Care Unit,Primary Health Care Unit,MoH,Northern Bahr el Ghazal,Northern Bahr el Ghazal,Aweil North,SS0503,9.2243,27.2933,GPS,,True,True,0.0,0.0,0.0,0.0,0.0,0.0,never
55782,Rumaker Primary Health Care Unit,Primary Health Care Unit,MoH,Northern Bahr el Ghazal,Northern Bahr el Ghazal,Aweil East,SS0502,9.15,27.59,Geonames,,True,True,0.0,0.0,0.0,0.0,0.0,0.0,never
55783,Rumrol Primary Health Care Unit,Primary Health Care Unit,MoH,Northern Bahr el Ghazal,Northern Bahr el Ghazal,Aweil East,SS0502,9.2169,27.7062,GPS,,True,True,0.0,0.0,0.0,0.0,0.0,0.0,never
55784,Rumwel Primary Health Care Unit,Primary Health Care Unit,MoH,Northern Bahr el Ghazal,Northern Bahr el Ghazal,Aweil East,SS0502,9.0735,27.8509,GPS,,True,True,2.0,3.0,0.017,0.0,0.0,0.0,occasional
55785,Rumwet Kor Primary Health Care Unit,Primary Health Care Unit,MoH,Northern Bahr el Ghazal,Northern Bahr el Ghazal,Aweil East,SS0502,9.2814,27.5853,GPS,,True,True,0.0,0.0,0.0,0.0,0.0,0.0,never
55786,Rupaker Primary Health Care Unit,Primary Health Care Unit,MoH,Northern Bahr el Ghazal,,,,9.8538,27.5876,GPS,outside South Sudan,True,False,,,,,,,no data
55787,Ruptit Primary Health Care Unit,Primary Health Care Unit,MoH,Northern Bahr el Ghazal,Northern Bahr el Ghazal,Aweil West,SS0505,8.7643,27.2143,GPS,,True,True,0.0,0.0,0.0,0.0,0.0,0.0,never
55788,Tieraliet Primary Health Care Unit,Primary Health Care Unit,MoH,Northern Bahr el Ghazal,Northern Bahr el Ghazal,Aweil South,SS0504,8.7761,27.8893,GPS,,True,True,0.0,0.0,0.0,0.0,0.0,0.0,never
55789,Tit-Chok Primary Health Care Unit,Primary Health Care Unit,MoH,Northern Bahr el Ghazal,Northern Bahr el Ghazal,Aweil East,SS0502,8.8586,27.5391,GPS,,True,True,4.0,7.0,0.034,0.0,0.0,0.0,occasional
55790,Udhuom Primary Health Care Unit,Primary Health Care Unit,MoH,Northern Bahr el Ghazal,Northern Bahr el Ghazal,Aweil West,SS0505,8.8862,27.253,GPS,,True,True,0.0,0.0,0.0,0.0,0.0,0.0,never
55791,Umora Primary Health Care Unit,Primary Health Care Unit,MoH,Northern Bahr el Ghazal,Northern Bahr el Ghazal,Aweil Centre,SS0501,8.4456,26.5717,GPS,,True,True,1.0,1.0,0.017,0.0,0.0,0.0,occasional
55792,Wanyjok Primary Health Care Unit,Primary Health Care Unit,MoH,Northern Bahr el Ghazal,Northern Bahr el Ghazal,Aweil East,SS0502,9.065,27.4443,Geonames,,True,True,0.0,0.0,0.0,0.0,0.0,0.0,never
55793,Warapei Primary Health Care Unit,Primary Health Care Unit,MoH,Northern Bahr el Ghazal,Northern Bahr el Ghazal,Aweil North,SS0503,9.4073,27.1463,GPS,,True,True,0.0,0.0,0.0,0.0,0.0,0.0,never
55794,Warawar Primary Health Care Unit,Primary Health Care Unit,MoH,Northern Bahr el Ghazal,Northern Bahr el Ghazal,Aweil East,SS0502,9.0168,27.6268,GPS,,True,True,0.0,0.0,0.0,0.0,0.0,0.0,never
55795,Warchuei Primary Health Care Unit,Primary Health Care Unit,MoH,Northern Bahr el Ghazal,Northern Bahr el Ghazal,Aweil North,SS0503,9.176,26.7404,GPS,,True,True,0.0,0.0,0.0,0.0,0.0,0.0,never
55796,Wargeng Primary Health Care Unit,Primary Health Care Unit,MoH,Northern Bahr el Ghazal,Northern Bahr el Ghazal,Aweil North,SS0503,9.0221,27.3653,GPS,,True,True,0.0,0.0,0.0,0.0,0.0,0.0,never
55797,Wathmuok Primary Health Care Unit,Primary Health Care Unit,MoH,Northern Bahr el Ghazal,Northern Bahr el Ghazal,Aweil South,SS0504,8.6969,27.6813,GPS,,True,True,0.0,0.0,0.0,0.0,0.0,0.0,never
55798,Wathok Primary Health Care Unit,Primary Health Care Unit,MoH,Northern Bahr el Ghazal,Northern Bahr el Ghazal,Aweil North,SS0503,9.0308,27.2298,GPS,,True,True,2.0,9.0,0.083,0.0,0.0,1.0,occasional
55799,Wedweil Primary Health Care Unit,Primary Health Care Unit,MoH,Northern Bahr el Ghazal,Northern Bahr el Ghazal,Aweil West,SS0505,9.0005,27.1928,GPS,,True,True,0.0,0.0,0.0,0.0,0.0,0.0,never
55800,Wedwiel Moh Primary Health Care Centre,Primary Health Care Centre,MoH,Northern Bahr el Ghazal,Northern Bahr el Ghazal,Aweil West,SS0505,9.0067,27.1978,GPS,,True,True,0.0,0.0,0.0,0.0,0.0,0.0,never
55801,Wonyjok Primary Health Care Centre,Primary Health Care Centre,MoH,Northern Bahr el Ghazal,Northern Bahr el Ghazal,Aweil East,SS0502,9.014,27.5683,Geonames,,True,True,0.0,0.0,0.0,0.0,0.0,0.0,never
55802,Wuncum Primary Health Care Unit,Primary Health Care Unit,MoH,Northern Bahr el Ghazal,Northern Bahr el Ghazal,Aweil South,SS0504,8.6616,27.6772,GPS,,True,True,0.0,0.0,0.0,0.0,0.0,0.0,never
55803,Wungiir Primary Health Care Unit,Primary Health Care Unit,MoH,Northern Bahr el Ghazal,Northern Bahr el Ghazal,Aweil West,SS0505,9.1198,26.756,GPS,,True,True,3.0,12.0,0.033,0.0,0.0,0.0,occasional
55804,Wutlang Primary Health Care Unit,Primary Health Care Unit,MoH,Northern Bahr el Ghazal,Northern Bahr el Ghazal,Aweil East,SS0502,9.0359,27.5128,GPS,,True,True,0.0,0.0,0.0,0.0,0.0,0.0,never
55805,Yargot Primary Health Care Unit,Primary Health Care Unit,MoH,Northern Bahr el Ghazal,Northern Bahr el Ghazal,Aweil East,SS0502,9.0081,27.4592,GPS,,True,True,0.0,0.0,0.0,0.0,0.0,0.0,never
55806,Abemnom Primary Health Care Unit,Primary Health Care Unit,MoH,Unity,Unity,Abiemnhom,SS0601,9.3637,28.8484,GPS,,True,True,0.0,0.0,0.0,0.0,0.0,0.0,never
55807,Abiemnom Primary Health Care Centre,Primary Health Care Centre,MoH,Unity,Unity,Abiemnhom,SS0601,9.3987,28.8234,Geonames,,True,True,0.0,0.0,0.0,0.0,0.0,0.0,never
55808,Adokbak Primary Health Care Centre,Primary Health Care Centre,MoH,Unity,Unity,Leer,SS0604,8.1904,30.3086,Geonames,,True,True,1.0,3.0,0.086,0.0,0.0,0.0,occasional
55809,Awar Piiny Primary Health Care Unit,Primary Health Care Unit,MoH,Unity,Unity,Abiemnhom,SS0601,9.4736,28.8883,GPS,,True,True,1.0,1.0,0.016,0.0,0.0,0.0,occasional
55810,Bentiu PoC 2 Primary Health Care Unit,Primary Health Care Unit,MoH,Unity,Unity,Rubkona,SS0609,9.2481,29.7896,Geonames,,True,True,0.0,0.0,0.0,0.0,0.0,0.0,never
55811,Bentiu PoC Primary Health Care Unit,Primary Health Care Unit,MoH,Unity,Unity,Rubkona,SS0609,9.256,29.7956,GPS,,True,True,0.0,0.0,0.0,0.0,0.0,0.0,never
55812,Bentiu State Hospital,State Hospital,MoH,Unity,Unity,Rubkona,SS0609,9.2535,29.803,GPS,,True,True,2.0,9.0,0.048,0.0,0.0,0.0,occasional
55813,Biel Bar Primary Health Care Unit,Primary Health Care Unit,MoH,Unity,Unity,Rubkona,SS0609,8.979,29.7174,GPS,,True,True,7.0,969.0,1.0,581.0,4.0,5.0,occasional
55814,Biel Chir Primary Health Care Unit,Primary Health Care Unit,MoH,Unity,Unity,Rubkona,SS0609,9.0476,29.6894,GPS,,True,True,8.0,1077.0,1.0,709.0,5.0,6.0,recurrent
55815,Biel Primary Health Care Unit,Primary Health Care Unit,MoH,Unity,Unity,Mayom,SS0606,9.102,28.7972,GPS,,True,True,0.0,0.0,0.0,0.0,0.0,0.0,never
55816,Bil Primary Health Care Unit,Primary Health Care Unit,MoH,Unity,Unity,Guit,SS0602,9.3273,30.0425,GPS,,True,True,6.0,144.0,0.169,0.0,0.0,4.0,occasional
55817,Biu Primary Health Care Centre,Primary Health Care Centre,MoH,Unity,Unity,Pariang,SS0608,9.6457,30.2975,Geonames,,True,True,1.0,1.0,0.017,0.0,0.0,0.0,occasional
55818,Boaw Primary Health Care Centre,Primary Health Care Centre,MoH,Unity,Unity,Koch,SS0603,8.8438,29.7296,GPS,,True,True,5.0,127.0,0.155,0.0,4.0,5.0,occasional
55819,Buoth Kuerbona Primary Health Care Unit,Primary Health Care Unit,MoH,Unity,Unity,Mayom,SS0606,8.9734,29.3778,GPS,,True,True,2.0,2.0,0.033,0.0,0.0,0.0,occasional
55820,Buoth Pakur Primary Health Care Unit,Primary Health Care Unit,MoH,Unity,Unity,Koch,SS0603,8.8076,29.6182,GPS,,True,True,2.0,11.0,0.049,0.0,0.0,0.0,occasional
55821,Care Bentiu Primary Health Care Centre,Primary Health Care Centre,MoH,Unity,Unity,Rubkona,SS0609,9.256,29.7956,GPS,,True,True,0.0,0.0,0.0,0.0,0.0,0.0,never
55822,Care Rubkona Primary Health Care Centre,Primary Health Care Centre,MoH,Unity,Unity,Rubkona,SS0609,9.2902,29.7895,Geonames,,True,True,5.0,341.0,0.207,0.0,0.0,2.0,occasional
55823,Chol Yiel Primary Health Care Unit,Primary Health Care Unit,MoH,Unity,Unity,Guit,SS0602,9.0706,29.9256,GPS,,True,True,5.0,542.0,0.759,166.0,3.0,5.0,occasional
55824,Chuk Primary Health Care Unit,Primary Health Care Unit,MoH,Unity,Unity,Panyijiar,SS0607,7.4522,30.2813,GPS,,True,True,0.0,0.0,0.0,0.0,0.0,0.0,never
55825,Dab Lual Primary Health Care Unit,Primary Health Care Unit,MoH,Unity,Unity,Mayendit,SS0605,8.3188,30.0078,GPS,,True,True,2.0,16.0,0.052,0.0,0.0,0.0,occasional
55826,Dekom Primary Health Care Unit,Primary Health Care Unit,MoH,Unity,Unity,Panyijiar,SS0607,7.359,30.4566,GPS,,True,True,7.0,123.0,0.424,0.0,2.0,6.0,occasional
55827,Dhor Manyang Primary Health Care Unit,Primary Health Care Unit,MoH,Unity,Unity,Panyijiar,SS0607,7.403,30.3662,GPS,,True,True,2.0,4.0,0.117,0.0,0.0,1.0,occasional
55828,Dhor Thier Primary Health Care Unit,Primary Health Care Unit,MoH,Unity,Unity,Mayendit,SS0605,8.126,29.983,GPS,,True,True,7.0,381.0,0.567,35.0,2.0,3.0,occasional
55829,Dhornyien Primary Health Care Unit,Primary Health Care Unit,MoH,Unity,Unity,Mayendit,SS0605,8.383,30.0341,GPS,,True,True,2.0,17.0,0.051,0.0,0.0,0.0,occasional
55830,Dindin Primary Health Care Unit,Primary Health Care Unit,MoH,Unity,Unity,Leer,SS0604,8.3059,30.2319,GPS,,True,True,0.0,0.0,0.0,0.0,0.0,0.0,never
55831,Duar Primary Health Care Unit,Primary Health Care Unit,MoH,Unity,Unity,Guit,SS0602,8.8558,29.9227,GPS,,True,True,0.0,0.0,0.0,0.0,0.0,0.0,never
55832,Gany Primary Health Care Unit,Primary Health Care Unit,MoH,Unity,Unity,Koch,SS0603,8.4774,29.9588,GPS,,True,True,0.0,0.0,0.0,0.0,0.0,0.0,never
55833,Garbeg Primary Health Care Unit,Primary Health Care Unit,MoH,Unity,Unity,Panyijiar,SS0607,7.8011,30.1144,GPS,,True,True,2.0,4.0,0.034,0.0,0.0,1.0,occasional
55834,Gayanyliel Primary Health Care Centre,Primary Health Care Centre,MoH,Unity,Unity,Panyijiar,SS0607,7.405,30.4724,GPS,,True,True,1.0,3.0,0.016,0.0,0.0,0.0,occasional
55835,Guat Primary Health Care Unit,Primary Health Care Unit,MoH,Unity,Unity,Leer,SS0604,8.3834,30.1446,GPS,,True,True,2.0,5.0,0.017,0.0,0.0,0.0,occasional
55836,Guit Primary Health Care Centre,Primary Health Care Centre,MoH,Unity,Unity,Guit,SS0602,9.1583,29.9106,Geonames,,True,True,7.0,400.0,0.821,65.0,3.0,4.0,occasional
55837,Haykur Primary Health Care Centre,Primary Health Care Centre,MoH,Unity,Unity,Panyijiar,SS0607,7.4918,30.3123,GPS,,True,True,4.0,14.0,0.281,0.0,0.0,1.0,occasional
55838,Jaak Primary Health Care Unit,Primary Health Care Unit,MoH,Unity,Unity,Koch,SS0603,8.7456,30.0054,GPS,,True,True,0.0,0.0,0.0,0.0,0.0,0.0,never
55839,Jamjang Primary Health Care Unit,Primary Health Care Unit,MoH,Unity,Unity,Pariang,SS0608,9.9279,30.2911,GPS,,True,True,0.0,0.0,0.0,0.0,0.0,0.0,never
55840,Jany Low Primary Health Care Unit,Primary Health Care Unit,MoH,Unity,Unity,Panyijiar,SS0607,7.6873,30.2342,GPS,,True,True,3.0,179.0,0.373,0.0,0.0,3.0,occasional
55841,Jieliw Primary Health Care Unit,Primary Health Care Unit,MoH,Unity,Unity,Panyijiar,SS0607,7.5954,30.224,GPS,,True,True,0.0,0.0,0.0,0.0,0.0,0.0,never
55842,Kanynhial Primary Health Care Unit,Primary Health Care Unit,MoH,Unity,Unity,Panyijiar,SS0607,7.7767,30.118,GPS,,True,True,3.0,31.0,0.085,0.0,0.0,2.0,occasional
55843,Kedat Primary Health Care Unit,Primary Health Care Unit,MoH,Unity,Unity,Guit,SS0602,9.131,30.0615,GPS,,True,True,4.0,273.0,0.783,26.0,3.0,4.0,occasional
55844,Khal Jaak Primary Health Care Centre,Primary Health Care Centre,MoH,Unity,Unity,Rubkona,SS0609,9.2761,29.5365,GPS,,True,True,4.0,422.0,1.0,138.0,3.0,4.0,occasional
55845,Koch Primary Health Care Centre,Primary Health Care Centre,MoH,Unity,Unity,Koch,SS0603,8.5998,29.9899,Geonames,,True,True,0.0,0.0,0.0,0.0,0.0,0.0,never
55846,Kol Primary Health Care Unit,Primary Health Care Unit,MoH,Unity,Unity,Panyijiar,SS0607,7.5982,30.2559,GPS,,True,True,3.0,42.0,0.069,0.0,0.0,0.0,occasional
55847,Kuer Guini Primary Health Care Unit,Primary Health Care Unit,MoH,Unity,Unity,Guit,SS0602,9.2607,29.891,GPS,,True,True,5.0,907.0,0.776,176.0,5.0,5.0,occasional
55848,Kuer Primary Health Care Unit,Primary Health Care Unit,MoH,Unity,Unity,Mayom,SS0606,9.0422,28.8477,GPS,,True,True,0.0,0.0,0.0,0.0,0.0,0.0,never
55849,Kui Primary Health Care Unit,Primary Health Care Unit,MoH,Unity,Unity,Leer,SS0604,8.3094,30.2295,Geonames,,True,True,0.0,0.0,0.0,0.0,0.0,0.0,never
55850,Kuol Primary Health Care Unit,Primary Health Care Unit,MoH,Unity,Unity,Panyijiar,SS0607,7.6162,30.2203,GPS,,True,True,1.0,3.0,0.017,0.0,0.0,0.0,occasional
55851,Kwach Primary Health Care Unit,Primary Health Care Unit,MoH,Unity,Unity,Guit,SS0602,8.9021,30.0295,GPS,,True,True,1.0,3.0,0.125,0.0,0.0,1.0,occasional
55852,Lae Diit Primary Health Care Unit,Primary Health Care Unit,MoH,Unity,Unity,Panyijiar,SS0607,7.4577,30.4011,GPS,,True,True,7.0,152.0,0.55,5.0,2.0,3.0,occasional
55853,Langbil Nyier Primary Health Care Unit,Primary Health Care Unit,MoH,Unity,Unity,Mayendit,SS0605,8.2668,29.8159,GPS,,True,True,6.0,17.0,0.5,1.0,0.0,2.0,occasional
55854,Lanleer Primary Health Care Unit,Primary Health Care Unit,MoH,Unity,Unity,Mayendit,SS0605,8.4436,30.1981,GPS,,True,True,0.0,0.0,0.0,0.0,0.0,0.0,never
55855,Leer Primary Health Care Unit,Primary Health Care Unit,MoH,Unity,Unity,Leer,SS0604,8.2654,30.2011,GPS,,True,True,0.0,0.0,0.0,0.0,0.0,0.0,never
55856,Leer Primary Health Care Unit,Primary Health Care Unit,MoH,Unity,Unity,Leer,SS0604,8.3334,30.1986,GPS,,True,True,0.0,0.0,0.0,0.0,0.0,0.0,never
55857,Loum Primary Health Care Unit,Primary Health Care Unit,MoH,Unity,Unity,Mayendit,SS0605,8.3978,30.1296,GPS,,True,True,0.0,0.0,0.0,0.0,0.0,0.0,never
55858,Machak Primary Health Care Unit,Primary Health Care Unit,MoH,Unity,Unity,Panyijiar,SS0607,7.5172,30.2676,GPS,,True,True,0.0,0.0,0.0,0.0,0.0,0.0,never
55859,Madool Primary Health Care Unit,Primary Health Care Unit,MoH,Unity,Unity,Mayendit,SS0605,7.9034,29.8421,GPS,,True,True,1.0,1.0,0.085,0.0,0.0,0.0,occasional
55860,Majak Primary Health Care Unit,Primary Health Care Unit,MoH,Unity,Unity,Panyijiar,SS0607,7.6852,30.2613,GPS,,True,True,4.0,33.0,0.169,0.0,0.0,2.0,occasional
55861,Makur Primary Health Care Unit,Primary Health Care Unit,MoH,Unity,Unity,Panyijiar,SS0607,7.4264,30.3457,GPS,,True,True,2.0,3.0,0.052,0.0,0.0,2.0,occasional
55862,Malkuer Primary Health Care Unit,Primary Health Care Unit,MoH,Unity,Unity,Mayendit,SS0605,8.1632,29.943,GPS,,True,True,6.0,192.0,0.492,0.0,4.0,6.0,occasional
55863,Maluak Primary Health Care Unit,Primary Health Care Unit,MoH,Unity,Unity,Panyijiar,SS0607,7.7455,30.1511,GPS,,True,True,0.0,0.0,0.0,0.0,0.0,0.0,never
55864,Mankien Primary Health Care Centre,Primary Health Care Centre,MoH,Unity,Unity,Mayom,SS0606,9.0521,29.09,Geonames,,True,True,0.0,0.0,0.0,0.0,0.0,0.0,never
55865,Mayendit Primary Health Care Unit,Primary Health Care Unit,MoH,Unity,Unity,Mayendit,SS0605,7.8939,29.9608,Geonames,,True,True,4.0,78.0,0.544,2.0,3.0,3.0,occasional
55866,Mayom Pannyjir Primary Health Care Unit,Primary Health Care Unit,MoH,Unity,Unity,Panyijiar,SS0607,7.7052,30.0737,GPS,,True,True,1.0,1.0,0.017,0.0,0.0,0.0,occasional
55867,Mayom Primary Health Care Centre,Primary Health Care Centre,MoH,Unity,Unity,Mayom,SS0606,9.2222,29.1757,GPS,,True,True,0.0,0.0,0.0,0.0,0.0,0.0,never
55868,Meek Island Primary Health Care Unit,Primary Health Care Unit,MoH,Unity,Unity,Panyijiar,SS0607,7.7828,30.3064,GPS,,True,True,0.0,0.0,0.0,0.0,0.0,0.0,never
55869,Mirmir Primary Health Care Centre,Primary Health Care Centre,MoH,Unity,Unity,Koch,SS0603,8.4646,30.1023,GPS,,True,True,0.0,0.0,0.0,0.0,0.0,0.0,never
55870,Morkngok Primary Health Care Unit,Primary Health Care Unit,MoH,Unity,Unity,Panyijiar,SS0607,7.2617,30.424,GPS,,True,True,5.0,15.0,0.067,0.0,0.0,3.0,occasional
55871,Ngong Primary Health Care Unit,Primary Health Care Unit,MoH,Unity,Unity,Koch,SS0603,8.4707,30.0712,GPS,,True,True,0.0,0.0,0.0,0.0,0.0,0.0,never
55872,Ngop Primary Health Care Unit,Primary Health Care Unit,MoH,Unity,Unity,Mayom,SS0606,9.1226,28.9514,GPS,,True,True,1.0,1.0,0.017,0.0,0.0,1.0,occasional
55873,Nhial Diu Primary Health Care Centre,Primary Health Care Centre,MoH,Unity,Unity,Rubkona,SS0609,9.0262,29.6833,Geonames,,True,True,6.0,980.0,1.0,556.0,4.0,5.0,occasional
55874,Niemni Primary Health Care Unit,Primary Health Care Unit,MoH,Unity,Unity,Guit,SS0602,9.3065,30.0263,GPS,,True,True,7.0,817.0,0.576,24.0,1.0,6.0,occasional
55875,Nile Gangah B-V Primary Health Care Centre,Primary Health Care Centre,MoH,Unity,Unity,Rubkona,SS0609,9.2919,29.7952,GPS,,True,True,5.0,671.0,0.31,0.0,2.0,5.0,occasional
55876,Nor Bor Primary Health Care Unit,Primary Health Care Unit,MoH,Unity,Unity,Koch,SS0603,8.4048,29.9589,GPS,,True,True,0.0,0.0,0.0,0.0,0.0,0.0,never
55877,Nyadong Primary Health Care Unit,Primary Health Care Unit,MoH,Unity,Unity,Panyijiar,SS0607,7.7041,30.2034,GPS,,True,True,4.0,62.0,0.138,0.0,0.0,2.0,occasional
55878,Nyal Primary Health Care Centre,Primary Health Care Centre,MoH,Unity,Unity,Panyijiar,SS0607,7.7238,30.2486,GPS,,True,True,6.0,71.0,0.115,0.0,0.0,2.0,occasional
55879,Nyathar Primary Health Care Unit,Primary Health Care Unit,MoH,Unity,Unity,Guit,SS0602,9.3117,29.977,GPS,,True,True,8.0,816.0,0.483,0.0,2.0,6.0,recurrent
55880,Nyeel Primary Health Care Unit,Primary Health Care Unit,MoH,Unity,Unity,Pariang,SS0608,9.6922,29.8745,GPS,,True,True,0.0,0.0,0.0,0.0,0.0,0.0,never
55881,Pabar Primary Health Care Unit,Primary Health Care Unit,MoH,Unity,Unity,Panyijiar,SS0607,7.3452,30.4205,GPS,,True,True,3.0,27.0,0.102,0.0,0.0,0.0,occasional
55882,Pabuong Primary Health Care Unit,Primary Health Care Unit,MoH,Unity,Unity,Mayendit,SS0605,8.1239,30.0058,GPS,,True,True,15.0,431.0,0.61,1.0,0.0,9.0,recurrent
55883,Pachak Primary Health Care Unit,Primary Health Care Unit,MoH,Unity,Unity,Panyijiar,SS0607,7.2929,30.4464,GPS,,True,True,3.0,4.0,0.033,0.0,0.0,1.0,occasional
55884,Pachar Primary Health Care Unit,Primary Health Care Unit,MoH,Unity,Unity,Panyijiar,SS0607,7.3179,30.4207,GPS,,True,True,2.0,7.0,0.086,0.0,0.0,0.0,occasional
55885,Pachienjok Primary Health Care Unit,Primary Health Care Unit,MoH,Unity,Unity,Panyijiar,SS0607,7.3134,30.4627,GPS,,True,True,4.0,30.0,0.169,0.0,0.0,1.0,occasional
55886,Padeang Primary Health Care Unit,Primary Health Care Unit,MoH,Unity,Unity,Leer,SS0604,8.4054,30.1866,GPS,,True,True,0.0,0.0,0.0,0.0,0.0,0.0,never
55887,Padieng Primary Health Care Unit,Primary Health Care Unit,MoH,Unity,Unity,Panyijiar,SS0607,7.4387,30.4177,GPS,,True,True,6.0,127.0,0.738,9.0,2.0,5.0,occasional
55888,Pakam Primary Health Care Unit,Primary Health Care Unit,MoH,Unity,Unity,Panyijiar,SS0607,7.2935,30.4707,GPS,,True,True,0.0,0.0,0.0,0.0,0.0,0.0,never
55889,Pakur Primary Health Care Unit,Primary Health Care Unit,MoH,Unity,Unity,Koch,SS0603,8.6288,29.735,GPS,,True,True,0.0,0.0,0.0,0.0,0.0,0.0,never
55890,Paliay Primary Health Care Unit,Primary Health Care Unit,MoH,Unity,Unity,Panyijiar,SS0607,7.6388,30.2033,GPS,,True,True,0.0,0.0,0.0,0.0,0.0,0.0,never
55891,Panyang Primary Health Care Unit,Primary Health Care Unit,MoH,Unity,Unity,Abiemnhom,SS0601,9.4092,28.9126,GPS,,True,True,1.0,1.0,0.017,0.0,0.0,0.0,occasional
55892,Panyang Primary Health Care Unit,Primary Health Care Unit,MoH,Unity,Unity,Pariang,SS0608,10.0422,29.9259,GPS,,False,False,,,,,,,no data
55893,Pariang Primary Health Care Centre,Primary Health Care Centre,MoH,Unity,Unity,Pariang,SS0608,9.9113,29.9821,Geonames,,True,True,0.0,0.0,0.0,0.0,0.0,0.0,never
55894,Pathel Primary Health Care Unit,Primary Health Care Unit,MoH,Unity,Unity,Panyijiar,SS0607,7.655,30.2478,GPS,,True,True,1.0,1.0,0.017,0.0,0.0,0.0,occasional
55895,Phornor Primary Health Care Unit,Primary Health Care Unit,MoH,Unity,Unity,Leer,SS0604,8.3539,30.1682,GPS,,True,True,0.0,0.0,0.0,0.0,0.0,0.0,never
55896,Pouloul Primary Health Care Unit,Primary Health Care Unit,MoH,Unity,Unity,Mayendit,SS0605,8.1743,30.06,GPS,,True,True,2.0,3.0,0.153,0.0,0.0,1.0,occasional
55897,Primary Health Care Primary Health Care Centre,Primary Health Care Centre,MoH,Unity,Unity,Mayendit,SS0605,8.1318,30.0166,GPS,,True,True,10.0,137.0,0.379,0.0,3.0,5.0,recurrent
55898,Puop Primary Health Care Unit,Primary Health Care Unit,MoH,Unity,Unity,Mayom,SS0606,9.2192,29.0167,GPS,,True,True,2.0,4.0,0.053,0.0,0.0,1.0,occasional
55899,Reang Primary Health Care Centre,Primary Health Care Centre,MoH,Unity,Unity,Rubkona,SS0609,9.3567,29.4903,GPS,,True,True,2.0,61.0,0.15,0.0,0.0,0.0,occasional
55900,Reik Primary Health Care Unit,Primary Health Care Unit,MoH,Unity,Unity,Mayom,SS0606,8.9131,29.2765,GPS,,True,True,13.0,220.0,0.233,0.0,0.0,2.0,recurrent
55901,Rier Primary Health Care Unit,Primary Health Care Unit,MoH,Unity,Unity,Koch,SS0603,8.783,30.1002,GPS,,True,True,2.0,2.0,0.07,0.0,0.0,0.0,occasional
55902,Rieri Primary Health Care Unit,Primary Health Care Unit,MoH,Unity,Unity,Mayendit,SS0605,8.3212,30.0672,GPS,,True,True,2.0,20.0,0.119,0.0,0.0,0.0,occasional
55903,Ruath Nyibol Primary Health Care Unit,Primary Health Care Unit,MoH,Unity,Unity,Mayom,SS0606,9.037,28.922,GPS,,True,True,6.0,47.0,0.25,0.0,0.0,4.0,occasional
55904,Rubkona Primary Health Care Unit,Primary Health Care Unit,MoH,Unity,Unity,Rubkona,SS0609,9.2902,29.7896,GPS,,True,True,5.0,341.0,0.207,0.0,0.0,2.0,occasional
55905,Rubnor Primary Health Care Unit,Primary Health Care Unit,MoH,Unity,Unity,Mayendit,SS0605,8.4271,30.1151,GPS,,True,True,2.0,5.0,0.052,0.0,0.0,0.0,occasional
55906,Thaker Primary Health Care Unit,Primary Health Care Unit,MoH,Unity,Unity,Mayendit,SS0605,8.4407,30.0702,GPS,,True,True,1.0,3.0,0.016,0.0,0.0,0.0,occasional
55907,Thakker Primary Health Care Unit,Primary Health Care Unit,MoH,Unity,Unity,Mayendit,SS0605,8.3931,30.0494,GPS,,True,True,4.0,167.0,0.233,0.0,0.0,2.0,occasional
55908,Thoan Primary Health Care Centre,Primary Health Care Centre,MoH,Unity,Unity,Guit,SS0602,9.2917,29.8378,GPS,,True,True,5.0,71.0,0.071,0.0,0.0,2.0,occasional
55909,Thoanhuom Primary Health Care Unit,Primary Health Care Unit,MoH,Unity,Unity,Panyijiar,SS0607,7.4162,30.4658,GPS,,True,True,1.0,1.0,0.017,0.0,0.0,1.0,occasional
55910,Thonyor Primary Health Care Centre,Primary Health Care Centre,MoH,Unity,Unity,Leer,SS0604,8.2227,30.2196,GPS,,True,True,0.0,0.0,0.0,0.0,0.0,0.0,never
55911,Tiap Primary Health Care Centre,Primary Health Care Centre,MoH,Unity,Unity,Panyijiar,SS0607,7.4148,30.424,Geonames,,True,True,5.0,72.0,0.433,0.0,1.0,4.0,occasional
55912,Toor Primary Health Care Centre,Primary Health Care Centre,MoH,Unity,Unity,Pariang,SS0608,9.8452,29.7682,GPS,,True,True,0.0,0.0,0.0,0.0,0.0,0.0,never
55913,Tuet Primary Health Care Unit,Primary Health Care Unit,MoH,Unity,Unity,Koch,SS0603,8.8436,29.7542,GPS,,True,True,8.0,509.0,0.912,72.0,5.0,6.0,recurrent
55914,Tuoch Luak Primary Health Care Unit,Primary Health Care Unit,MoH,Unity,Unity,Rubkona,SS0609,8.8996,29.6866,GPS,,True,True,7.0,649.0,0.45,0.0,0.0,5.0,occasional
55915,Turkey Primary Health Care Unit,Primary Health Care Unit,MoH,Unity,Unity,Mayom,SS0606,8.7971,29.5875,GPS,,True,True,4.0,12.0,0.138,0.0,0.0,2.0,occasional
55916,Tutnyang Primary Health Care Unit,Primary Health Care Unit,MoH,Unity,Unity,Mayendit,SS0605,8.3597,30.1005,GPS,,True,True,0.0,0.0,0.0,0.0,0.0,0.0,never
55917,UNMISS PoC 2 Primary Health Care Centre,Primary Health Care Centre,MoH,Unity,Unity,Rubkona,SS0609,9.2889,29.7912,Geonames,,True,True,5.0,267.0,0.164,0.0,0.0,2.0,occasional
55918,UNMISS PoC Sector 4 Primary Health Care Unit,Primary Health Care Unit,MoH,Unity,Unity,Rubkona,SS0609,9.2569,29.7772,Geonames,,True,True,5.0,703.0,0.448,0.0,4.0,5.0,occasional
55919,Waak Primary Health Care Centre,Primary Health Care Centre,MoH,Unity,Unity,Rubkona,SS0609,8.9297,29.6162,GPS,,True,True,7.0,700.0,0.541,4.0,3.0,6.0,occasional
55920,Wanam Primary Health Care Unit,Primary Health Care Unit,MoH,Unity,Unity,Mayom,SS0606,9.0479,29.0214,GPS,,True,True,0.0,0.0,0.0,0.0,0.0,0.0,never
55921,Wang Kai Primary Health Care Centre,Primary Health Care Centre,MoH,Unity,Unity,Mayom,SS0606,9.088,29.4555,Geonames,,True,True,5.0,226.0,0.367,0.0,0.0,2.0,occasional
55922,Wathnyotni Primary Health Care Unit,Primary Health Care Unit,MoH,Unity,Unity,Guit,SS0602,9.4928,29.8938,GPS,,True,True,8.0,944.0,1.0,488.0,4.0,8.0,recurrent
55923,Wumliet Primary Health Care Unit,Primary Health Care Unit,MoH,Unity,Unity,Koch,SS0603,8.6942,29.6329,GPS,,True,True,0.0,0.0,0.0,0.0,0.0,0.0,never
55924,Yup Primary Health Care Unit,Primary Health Care Unit,MoH,Unity,Unity,Panyijiar,SS0607,7.7265,30.1824,GPS,,True,True,3.0,7.0,0.167,0.0,0.0,1.0,occasional
55925,Abong Primary Health Care Unit,Primary Health Care Unit,MoH,Upper Nile,Upper Nile,Baliet,SS0701,9.1146,32.2054,GPS,,True,True,1.0,1.0,0.017,0.0,0.0,0.0,occasional
55926,Abukadhra Primary Health Care Unit,Primary Health Care Unit,MoH,Upper Nile,Upper Nile,Renk,SS0711,11.8303,32.8001,GPS,,False,False,,,,,,,no data
55927,Aburoc Primary Health Care Unit,Primary Health Care Unit,MoH,Upper Nile,Upper Nile,Fashoda,SS0702,10.1055,32.0848,GPS,,False,False,,,,,,,no data
55928,Achake Primary Health Care Unit,Primary Health Care Unit,MoH,Upper Nile,Upper Nile,Fashoda,SS0702,9.7999,31.9827,GPS,,True,True,3.0,169.0,0.293,0.0,0.0,3.0,occasional
55929,Adong Primary Health Care Unit,Primary Health Care Unit,MoH,Upper Nile,Upper Nile,Baliet,SS0701,9.2434,32.1564,GPS,,True,True,0.0,0.0,0.0,0.0,0.0,0.0,never
55930,Akod Wieng Primary Health Care Unit,Primary Health Care Unit,MoH,Upper Nile,Upper Nile,Baliet,SS0701,9.7085,32.3373,GPS,,True,True,0.0,0.0,0.0,0.0,0.0,0.0,never
55931,Akoka Primary Health Care Unit,Primary Health Care Unit,MoH,Upper Nile,Upper Nile,Baliet,SS0701,9.7398,32.1725,GPS,,True,True,0.0,0.0,0.0,0.0,0.0,0.0,never
55932,Alaka Primary Health Care Unit,Primary Health Care Unit,MoH,Upper Nile,Upper Nile,Renk,SS0711,12.1695,32.7855,GPS,,False,False,,,,,,,no data
55933,Alel Primary Health Care Unit,Primary Health Care Unit,MoH,Upper Nile,Upper Nile,Panyikang,SS0710,9.4577,31.6083,GPS,,True,True,19.0,837.0,0.448,0.0,1.0,7.0,recurrent
55934,Athidwoi Primary Health Care Unit,Primary Health Care Unit,MoH,Upper Nile,Upper Nile,Manyo,SS0708,10.2506,32.2421,GPS,,False,False,,,,,,,no data
55935,Aweth Primary Health Care Centre,Primary Health Care Centre,MoH,Upper Nile,Upper Nile,Manyo,SS0708,10.3412,32.2232,Geonames,,False,False,,,,,,,no data
55936,Ayatt Primary Health Care Unit,Primary Health Care Unit,MoH,Upper Nile,Upper Nile,Manyo,SS0708,11.292,32.6203,GPS,,False,False,,,,,,,no data
55937,Baliet Primary Health Care Centre,Primary Health Care Centre,MoH,Upper Nile,Upper Nile,Baliet,SS0701,9.2958,32.0575,Geonames,,True,True,0.0,0.0,0.0,0.0,0.0,0.0,never
55938,Bam Primary Health Care Centre,Primary Health Care Centre,MoH,Upper Nile,Upper Nile,Malakal,SS0707,9.5033,31.659,GPS,,True,True,5.0,79.0,0.111,0.0,0.0,3.0,occasional
55939,Banglay Primary Health Care Unit,Primary Health Care Unit,MoH,Upper Nile,Upper Nile,Baliet,SS0701,9.3372,31.8842,GPS,,True,True,1.0,1.0,0.017,0.0,0.0,0.0,occasional
55940,Banjang Primary Health Care Unit,Primary Health Care Unit,MoH,Upper Nile,Upper Nile,Renk,SS0711,11.3604,32.6757,GPS,,False,False,,,,,,,no data
55941,Belwang Primary Health Care Unit,Primary Health Care Unit,MoH,Upper Nile,Upper Nile,Longochuk,SS0703,9.0926,33.3873,GPS,,True,True,0.0,0.0,0.0,0.0,0.0,0.0,never
55942,Beneshawa Primary Health Care Unit,Primary Health Care Unit,MoH,Upper Nile,Upper Nile,Maban,SS0705,9.6635,33.5328,GPS,,True,True,0.0,0.0,0.0,0.0,0.0,0.0,never
55943,Bieng Thiang Primary Health Care Unit,Primary Health Care Unit,MoH,Upper Nile,Upper Nile,Baliet,SS0701,9.8335,32.0376,GPS,,True,True,23.0,235.0,0.193,0.0,0.0,16.0,recurrent
55944,Bimbim Primary Health Care Unit,Primary Health Care Unit,MoH,Upper Nile,Upper Nile,Ulang,SS0712,8.7805,32.8499,GPS,,True,True,1.0,4.0,0.034,0.0,0.0,1.0,occasional
55945,Bol Primary Health Care Unit,Primary Health Care Unit,MoH,Upper Nile,Upper Nile,Fashoda,SS0702,9.7278,31.8596,GPS,,True,True,2.0,13.0,0.065,0.0,0.0,0.0,occasional
55946,Bomy Primary Health Care Unit,Primary Health Care Unit,MoH,Upper Nile,Upper Nile,Maban,SS0705,9.96,33.7276,GPS,,True,True,0.0,0.0,0.0,0.0,0.0,0.0,never
55947,Bounj Primary Health Care Centre,Primary Health Care Centre,MoH,Upper Nile,Upper Nile,Maban,SS0705,9.9587,33.7112,Geonames,,True,True,0.0,0.0,0.0,0.0,0.0,0.0,never
55948,Bushara Primary Health Care Unit,Primary Health Care Unit,MoH,Upper Nile,Upper Nile,Manyo,SS0708,11.6747,32.7462,GPS,,False,False,,,,,,,no data
55949,Chutbora Primary Health Care Centre,Primary Health Care Centre,MoH,Upper Nile,Upper Nile,Longochuk,SS0703,9.206,33.7532,Geonames,,True,True,0.0,0.0,0.0,0.0,0.0,0.0,never
55950,Dajok Primary Health Care Centre,Primary Health Care Centre,MoH,Upper Nile,Upper Nile,Longochuk,SS0703,9.2054,33.9582,GPS,,True,True,1.0,2.0,0.052,0.0,0.0,0.0,occasional
55951,Dangaji Primary Health Care Unit,Primary Health Care Unit,MoH,Upper Nile,Upper Nile,Maban,SS0705,9.9272,33.6548,GPS,,True,True,0.0,0.0,0.0,0.0,0.0,0.0,never
55952,Defang Primary Health Care Unit,Primary Health Care Unit,MoH,Upper Nile,Upper Nile,Malakal,SS0707,9.5708,31.6415,GPS,,True,True,16.0,52.0,0.054,0.0,0.0,12.0,recurrent
55953,Detwok Primary Health Care Unit,Primary Health Care Unit,MoH,Upper Nile,Upper Nile,Fashoda,SS0702,10.0081,32.1817,GPS,,False,False,,,,,,,no data
55954,Dome Primary Health Care Unit,Primary Health Care Unit,MoH,Upper Nile,Upper Nile,Ulang,SS0712,8.8801,32.5723,GPS,,True,True,11.0,208.0,0.262,0.0,4.0,8.0,recurrent
55955,Dorow Primary Health Care Centre,Primary Health Care Centre,MoH,Upper Nile,Upper Nile,Maban,SS0705,9.9769,33.7549,Geonames,,True,True,0.0,0.0,0.0,0.0,0.0,0.0,never
55956,Dugdug Primary Health Care Unit,Primary Health Care Unit,MoH,Upper Nile,Upper Nile,Renk,SS0711,12.0818,33.0233,GPS,,False,False,,,,,,,no data
55957,Dura Primary Health Care Unit,Primary Health Care Unit,MoH,Upper Nile,Upper Nile,Ulang,SS0712,8.7946,32.701,GPS,,True,True,2.0,31.0,0.066,0.0,0.0,0.0,occasional
55958,Ecs Primary Health Care Centre,Primary Health Care Centre,MoH,Upper Nile,Upper Nile,Malakal,SS0707,9.5252,31.6583,GPS,,True,True,0.0,0.0,0.0,0.0,0.0,0.0,never
55959,Gaiireng Primary Health Care Unit,Primary Health Care Unit,MoH,Upper Nile,Upper Nile,Luakpiny/Nasir,SS0704,8.8982,33.0281,GPS,,True,True,0.0,0.0,0.0,0.0,0.0,0.0,never
55960,Gelhak Primary Health Care Unit,Primary Health Care Unit,MoH,Upper Nile,Upper Nile,Renk,SS0711,11.0423,32.6941,GPS,,False,False,,,,,,,no data
55961,Gellachol Primary Health Care Unit,Primary Health Care Unit,MoH,Upper Nile,Upper Nile,Baliet,SS0701,9.1008,32.369,GPS,,True,True,0.0,0.0,0.0,0.0,0.0,0.0,never
55962,Genkwata Primary Health Care Unit,Primary Health Care Unit,MoH,Upper Nile,Upper Nile,Maban,SS0705,10.1139,33.4604,GPS,,False,False,,,,,,,no data
55963,Gesm Allah Primary Health Care Unit,Primary Health Care Unit,MoH,Upper Nile,Upper Nile,Maban,SS0705,9.9657,33.8077,GPS,,True,True,0.0,0.0,0.0,0.0,0.0,0.0,never
55964,Gieger Primary Health Care Centre,Primary Health Care Centre,MoH,Upper Nile,Upper Nile,Renk,SS0711,11.9903,32.7588,Geonames,,False,False,,,,,,,no data
55965,Global Health Primary Health Care Centre,Primary Health Care Centre,MoH,Upper Nile,Upper Nile,Malakal,SS0707,9.538,31.6537,GPS,,True,True,0.0,0.0,0.0,0.0,0.0,0.0,never
55966,Globany Primary Health Care Unit,Primary Health Care Unit,MoH,Upper Nile,Upper Nile,Fashoda,SS0702,9.8568,32.0254,GPS,,True,True,3.0,21.0,0.05,0.0,0.0,0.0,occasional
55967,Goldora Primary Health Care Unit,Primary Health Care Unit,MoH,Upper Nile,Upper Nile,Melut,SS0709,10.2717,32.4633,GPS,,False,False,,,,,,,no data
55968,Gollo Primary Health Care Unit,Primary Health Care Unit,MoH,Upper Nile,Upper Nile,Fashoda,SS0702,9.9601,32.1533,GPS,,True,True,3.0,60.0,0.119,0.0,0.0,1.0,occasional
55969,Guelguk Primary Health Care Centre,Primary Health Care Centre,MoH,Upper Nile,Upper Nile,Longochuk,SS0703,9.7555,32.9801,Geonames,,True,True,0.0,0.0,0.0,0.0,0.0,0.0,never
55970,Gurnyang Primary Health Care Unit,Primary Health Care Unit,MoH,Upper Nile,Upper Nile,Luakpiny/Nasir,SS0704,8.6967,33.3949,GPS,,True,True,1.0,1.0,0.033,0.0,0.0,0.0,occasional
55971,Gusfami Primary Health Care Unit,Primary Health Care Unit,MoH,Upper Nile,Upper Nile,Renk,SS0711,11.9257,32.874,GPS,,False,False,,,,,,,no data
55972,Homkot Primary Health Care Unit,Primary Health Care Unit,MoH,Upper Nile,Upper Nile,Luakpiny/Nasir,SS0704,8.7151,33.086,GPS,,True,True,6.0,18.0,0.119,0.0,0.0,2.0,occasional
55973,Ikol Islamic R. Org Primary Health Care Unit,Primary Health Care Unit,FBO/NGO,Upper Nile,Upper Nile,Malakal,SS0707,9.5134,31.6585,GPS,,True,True,2.0,6.0,0.034,0.0,0.0,0.0,occasional
55974,Jamam Primary Health Care Unit,Primary Health Care Unit,MoH,Upper Nile,Upper Nile,Maban,SS0705,10.1439,33.2283,GPS,,False,False,,,,,,,no data
55975,Jikmir Primary Health Care Centre,Primary Health Care Centre,MoH,Upper Nile,Upper Nile,Luakpiny/Nasir,SS0704,8.4533,33.1892,Geonames,,True,True,7.0,39.0,0.15,0.0,0.0,3.0,occasional
55976,Jokon Primary Health Care Unit,Primary Health Care Unit,MoH,Upper Nile,Upper Nile,Maiwut,SS0706,8.3701,33.7666,GPS,,True,True,0.0,0.0,0.0,0.0,0.0,0.0,never
55977,Jongok Primary Health Care Unit,Primary Health Care Unit,MoH,Upper Nile,Upper Nile,Longochuk,SS0703,9.0547,33.4275,GPS,,True,True,0.0,0.0,0.0,0.0,0.0,0.0,never
55978,Jotume Primary Health Care Unit,Primary Health Care Unit,MoH,Upper Nile,Upper Nile,Maiwut,SS0706,8.6533,33.7658,GPS,,True,True,0.0,0.0,0.0,0.0,0.0,0.0,never
55979,Jurbenak Primary Health Care Unit,Primary Health Care Unit,MoH,Upper Nile,Upper Nile,Renk,SS0711,12.0381,33.029,GPS,,False,False,,,,,,,no data
55980,Kaka Primary Health Care Centre,Primary Health Care Centre,MoH,Upper Nile,Upper Nile,Manyo,SS0708,10.5791,32.1574,GPS,,False,False,,,,,,,no data
55981,Khor Tumbak Primary Health Care Unit,Primary Health Care Unit,MoH,Upper Nile,Upper Nile,Maban,SS0705,10.1601,33.8693,GPS,,False,False,,,,,,,no data
55982,Kiech Kuon Primary Health Care Centre,Primary Health Care Centre,MoH,Upper Nile,Upper Nile,Luakpiny/Nasir,SS0704,8.9511,32.9297,Geonames,,True,True,5.0,56.0,0.333,0.0,0.0,2.0,occasional
55983,Kierwan Primary Health Care Unit,Primary Health Care Unit,MoH,Upper Nile,Upper Nile,Luakpiny/Nasir,SS0704,8.7822,33.0404,GPS,,True,True,1.0,2.0,0.017,0.0,0.0,0.0,occasional
55984,Kiggile Primary Health Care Unit,Primary Health Care Unit,MoH,Upper Nile,Upper Nile,Maiwut,SS0706,8.6873,34.0268,GPS,,True,True,0.0,0.0,0.0,0.0,0.0,0.0,never
55985,Kilo 15 Primary Health Care Unit,Primary Health Care Unit,MoH,Upper Nile,Upper Nile,Renk,SS0711,12.1414,32.8221,GPS,,False,False,,,,,,,no data
55986,Kilo 5 Primary Health Care Unit,Primary Health Care Unit,MoH,Upper Nile,Upper Nile,Renk,SS0711,12.0541,32.8202,GPS,,False,False,,,,,,,no data
55987,Koat Primary Health Care Unit,Primary Health Care Unit,MoH,Upper Nile,Upper Nile,Luakpiny/Nasir,SS0704,8.652,33.1088,GPS,,True,True,4.0,32.0,0.155,0.0,0.0,1.0,occasional
55988,Kodok Hospital Primary Health Care Centre,Primary Health Care Centre,MoH,Upper Nile,Upper Nile,Fashoda,SS0702,9.8916,32.1152,GPS,,True,True,16.0,167.0,0.138,0.0,0.0,0.0,recurrent
55989,Kodok Primary Health Care Centre,Primary Health Care Centre,MoH,Upper Nile,Upper Nile,Fashoda,SS0702,9.8905,32.1162,GPS,,True,True,18.0,177.0,0.183,0.0,0.0,3.0,recurrent
55990,Koloug Primary Health Care Unit,Primary Health Care Unit,MoH,Upper Nile,Upper Nile,Renk,SS0711,11.9827,32.9702,GPS,,False,False,,,,,,,no data
55991,Kuich Primary Health Care Unit,Primary Health Care Unit,MoH,Upper Nile,Upper Nile,Ulang,SS0712,8.603,32.9063,GPS,,True,True,13.0,261.0,0.172,0.0,0.0,5.0,recurrent
55992,Kwek Primary Health Care Unit,Primary Health Care Unit,MoH,Upper Nile,Upper Nile,Manyo,SS0708,11.927,32.7185,GPS,,False,False,,,,,,,no data
55993,Latbier Primary Health Care Unit,Primary Health Care Unit,MoH,Upper Nile,Upper Nile,Renk,SS0711,11.5412,32.7375,GPS,,False,False,,,,,,,no data
55994,Lelo Primary Health Care Unit,Primary Health Care Unit,MoH,Upper Nile,Upper Nile,Malakal,SS0707,9.5228,31.6301,GPS,,True,True,4.0,87.0,0.167,0.0,0.0,3.0,occasional
55995,Liang Primary Health Care Unit,Primary Health Care Unit,MoH,Upper Nile,Upper Nile,Maban,SS0705,9.8832,33.6302,GPS,,True,True,0.0,0.0,0.0,0.0,0.0,0.0,never
55996,Longuchuk County Hospital,County Hospital,MoH,Upper Nile,Upper Nile,Longochuk,SS0703,9.0266,33.4987,GPS,,True,True,0.0,0.0,0.0,0.0,0.0,0.0,never
55997,Lonylok Primary Health Care Unit,Primary Health Care Unit,MoH,Upper Nile,Upper Nile,Luakpiny/Nasir,SS0704,8.9925,33.0259,GPS,,True,True,0.0,0.0,0.0,0.0,0.0,0.0,never
55998,Lual Yak Primary Health Care Unit,Primary Health Care Unit,MoH,Upper Nile,Upper Nile,Luakpiny/Nasir,SS0704,8.7702,32.9771,GPS,,True,True,2.0,19.0,0.138,0.0,1.0,2.0,occasional
55999,Luek Primary Health Care Unit,Primary Health Care Unit,MoH,Upper Nile,Upper Nile,Luakpiny/Nasir,SS0704,8.581,33.1894,GPS,,True,True,1.0,4.0,0.035,0.0,0.0,1.0,occasional
56000,Lul West Primary Health Care Centre,Primary Health Care Centre,MoH,Upper Nile,Upper Nile,Fashoda,SS0702,9.7475,31.9219,Geonames,,True,True,16.0,196.0,0.41,0.0,0.0,2.0,recurrent
56001,Mading Primary Health Care Centre,Primary Health Care Centre,MoH,Upper Nile,Upper Nile,Luakpiny/Nasir,SS0704,8.7727,33.3217,Geonames,,True,True,0.0,0.0,0.0,0.0,0.0,0.0,never
56002,Magangs Primary Health Care Unit,Primary Health Care Unit,MoH,Upper Nile,Upper Nile,Manyo,SS0708,11.9348,32.1313,GPS,,False,False,,,,,,,no data
56003,Maiwut Primary Health Care Centre,Primary Health Care Centre,MoH,Upper Nile,Upper Nile,Maiwut,SS0706,8.6062,33.9241,Geonames,,True,True,0.0,0.0,0.0,0.0,0.0,0.0,never
56004,Makal Primary Health Care Unit,Primary Health Care Unit,MoH,Upper Nile,Upper Nile,Malakal,SS0707,9.6204,31.6505,GPS,,True,True,6.0,326.0,0.492,0.0,4.0,5.0,occasional
56005,Maker Primary Health Care Unit,Primary Health Care Unit,MoH,Upper Nile,Upper Nile,Luakpiny/Nasir,SS0704,8.4727,33.311,GPS,,True,True,1.0,1.0,0.017,0.0,0.0,0.0,occasional
56006,Malakal Teaching Hospital,Teaching Hospital,MoH,Upper Nile,Upper Nile,Malakal,SS0707,9.5283,31.6506,GPS,,True,True,4.0,117.0,0.159,0.0,0.0,4.0,occasional
56007,Malaw Primary Health Care Unit,Primary Health Care Unit,MoH,Upper Nile,Upper Nile,Longochuk,SS0703,8.9354,33.5715,GPS,,True,True,1.0,2.0,0.052,0.0,0.0,0.0,occasional
56008,Malek _Melut Primary Health Care Unit,Primary Health Care Unit,MoH,Upper Nile,Upper Nile,Melut,SS0709,10.0611,32.2795,Geonames,,False,False,,,,,,,no data
56009,Malek Primary Health Care Unit,Primary Health Care Unit,MoH,Upper Nile,Upper Nile,Luakpiny/Nasir,SS0704,8.8163,33.0473,GPS,,True,True,0.0,0.0,0.0,0.0,0.0,0.0,never
56010,Mallo Primary Health Care Centre,Primary Health Care Centre,MoH,Upper Nile,Upper Nile,Fashoda,SS0702,10.0491,32.2086,Geonames,,False,False,,,,,,,no data
56011,Mandeng Nasir Primary Health Care Unit,Primary Health Care Unit,MoH,Upper Nile,Upper Nile,Luakpiny/Nasir,SS0704,8.5323,33.1199,Geonames,,True,True,8.0,233.0,0.23,0.0,0.0,1.0,recurrent
56012,Meluf Primary Health Care Centre,Primary Health Care Centre,MoH,Upper Nile,Upper Nile,Melut,SS0709,10.4371,32.1898,GPS,,False,False,,,,,,,no data
56013,Melut County Hospital,County Hospital,MoH,Upper Nile,Upper Nile,Melut,SS0709,10.4444,32.2008,GPS,,False,False,,,,,,,no data
56014,Molbuk Primary Health Care Unit,Primary Health Care Unit,MoH,Upper Nile,Upper Nile,Renk,SS0711,11.1565,32.6796,GPS,,False,False,,,,,,,no data
56015,MSF- Holland Hosp. Primary Health Care Centre,Primary Health Care Centre,FBO/NGO,Upper Nile,Upper Nile,Luakpiny/Nasir,SS0704,8.611,33.058,Geonames,,True,True,18.0,592.0,0.254,0.0,0.0,9.0,recurrent
56016,Mulukia Primary Health Care Centre,Primary Health Care Centre,MoH,Upper Nile,Upper Nile,Malakal,SS0707,9.5447,31.6467,Geonames,,True,True,6.0,108.0,0.115,0.0,0.0,1.0,occasional
56017,N.H.I.F Primary Health Care Centre,Primary Health Care Centre,MoH,Upper Nile,Upper Nile,Malakal,SS0707,9.5273,31.6513,GPS,,True,True,4.0,109.0,0.153,0.0,0.0,4.0,occasional
56018,N.H.I.F Primary Health Care Centre,Primary Health Care Centre,MoH,Upper Nile,Upper Nile,Manyo,SS0708,11.61,32.7253,GPS,,False,False,,,,,,,no data
56019,N.H.I.F Primary Health Care Centre,Primary Health Care Centre,MoH,Upper Nile,Upper Nile,Renk,SS0711,11.7424,32.8118,GPS,,False,False,,,,,,,no data
56020,Nassir County Hospital,County Hospital,MoH,Upper Nile,Upper Nile,Luakpiny/Nasir,SS0704,8.617,33.0744,GPS,,True,True,11.0,168.0,0.241,0.0,0.0,1.0,recurrent
56021,Natural Health Primary Health Care Centre,Primary Health Care Centre,MoH,Upper Nile,Upper Nile,Malakal,SS0707,9.5472,31.6502,GPS,,True,True,1.0,1.0,0.017,0.0,0.0,0.0,occasional
56022,New Guffa Primary Health Care Unit,Primary Health Care Unit,MoH,Upper Nile,Upper Nile,Maban,SS0705,9.924,33.6532,GPS,,True,True,0.0,0.0,0.0,0.0,0.0,0.0,never
56023,Nilla Primary Health Care Unit,Primary Health Care Unit,MoH,Upper Nile,Upper Nile,Maban,SS0705,10.1075,33.8252,GPS,,False,False,,,,,,,no data
56024,Nyatok Primary Health Care Unit,Primary Health Care Unit,MoH,Upper Nile,Upper Nile,Maiwut,SS0706,8.5445,33.8268,GPS,,True,True,0.0,0.0,0.0,0.0,0.0,0.0,never
56025,Nyibod Primary Health Care Unit,Primary Health Care Unit,MoH,Upper Nile,Upper Nile,Panyikang,SS0710,9.4873,31.0093,GPS,,True,True,5.0,374.0,0.65,10.0,2.0,5.0,occasional
56026,Nyiluak Primary Health Care Centre,Primary Health Care Centre,MoH,Upper Nile,Upper Nile,Panyikang,SS0710,9.4124,31.2954,Geonames,,True,True,2.0,10.0,0.052,0.0,0.0,2.0,occasional
56027,Obei Primary Health Care Centre,Primary Health Care Centre,MoH,Upper Nile,Upper Nile,Panyikang,SS0710,9.3761,31.5726,GPS,,True,True,2.0,97.0,0.217,0.0,2.0,2.0,occasional
56028,Odeer Primary Health Care Unit,Primary Health Care Unit,MoH,Upper Nile,Upper Nile,Manyo,SS0708,10.769,32.3057,GPS,,False,False,,,,,,,no data
56029,Ogon Primary Health Care Unit,Primary Health Care Unit,MoH,Upper Nile,Upper Nile,Manyo,SS0708,10.1312,32.2702,GPS,,False,False,,,,,,,no data
56030,Omar Primary Health Care Centre,Primary Health Care Centre,MoH,Upper Nile,Upper Nile,Manyo,SS0708,11.7283,32.7753,GPS,,False,False,,,,,,,no data
56031,Omduluis Primary Health Care Unit,Primary Health Care Unit,MoH,Upper Nile,Upper Nile,Renk,SS0711,12.141,33.1054,GPS,,False,False,,,,,,,no data
56032,Oriny Primary Health Care Centre,Primary Health Care Centre,MoH,Upper Nile,Upper Nile,Fashoda,SS0702,9.8678,31.89,Geonames,,True,True,3.0,8.0,0.033,0.0,0.0,0.0,occasional
56033,Otego Primary Health Care Unit,Primary Health Care Unit,MoH,Upper Nile,Upper Nile,Fashoda,SS0702,9.8939,31.9928,GPS,,True,True,2.0,8.0,0.1,0.0,0.0,2.0,occasional
56034,Oweci Primary Health Care Centre,Primary Health Care Centre,MoH,Upper Nile,Upper Nile,Panyikang,SS0710,9.4337,31.5759,GPS,,True,True,3.0,124.0,0.288,0.0,0.0,3.0,occasional
56035,Pagat Primary Health Care Centre,Primary Health Care Centre,MoH,Upper Nile,Upper Nile,Maiwut,SS0706,8.5076,34.0136,GPS,,True,True,5.0,17.0,0.183,0.0,2.0,5.0,occasional
56036,Pakang Primary Health Care Unit,Primary Health Care Unit,MoH,Upper Nile,Upper Nile,Panyikang,SS0710,9.3651,31.4679,GPS,,True,True,17.0,399.0,0.317,0.0,0.0,5.0,recurrent
56037,Pakwar Primary Health Care Unit,Primary Health Care Unit,MoH,Upper Nile,Upper Nile,Panyikang,SS0710,9.3761,31.3974,GPS,,True,True,9.0,207.0,0.333,0.0,1.0,3.0,recurrent
56038,Paloch Ii Primary Health Care Unit,Primary Health Care Unit,MoH,Upper Nile,Upper Nile,Melut,SS0709,10.4604,32.5435,GPS,,False,False,,,,,,,no data
56039,Paloch Primary Health Care Unit,Primary Health Care Unit,MoH,Upper Nile,Upper Nile,Melut,SS0709,10.4657,32.5481,GPS,,False,False,,,,,,,no data
56040,Pamac Primary Health Care Unit,Primary Health Care Unit,MoH,Upper Nile,Upper Nile,Longochuk,SS0703,8.9211,33.7431,GPS,,True,True,0.0,0.0,0.0,0.0,0.0,0.0,never
56041,Papojo Primary Health Care Unit,Primary Health Care Unit,MoH,Upper Nile,Upper Nile,Panyikang,SS0710,9.5076,30.9416,GPS,,True,True,17.0,502.0,0.5,1.0,2.0,9.0,recurrent
56042,Pariak Primary Health Care Unit,Primary Health Care Unit,MoH,Upper Nile,Upper Nile,Melut,SS0709,10.5608,32.5506,GPS,,False,False,,,,,,,no data
56043,Renk County Hospital,County Hospital,MoH,Upper Nile,Upper Nile,Renk,SS0711,11.749,32.8,GPS,,False,False,,,,,,,no data
56044,Riang Primary Health Care Unit,Primary Health Care Unit,MoH,Upper Nile,Upper Nile,Ulang,SS0712,9.0908,32.7465,GPS,,True,True,13.0,151.0,0.556,3.0,0.0,4.0,recurrent
56045,Rom Primary Health Care Unit,Primary Health Care Unit,MoH,Upper Nile,Upper Nile,Baliet,SS0701,9.882,32.1537,GPS,,True,True,4.0,27.0,0.067,0.0,0.0,0.0,occasional
56046,Romale Primary Health Care Unit,Primary Health Care Unit,MoH,Upper Nile,Upper Nile,Renk,SS0711,12.076,32.7822,GPS,,False,False,,,,,,,no data
56047,Rup Board Primary Health Care Centre,Primary Health Care Centre,MoH,Upper Nile,Upper Nile,Ulang,SS0712,8.6691,32.7915,Geonames,,True,True,4.0,45.0,0.211,0.0,0.0,3.0,occasional
56048,Shamidi Primary Health Care Unit,Primary Health Care Unit,MoH,Upper Nile,Upper Nile,Renk,SS0711,11.5163,32.9707,GPS,,False,False,,,,,,,no data
56049,Shatta Primary Health Care Unit,Primary Health Care Unit,MoH,Upper Nile,Upper Nile,Maban,SS0705,9.5342,33.6608,GPS,,True,True,2.0,8.0,0.25,0.0,0.0,1.0,occasional
56050,Ssc Primary Health Care Centre,Primary Health Care Centre,MoH,Upper Nile,Upper Nile,Malakal,SS0707,9.5309,31.6613,GPS,,True,True,0.0,0.0,0.0,0.0,0.0,0.0,never
56051,Thangrial Primary Health Care Unit,Primary Health Care Unit,MoH,Upper Nile,Upper Nile,Melut,SS0709,10.3076,32.2679,GPS,,False,False,,,,,,,no data
56052,Thwor Gwang Primary Health Care Unit,Primary Health Care Unit,MoH,Upper Nile,Upper Nile,Manyo,SS0708,11.001,32.6424,GPS,,False,False,,,,,,,no data
56053,Toloar Primary Health Care Unit,Primary Health Care Unit,MoH,Upper Nile,Upper Nile,Luakpiny/Nasir,SS0704,9.0294,32.8747,GPS,,True,True,7.0,40.0,0.263,0.0,0.0,3.0,occasional
56054,Tonga Primary Health Care Centre,Primary Health Care Centre,MoH,Upper Nile,Upper Nile,Panyikang,SS0710,9.47,31.0494,GPS,,True,True,5.0,184.0,0.095,0.0,0.0,3.0,occasional
56055,Turu Primary Health Care Unit,Primary Health Care Unit,MoH,Upper Nile,Upper Nile,Maiwut,SS0706,8.5005,33.9368,GPS,,True,True,0.0,0.0,0.0,0.0,0.0,0.0,never
56056,Ugier Primary Health Care Unit,Primary Health Care Unit,MoH,Upper Nile,Upper Nile,Longochuk,SS0703,9.313,33.6841,GPS,,True,True,0.0,0.0,0.0,0.0,0.0,0.0,never
56057,Ulang Primary Health Care Centre,Primary Health Care Centre,MoH,Upper Nile,Upper Nile,Ulang,SS0712,8.656,32.7204,Geonames,,True,True,15.0,265.0,0.119,0.0,0.0,0.0,recurrent
56058,Uleng One/Luajak Primary Health Care Centre,Primary Health Care Centre,MoH,Upper Nile,Upper Nile,Maiwut,SS0706,8.7147,33.7488,GPS,,True,True,0.0,0.0,0.0,0.0,0.0,0.0,never
56059,Wadakon Primary Health Care Centre,Primary Health Care Centre,MoH,Upper Nile,Upper Nile,Manyo,SS0708,11.6081,32.7284,GPS,,False,False,,,,,,,no data
56060,Wanamum Primary Health Care Unit,Primary Health Care Unit,MoH,Upper Nile,Upper Nile,Melut,SS0709,10.1698,32.8129,GPS,,False,False,,,,,,,no data
56061,Wanthaw Primary Health Care Centre,Primary Health Care Centre,MoH,Upper Nile,Upper Nile,Renk,SS0711,12.2071,32.8002,Geonames,,False,False,,,,,,,no data
56062,Waraj Wok Primary Health Care Centre,Primary Health Care Centre,MoH,Upper Nile,Upper Nile,Malakal,SS0707,9.4738,31.6339,GPS,,True,True,7.0,94.0,0.274,0.0,1.0,6.0,occasional
56063,Wau Shilluk Health Primary Health Care Centre,Primary Health Care Centre,MoH,Upper Nile,Upper Nile,Malakal,SS0707,9.6613,31.7459,Geonames,,True,True,6.0,173.0,0.172,0.0,0.0,5.0,occasional
56064,Wugisa Primary Health Care Unit,Primary Health Care Unit,MoH,Upper Nile,Upper Nile,Maiwut,SS0706,8.8959,34.0842,GPS,,True,True,0.0,0.0,0.0,0.0,0.0,0.0,never
56065,Wunkir Primary Health Care Unit,Primary Health Care Unit,MoH,Upper Nile,Upper Nile,Maiwut,SS0706,8.6434,33.8441,GPS,,True,True,0.0,0.0,0.0,0.0,0.0,0.0,never
56066,Yomding Primary Health Care Unit,Primary Health Care Unit,MoH,Upper Nile,Upper Nile,Ulang,SS0712,8.6356,32.8385,GPS,,True,True,9.0,175.0,0.15,0.0,0.0,1.0,recurrent
56067,Adet Primary Health Care Unit,Primary Health Care Unit,MoH,Warrap,Warrap,Gogrial West,SS0802,8.0275,28.1377,Geonames,,True,True,0.0,0.0,0.0,0.0,0.0,0.0,never
56068,Agaat Dit Primary Health Care Unit,Primary Health Care Unit,MoH,Warrap,Warrap,Gogrial West,SS0802,8.7841,27.9969,GPS,,True,True,5.0,128.0,0.883,38.0,2.0,4.0,occasional
56069,Agaigai Primary Health Care Unit,Primary Health Care Unit,MoH,Warrap,Warrap,Gogrial East,SS0801,8.5254,28.5432,GPS,,True,True,8.0,207.0,0.763,17.0,4.0,7.0,recurrent
56070,Aget Primary Health Care Unit,Primary Health Care Unit,MoH,Warrap,Warrap,Gogrial West,SS0802,8.2462,27.9813,GPS,,True,True,0.0,0.0,0.0,0.0,0.0,0.0,never
56071,Aguka Primary Health Care Unit,Primary Health Care Unit,MoH,Warrap,Warrap,Tonj South,SS0805,6.9799,28.7163,GPS,,True,True,0.0,0.0,0.0,0.0,0.0,0.0,never
56072,Ajak Kuac Primary Health Care Centre,Primary Health Care Centre,MoH,Warrap,Warrap,Twic,SS0806,9.2909,28.7099,GPS,,True,True,0.0,0.0,0.0,0.0,0.0,0.0,never
56073,Ajiep Primary Health Care Centre,Primary Health Care Centre,MoH,Warrap,Warrap,Gogrial West,SS0802,8.2656,28.0894,Geonames,,True,True,0.0,0.0,0.0,0.0,0.0,0.0,never
56074,Ajogo Primary Health Care Unit,Primary Health Care Unit,MoH,Warrap,Warrap,Gogrial East,SS0801,8.7072,28.4252,GPS,,True,True,2.0,2.0,0.017,0.0,0.0,0.0,occasional
56075,Ajong Primary Health Care Unit,Primary Health Care Unit,MoH,Warrap,Warrap,Twic,SS0806,9.0791,28.3433,GPS,,True,True,4.0,76.0,0.276,0.0,0.0,3.0,occasional
56076,Akiar Primary Health Care Unit,Primary Health Care Unit,MoH,Warrap,Warrap,Tonj East,SS0803,7.6529,28.8862,GPS,,True,True,0.0,0.0,0.0,0.0,0.0,0.0,never
56077,Akok Primary Health Care Centre,Primary Health Care Centre,MoH,Warrap,Warrap,Twic,SS0806,9.0687,28.1144,Geonames,,True,True,0.0,0.0,0.0,0.0,0.0,0.0,never
56078,Akon Primary Health Care Unit,Primary Health Care Unit,MoH,Warrap,Warrap,Gogrial West,SS0802,8.8873,27.957,Geonames,,True,True,8.0,80.0,0.103,0.0,0.0,0.0,recurrent
56079,Akop Primary Health Care Centre,Primary Health Care Centre,MoH,Warrap,Warrap,Tonj North,SS0804,8.3585,29.1647,GPS,,True,True,3.0,10.0,0.211,0.0,0.0,1.0,occasional
56080,Akurbiok Primary Health Care Unit,Primary Health Care Unit,MoH,Warrap,Warrap,Tonj North,SS0804,8.0875,28.4583,GPS,,True,True,0.0,0.0,0.0,0.0,0.0,0.0,never
56081,Alabek Primary Health Care Centre,Primary Health Care Centre,MoH,Warrap,Warrap,Tonj North,SS0804,8.5346,28.927,Geonames,,True,True,0.0,0.0,0.0,0.0,0.0,0.0,never
56082,Alek Primary Health Care Centre,Primary Health Care Centre,MoH,Warrap,Warrap,Gogrial West,SS0802,8.6639,28.1486,GPS,,True,True,0.0,0.0,0.0,0.0,0.0,0.0,never
56083,Aliek Primary Health Care Centre,Primary Health Care Centre,MoH,Warrap,Warrap,Tonj North,SS0804,8.3953,28.6873,GPS,,True,True,0.0,0.0,0.0,0.0,0.0,0.0,never
56085,Ananatak Primary Health Care Unit,Primary Health Care Unit,MoH,Warrap,Warrap,Tonj East,SS0803,7.7322,29.0254,GPS,,True,True,0.0,0.0,0.0,0.0,0.0,0.0,never
56086,Angeruger Primary Health Care Unit,Primary Health Care Unit,MoH,Warrap,Warrap,Gogrial East,SS0801,8.3712,28.4263,GPS,,True,True,0.0,0.0,0.0,0.0,0.0,0.0,never
56087,Angui Primary Health Care Unit,Primary Health Care Unit,MoH,Warrap,Northern Bahr el Ghazal,Aweil East,SS0502,9.03,27.7499,GPS,Admin1 label != state it falls in,True,True,10.0,46.0,0.103,0.0,0.0,1.0,recurrent
56088,Anguoth Primary Health Care Unit,Primary Health Care Unit,MoH,Warrap,Warrap,Gogrial West,SS0802,8.7768,28.2004,GPS,,True,True,0.0,0.0,0.0,0.0,0.0,0.0,never
56089,Angur Primary Health Care Unit,Primary Health Care Unit,MoH,Warrap,Western Bahr el Ghazal,Jur River,SS0901,7.1012,28.4668,GPS,Admin1 label != state it falls in,True,True,0.0,0.0,0.0,0.0,0.0,0.0,never
56090,Anyiel Primary Health Care Unit,Primary Health Care Unit,MoH,Warrap,Warrap,Twic,SS0806,9.2599,28.5385,GPS,,True,True,0.0,0.0,0.0,0.0,0.0,0.0,never
56091,Aporlang Primary Health Care Unit,Primary Health Care Unit,MoH,Warrap,Warrap,Tonj North,SS0804,8.1453,28.5404,GPS,,True,True,0.0,0.0,0.0,0.0,0.0,0.0,never
56092,Athieng-Pool Primary Health Care Unit,Primary Health Care Unit,MoH,Warrap,Warrap,Tonj North,SS0804,8.3491,29.0734,GPS,,True,True,0.0,0.0,0.0,0.0,0.0,0.0,never
56093,Atuk Kuel Primary Health Care Unit,Primary Health Care Unit,MoH,Warrap,Warrap,Gogrial West,SS0802,8.6441,27.9959,GPS,,True,True,0.0,0.0,0.0,0.0,0.0,0.0,never
56094,Aweng Primary Health Care Centre,Primary Health Care Centre,MoH,Warrap,Warrap,Twic,SS0806,9.0988,28.5595,Geonames,,True,True,0.0,0.0,0.0,0.0,0.0,0.0,never
56095,Awul Primary Health Care Unit,Primary Health Care Unit,MoH,Warrap,Warrap,Tonj North,SS0804,8.1888,28.736,GPS,,True,True,0.0,0.0,0.0,0.0,0.0,0.0,never
56096,Awut Wut Primary Health Care Unit,Primary Health Care Unit,MoH,Warrap,Warrap,Gogrial East,SS0801,8.5939,28.6143,GPS,,True,True,0.0,0.0,0.0,0.0,0.0,0.0,never
56097,Aywang Primary Health Care Unit,Primary Health Care Unit,MoH,Warrap,Warrap,Gogrial West,SS0802,8.3847,28.1758,GPS,,True,True,3.0,41.0,0.419,0.0,0.0,1.0,occasional
56098,Billic Primary Health Care Unit,Primary Health Care Unit,MoH,Warrap,Warrap,Gogrial East,SS0801,8.4768,28.4809,GPS,,True,True,6.0,80.0,0.31,0.0,0.0,2.0,occasional
56099,Bolyom Primary Health Care Unit,Primary Health Care Unit,MoH,Warrap,Warrap,Twic,SS0806,9.1092,28.6085,GPS,,True,True,0.0,0.0,0.0,0.0,0.0,0.0,never
56100,Bulyom Primary Health Care Unit,Primary Health Care Unit,MoH,Warrap,Warrap,Twic,SS0806,9.1089,28.6045,Geonames,,True,True,0.0,0.0,0.0,0.0,0.0,0.0,never
56101,Daniel Comboni Hospital Primary Health Care Centre,Primary Health Care Centre,FBO/NGO,Warrap,Warrap,Tonj North,SS0804,8.0332,29.1827,GPS,,True,True,0.0,0.0,0.0,0.0,0.0,0.0,never
56102,Dhiau Agaal Primary Health Care Unit,Primary Health Care Unit,MoH,Warrap,Warrap,Twic,SS0806,9.1643,27.9758,GPS,,True,True,13.0,87.0,0.508,1.0,2.0,4.0,recurrent
56103,Don Bosco Primary Health Care Centre,Primary Health Care Centre,MoH,Warrap,Warrap,Tonj South,SS0805,7.272,28.6789,Geonames,,True,True,10.0,73.0,0.153,0.0,0.0,0.0,recurrent
56104,Gogrial Primary Health Care Centre,Primary Health Care Centre,MoH,Warrap,Warrap,Gogrial West,SS0802,8.5268,28.1001,GPS,,True,True,6.0,29.0,0.054,0.0,0.0,0.0,occasional
56106,Jak Primary Health Care Unit,Primary Health Care Unit,MoH,Warrap,Warrap,Tonj South,SS0805,7.6665,28.7015,GPS,,True,True,0.0,0.0,0.0,0.0,0.0,0.0,never
56107,Kacuat Primary Health Care Unit,Primary Health Care Unit,MoH,Warrap,Warrap,Tonj East,SS0803,7.9468,29.1794,GPS,,True,True,0.0,0.0,0.0,0.0,0.0,0.0,never
56108,Kal Ruel Primary Health Care Unit,Primary Health Care Unit,MoH,Warrap,Warrap,Tonj South,SS0805,7.277,28.6836,GPS,,True,True,7.0,46.0,0.071,0.0,0.0,0.0,occasional
56109,Keet Primary Health Care Unit,Primary Health Care Unit,MoH,Warrap,Warrap,Gogrial West,SS0802,8.8185,28.0709,GPS,,True,True,6.0,116.0,0.589,9.0,1.0,3.0,occasional
56110,Kirrik Primary Health Care Unit,Primary Health Care Unit,MoH,Warrap,Warrap,Tonj North,SS0804,7.8855,28.8162,GPS,,True,True,0.0,0.0,0.0,0.0,0.0,0.0,never
56111,Kuajok Primary Health Care Centre,Primary Health Care Centre,MoH,Warrap,Warrap,Gogrial West,SS0802,8.2966,27.9824,GPS,,True,True,3.0,5.0,0.017,0.0,0.0,0.0,occasional
56112,Kuelcuk Primary Health Care Unit,Primary Health Care Unit,MoH,Warrap,Warrap,Tonj East,SS0803,8.0495,29.308,GPS,,True,True,0.0,0.0,0.0,0.0,0.0,0.0,never
56113,Liefnhom Primary Health Care Centre,Primary Health Care Centre,MoH,Warrap,Warrap,Gogrial East,SS0801,8.5976,28.4726,GPS,,True,True,0.0,0.0,0.0,0.0,0.0,0.0,never
56114,Luonyaker Primary Health Care Centre,Primary Health Care Centre,MoH,Warrap,Warrap,Gogrial East,SS0801,8.2296,28.3898,Geonames,,True,True,1.0,2.0,0.053,0.0,0.0,0.0,occasional
56115,Lurchuk Primary Health Care Unit,Primary Health Care Unit,MoH,Warrap,Warrap,Tonj North,SS0804,7.8312,28.4473,GPS,,True,True,0.0,0.0,0.0,0.0,0.0,0.0,never
56116,Mabior-Yar Primary Health Care Unit,Primary Health Care Unit,MoH,Warrap,Warrap,Tonj South,SS0805,7.4818,28.7844,GPS,,True,True,3.0,29.0,0.203,0.0,0.0,2.0,occasional
56117,Madhiath Primary Health Care Unit,Primary Health Care Unit,MoH,Warrap,Warrap,Tonj North,SS0804,7.9305,28.8302,GPS,,True,True,0.0,0.0,0.0,0.0,0.0,0.0,never
56118,Magak Primary Health Care Centre,Primary Health Care Centre,MoH,Warrap,Warrap,Twic,SS0806,8.8967,28.3473,GPS,,True,True,0.0,0.0,0.0,0.0,0.0,0.0,never
56119,Magat Primary Health Care Unit,Primary Health Care Unit,MoH,Warrap,Warrap,Gogrial West,SS0802,8.1044,28.0082,GPS,,True,True,0.0,0.0,0.0,0.0,0.0,0.0,never
56120,Majak Lou Primary Health Care Unit,Primary Health Care Unit,MoH,Warrap,Warrap,Tonj North,SS0804,8.6121,28.8439,GPS,,True,True,3.0,7.0,0.071,0.0,0.0,0.0,occasional
56121,Majak Nyiuom Primary Health Care Unit,Primary Health Care Unit,MoH,Warrap,Warrap,Gogrial East,SS0801,8.7258,28.5307,GPS,,True,True,0.0,0.0,0.0,0.0,0.0,0.0,never
56122,Majak Pagai Primary Health Care Unit,Primary Health Care Unit,MoH,Warrap,Warrap,Twic,SS0806,9.1702,28.2266,GPS,,True,True,0.0,0.0,0.0,0.0,0.0,0.0,never
56123,Majok Noon Primary Health Care Centre,Primary Health Care Centre,MoH,Warrap,Warrap,Twic,SS0806,9.2033,28.5896,GPS,,True,True,7.0,132.0,0.293,0.0,0.0,2.0,occasional
56124,Makuac Primary Health Care Unit,Primary Health Care Unit,MoH,Warrap,Warrap,Tonj East,SS0803,7.9875,29.4768,GPS,,True,True,0.0,0.0,0.0,0.0,0.0,0.0,never
56125,Maliai Primary Health Care Unit,Primary Health Care Unit,MoH,Warrap,Warrap,Gogrial East,SS0801,8.3932,28.541,GPS,,True,True,0.0,0.0,0.0,0.0,0.0,0.0,never
56126,Malou-Hol Primary Health Care Unit,Primary Health Care Unit,MoH,Warrap,Warrap,Twic,SS0806,9.1345,28.2691,GPS,,True,True,4.0,17.0,0.083,0.0,0.0,0.0,occasional
56127,Malual-Mok Primary Health Care Unit,Primary Health Care Unit,MoH,Warrap,Warrap,Tonj South,SS0805,7.3994,28.741,GPS,,True,True,7.0,53.0,0.233,0.0,0.0,4.0,occasional
56128,Maluil Ajak Primary Health Care Unit,Primary Health Care Unit,MoH,Warrap,Warrap,Gogrial West,SS0802,8.5288,27.9761,GPS,,True,True,0.0,0.0,0.0,0.0,0.0,0.0,never
56129,Mandeng Primary Health Care Unit,Primary Health Care Unit,MoH,Warrap,Warrap,Gogrial West,SS0802,8.5759,27.9656,GPS,,True,True,0.0,0.0,0.0,0.0,0.0,0.0,never
56130,Mangol Primary Health Care Unit,Primary Health Care Unit,MoH,Warrap,Warrap,Gogrial East,SS0801,8.8303,28.5461,GPS,,True,True,1.0,1.0,0.017,0.0,0.0,0.0,occasional
56131,Manloor Primary Health Care Unit,Primary Health Care Unit,MoH,Warrap,Warrap,Tonj North,SS0804,7.9767,28.4161,GPS,,True,True,0.0,0.0,0.0,0.0,0.0,0.0,never
56132,Manyiel-Thony Primary Health Care Unit,Primary Health Care Unit,MoH,Warrap,Warrap,Tonj South,SS0805,7.3882,28.978,GPS,,True,True,0.0,0.0,0.0,0.0,0.0,0.0,never
56133,Maper Primary Health Care Unit,Primary Health Care Unit,MoH,Warrap,Warrap,Twic,SS0806,9.1054,28.4979,GPS,,True,True,0.0,0.0,0.0,0.0,0.0,0.0,never
56134,Marial Abook Primary Health Care Unit,Primary Health Care Unit,MoH,Warrap,Warrap,Tonj North,SS0804,7.9003,28.4423,GPS,,True,True,0.0,0.0,0.0,0.0,0.0,0.0,never
56135,Marial Maper Primary Health Care Unit,Primary Health Care Unit,MoH,Warrap,Warrap,Twic,SS0806,9.169,28.5129,GPS,,True,True,5.0,70.0,0.119,0.0,0.0,0.0,occasional
56136,Marial Rural County Hospital,County Hospital,MoH,Warrap,Warrap,Tonj North,SS0804,8.0428,29.1899,GPS,,True,True,0.0,0.0,0.0,0.0,0.0,0.0,never
56137,Marial-lou Primary Health Care Unit,Primary Health Care Unit,MoH,Warrap,Warrap,Tonj North,SS0804,8.0428,29.1899,GPS,,True,True,0.0,0.0,0.0,0.0,0.0,0.0,never
56138,Matiel Primary Health Care Unit,Primary Health Care Unit,MoH,Warrap,Warrap,Gogrial East,SS0801,8.1451,28.2286,GPS,,True,True,0.0,0.0,0.0,0.0,0.0,0.0,never
56139,Mawut Primary Health Care Unit,Primary Health Care Unit,MoH,Warrap,Warrap,Gogrial East,SS0801,8.3109,28.3592,GPS,,True,True,0.0,0.0,0.0,0.0,0.0,0.0,never
56140,Mayen Abun Primary Health Care Centre,Primary Health Care Centre,MoH,Warrap,Warrap,Twic,SS0806,9.1625,28.3623,Geonames,,True,True,2.0,8.0,0.054,0.0,0.0,0.0,occasional
56141,Mayen Pajok Primary Health Care Unit,Primary Health Care Unit,MoH,Warrap,Warrap,Gogrial West,SS0802,9.0165,27.923,GPS,,True,True,1.0,1.0,0.018,0.0,0.0,0.0,occasional
56142,Mayen Primary Health Care Unit,Primary Health Care Unit,MoH,Warrap,Warrap,Tonj East,SS0803,7.8384,29.2741,GPS,,True,True,1.0,1.0,0.033,0.0,0.0,0.0,occasional
56143,Mayen-gumel Primary Health Care Unit,Primary Health Care Unit,MoH,Warrap,Warrap,Gogrial West,SS0802,8.4528,28.1201,Geonames,,True,True,5.0,35.0,0.484,0.0,0.0,2.0,occasional
56144,Mayom Chol Primary Health Care Unit,Primary Health Care Unit,MoH,Warrap,Warrap,Gogrial East,SS0801,8.4105,28.4051,GPS,,True,True,0.0,0.0,0.0,0.0,0.0,0.0,never
56145,Mayom Gogrial Primary Health Care Unit,Primary Health Care Unit,MoH,Warrap,Warrap,Gogrial West,SS0802,8.7371,28.1993,GPS,,True,True,0.0,0.0,0.0,0.0,0.0,0.0,never
56146,Mayom Totin Primary Health Care Unit,Primary Health Care Unit,MoH,Warrap,Warrap,Gogrial West,SS0802,8.6828,28.2731,GPS,,True,True,0.0,0.0,0.0,0.0,0.0,0.0,never
56147,Mayom-Biong Primary Health Care Unit,Primary Health Care Unit,MoH,Warrap,Warrap,Gogrial East,SS0801,8.2342,28.594,GPS,,True,True,0.0,0.0,0.0,0.0,0.0,0.0,never
56148,Molbang Primary Health Care Unit,Primary Health Care Unit,MoH,Warrap,Warrap,Twic,SS0806,9.2529,28.683,GPS,,True,True,2.0,14.0,0.102,0.0,0.0,1.0,occasional
56149,Mother Teresa County Hospital,County Hospital,MoH,Warrap,Warrap,Twic,SS0806,9.0949,28.4243,GPS,,True,True,1.0,1.0,0.016,0.0,0.0,0.0,occasional
56150,Ngabagok Primary Health Care Centre,Primary Health Care Centre,MoH,Warrap,Warrap,Tonj East,SS0803,7.846,29.0949,GPS,,True,True,0.0,0.0,0.0,0.0,0.0,0.0,never
56151,Nyany Mayenjur Primary Health Care Unit,Primary Health Care Unit,MoH,Warrap,Warrap,Gogrial East,SS0801,8.7402,28.6414,GPS,,True,True,0.0,0.0,0.0,0.0,0.0,0.0,never
56152,Nyieth Primary Health Care Unit,Primary Health Care Unit,MoH,Warrap,Warrap,Gogrial West,SS0802,8.9586,27.9245,GPS,,True,True,0.0,0.0,0.0,0.0,0.0,0.0,never
56153,Nyokthiang Primary Health Care Unit,Primary Health Care Unit,MoH,Warrap,Warrap,Gogrial West,SS0802,8.5942,28.1213,Geonames,,True,True,1.0,1.0,0.017,0.0,0.0,0.0,occasional
56154,Pabukchak Primary Health Care Unit,Primary Health Care Unit,MoH,Warrap,Warrap,Tonj North,SS0804,7.8367,28.7139,GPS,,True,True,0.0,0.0,0.0,0.0,0.0,0.0,never
56155,Pagakdit Primary Health Care Unit,Primary Health Care Unit,MoH,Warrap,Warrap,Tonj North,SS0804,7.9925,28.4979,GPS,,True,True,0.0,0.0,0.0,0.0,0.0,0.0,never
56156,Pagol Primary Health Care Unit,Primary Health Care Unit,MoH,Warrap,Warrap,Tonj North,SS0804,7.6999,28.5802,GPS,,True,True,0.0,0.0,0.0,0.0,0.0,0.0,never
56157,Pakor Primary Health Care Unit,Primary Health Care Unit,MoH,Warrap,Warrap,Gogrial West,SS0802,8.9348,28.1178,GPS,,True,True,6.0,14.0,0.016,0.0,0.0,0.0,occasional
56158,Palal Primary Health Care Unit,Primary Health Care Unit,MoH,Warrap,Warrap,Tonj East,SS0803,7.7169,28.9401,GPS,,True,True,0.0,0.0,0.0,0.0,0.0,0.0,never
56159,Paliang Primary Health Care Unit,Primary Health Care Unit,MoH,Warrap,Warrap,Tonj East,SS0803,7.9776,29.3154,GPS,,True,True,0.0,0.0,0.0,0.0,0.0,0.0,never
56160,Panacier Primary Health Care Unit,Primary Health Care Unit,MoH,Warrap,Warrap,Gogrial East,SS0801,8.6156,28.3611,GPS,,True,True,0.0,0.0,0.0,0.0,0.0,0.0,never
56161,Panakdie Primary Health Care Unit,Primary Health Care Unit,MoH,Warrap,Warrap,Tonj South,SS0805,7.6981,28.7701,GPS,,True,True,0.0,0.0,0.0,0.0,0.0,0.0,never
56162,Pandit Twic Primary Health Care Unit,Primary Health Care Unit,MoH,Warrap,Warrap,Twic,SS0806,9.0058,28.3679,GPS,,True,True,11.0,172.0,0.333,0.0,0.0,7.0,recurrent
56163,Pankot Primary Health Care Unit,Primary Health Care Unit,MoH,Warrap,Warrap,Tonj North,SS0804,8.1223,28.3931,GPS,,True,True,0.0,0.0,0.0,0.0,0.0,0.0,never
56164,Panliet Primary Health Care Unit,Primary Health Care Unit,MoH,Warrap,Warrap,Gogrial West,SS0802,8.8424,28.2554,GPS,,True,True,0.0,0.0,0.0,0.0,0.0,0.0,never
56165,Pannyok Primary Health Care Unit,Primary Health Care Unit,MoH,Warrap,Warrap,Twic,SS0806,9.0848,28.2068,GPS,,True,True,10.0,42.0,0.083,0.0,0.0,0.0,recurrent
56166,Parasika Primary Health Care Unit,Primary Health Care Unit,MoH,Warrap,Warrap,Tonj North,SS0804,8.0905,28.9213,Geonames,,True,True,0.0,0.0,0.0,0.0,0.0,0.0,never
56167,Pawel Primary Health Care Unit,Primary Health Care Unit,MoH,Warrap,Warrap,Tonj South,SS0805,7.5631,28.7244,GPS,,True,True,0.0,0.0,0.0,0.0,0.0,0.0,never
56168,Paweng Primary Health Care Unit,Primary Health Care Unit,MoH,Warrap,Warrap,Gogrial West,SS0802,8.181,28.1595,Geonames,,True,True,0.0,0.0,0.0,0.0,0.0,0.0,never
56169,Peeth Primary Health Care Unit,Primary Health Care Unit,MoH,Warrap,Warrap,Gogrial West,SS0802,8.9672,28.0113,GPS,,True,True,0.0,0.0,0.0,0.0,0.0,0.0,never
56170,Pinydit Primary Health Care Unit,Primary Health Care Unit,MoH,Warrap,Warrap,Gogrial East,SS0801,8.4156,28.3445,GPS,,True,True,0.0,0.0,0.0,0.0,0.0,0.0,never
56171,Primary Health Care Centre,Primary Health Care Centre,MoH,Warrap,Warrap,Gogrial West,SS0802,8.3055,27.9734,Geonames,,True,True,0.0,0.0,0.0,0.0,0.0,0.0,never
56172,Romic Primary Health Care Centre,Primary Health Care Centre,MoH,Warrap,Warrap,Tonj East,SS0803,7.9739,29.2837,GPS,,True,True,0.0,0.0,0.0,0.0,0.0,0.0,never
56173,Roomtit Primary Health Care Unit,Primary Health Care Unit,MoH,Warrap,Warrap,Tonj North,SS0804,8.0796,28.5358,GPS,,True,True,0.0,0.0,0.0,0.0,0.0,0.0,never
56174,Roorkou Primary Health Care Unit,Primary Health Care Unit,MoH,Warrap,Warrap,Tonj North,SS0804,8.3384,28.741,GPS,,True,True,0.0,0.0,0.0,0.0,0.0,0.0,never
56175,Rualbet Primary Health Care Unit,Primary Health Care Unit,MoH,Warrap,Warrap,Tonj North,SS0804,8.1171,28.9415,GPS,,True,True,0.0,0.0,0.0,0.0,0.0,0.0,never
56177,Ruot Primary Health Care Unit,Primary Health Care Unit,MoH,Warrap,Warrap,Gogrial East,SS0801,8.4076,28.4631,GPS,,True,True,0.0,0.0,0.0,0.0,0.0,0.0,never
56178,Tarweng Primary Health Care Unit,Primary Health Care Unit,MoH,Warrap,Warrap,Gogrial East,SS0801,8.3526,28.3542,GPS,,True,True,0.0,0.0,0.0,0.0,0.0,0.0,never
56179,Thiet Primary Health Care Centre,Primary Health Care Centre,MoH,Warrap,Warrap,Tonj South,SS0805,7.6082,28.8105,Geonames,,True,True,4.0,48.0,0.175,0.0,0.0,1.0,occasional
56180,Thonghoc Primary Health Care Unit,Primary Health Care Unit,MoH,Warrap,Warrap,Gogrial East,SS0801,8.1901,28.461,GPS,,True,True,0.0,0.0,0.0,0.0,0.0,0.0,never
56181,Thurnyior Primary Health Care Unit,Primary Health Care Unit,MoH,Warrap,Warrap,Gogrial West,SS0802,8.1449,28.132,GPS,,True,True,0.0,0.0,0.0,0.0,0.0,0.0,never
56182,Titcok Primary Health Care Unit,Primary Health Care Unit,MoH,Warrap,Warrap,Twic,SS0806,8.9446,28.2869,GPS,,True,True,10.0,283.0,0.635,16.0,3.0,6.0,recurrent
56183,Toch Noon Primary Health Care Unit,Primary Health Care Unit,MoH,Warrap,Warrap,Twic,SS0806,9.0886,27.9846,GPS,,True,True,10.0,32.0,0.066,0.0,0.0,0.0,recurrent
56184,Tonj County Hospital,County Hospital,MoH,Warrap,Warrap,Tonj South,SS0805,7.2767,28.6798,GPS,,True,True,0.0,0.0,0.0,0.0,0.0,0.0,never
56185,Tuele Primary Health Care Unit,Primary Health Care Unit,MoH,Warrap,Warrap,Twic,SS0806,8.9972,28.2119,GPS,,True,True,3.0,3.0,0.017,0.0,0.0,0.0,occasional
56186,Turalei Primary Health Care Centre,Primary Health Care Centre,MoH,Warrap,Warrap,Twic,SS0806,9.0955,28.4302,Geonames,,True,True,0.0,0.0,0.0,0.0,0.0,0.0,never
56187,Wanh Alel Primary Health Care Unit,Primary Health Care Unit,MoH,Warrap,Warrap,Tonj South,SS0805,7.4842,28.8486,GPS,,True,True,3.0,25.0,0.148,0.0,0.0,1.0,occasional
56188,Warap State Hospital,State Hospital,MoH,Warrap,Warrap,Gogrial West,SS0802,8.2545,27.9832,GPS,,True,True,0.0,0.0,0.0,0.0,0.0,0.0,never
56189,Warrap Primary Health Care Centre,Primary Health Care Centre,MoH,Warrap,Warrap,Tonj North,SS0804,8.0895,28.6381,Geonames,,True,True,0.0,0.0,0.0,0.0,0.0,0.0,never
56190,Wunakoc Primary Health Care Unit,Primary Health Care Unit,MoH,Warrap,Warrap,Gogrial East,SS0801,8.2666,28.343,GPS,,True,True,0.0,0.0,0.0,0.0,0.0,0.0,never
56191,Wuncuei Primary Health Care Unit,Primary Health Care Unit,MoH,Warrap,Warrap,Tonj East,SS0803,8.0164,29.4476,GPS,,True,True,2.0,25.0,0.07,0.0,0.0,0.0,occasional
56192,Wunlit Primary Health Care Unit,Primary Health Care Unit,MoH,Warrap,Warrap,Tonj East,SS0803,7.8422,29.2315,GPS,,True,True,0.0,0.0,0.0,0.0,0.0,0.0,never
56193,Wunrok Primary Health Care Centre,Primary Health Care Centre,MoH,Warrap,Warrap,Twic,SS0806,8.9928,28.2916,GPS,,True,True,7.0,233.0,0.169,0.0,0.0,2.0,occasional
56194,Yiik Thon Primary Health Care Unit,Primary Health Care Unit,MoH,Warrap,Warrap,Twic,SS0806,9.2358,28.054,GPS,,True,True,0.0,0.0,0.0,0.0,0.0,0.0,never
56195,Yiikadoor Primary Health Care Unit,Primary Health Care Unit,MoH,Warrap,Warrap,Gogrial East,SS0801,8.2472,28.4635,GPS,,True,True,0.0,0.0,0.0,0.0,0.0,0.0,never
56196,Abou Primary Health Care Unit,Primary Health Care Unit,MoH,Western Bahr el Ghazal,Western Bahr el Ghazal,Jur River,SS0901,7.7062,28.1178,Geonames,,True,True,0.0,0.0,0.0,0.0,0.0,0.0,never
56197,Abushaka Primary Health Care Unit,Primary Health Care Unit,MoH,Western Bahr el Ghazal,Western Bahr el Ghazal,Wau,SS0903,7.7169,27.8333,GPS,,True,True,0.0,0.0,0.0,0.0,0.0,0.0,never
56198,Achongchong Primary Health Care Centre,Primary Health Care Centre,MoH,Western Bahr el Ghazal,Western Bahr el Ghazal,Jur River,SS0901,7.9293,28.1745,Geonames,,True,True,0.0,0.0,0.0,0.0,0.0,0.0,never
56199,Achot Primary Health Care Unit,Primary Health Care Unit,MoH,Western Bahr el Ghazal,Western Bahr el Ghazal,Jur River,SS0901,7.7083,28.1545,GPS,,True,True,0.0,0.0,0.0,0.0,0.0,0.0,never
56200,Agok Primary Health Care Centre,Primary Health Care Centre,MoH,Western Bahr el Ghazal,Western Bahr el Ghazal,Wau,SS0903,7.6279,28.0126,Geonames,,True,True,1.0,1.0,0.034,0.0,0.0,0.0,occasional
56201,Agur Primary Health Care Unit,Primary Health Care Unit,MoH,Western Bahr el Ghazal,Western Bahr el Ghazal,Jur River,SS0901,7.7951,27.9032,GPS,,True,True,0.0,0.0,0.0,0.0,0.0,0.0,never
56202,Ajomgo Primary Health Care Unit,Primary Health Care Unit,MoH,Western Bahr el Ghazal,Western Bahr el Ghazal,Jur River,SS0901,8.0739,27.6221,GPS,,True,True,0.0,0.0,0.0,0.0,0.0,0.0,never
56203,Akrok Primary Health Care Unit,Primary Health Care Unit,MoH,Western Bahr el Ghazal,Western Bahr el Ghazal,Jur River,SS0901,7.797,27.9811,Geonames,,True,True,0.0,0.0,0.0,0.0,0.0,0.0,never
56204,Alel Chok Primary Health Care Unit,Primary Health Care Unit,MoH,Western Bahr el Ghazal,Western Bahr el Ghazal,Jur River,SS0901,7.7782,27.9785,Geonames,,True,True,0.0,0.0,0.0,0.0,0.0,0.0,never
56205,Alelthouny Primary Health Care Unit,Primary Health Care Unit,MoH,Western Bahr el Ghazal,Western Bahr el Ghazal,Jur River,SS0901,8.2777,27.8552,GPS,,True,True,0.0,0.0,0.0,0.0,0.0,0.0,never
56207,Atido Primary Health Care Unit,Primary Health Care Unit,MoH,Western Bahr el Ghazal,Western Bahr el Ghazal,Jur River,SS0901,7.8521,27.8997,GPS,,True,True,0.0,0.0,0.0,0.0,0.0,0.0,never
56208,Baggari Primary Health Care Unit,Primary Health Care Unit,MoH,Western Bahr el Ghazal,Western Bahr el Ghazal,Wau,SS0903,7.5748,27.8894,GPS,,True,True,1.0,1.0,0.053,0.0,0.0,0.0,occasional
56209,Bar Urod Primary Health Care Unit,Primary Health Care Unit,MoH,Western Bahr el Ghazal,Western Bahr el Ghazal,Jur River,SS0901,7.9606,27.5123,GPS,,True,True,0.0,0.0,0.0,0.0,0.0,0.0,never
56210,Barakol Primary Health Care Unit,Primary Health Care Unit,MoH,Western Bahr el Ghazal,Western Bahr el Ghazal,Jur River,SS0901,7.8533,27.7726,GPS,,True,True,1.0,1.0,0.033,0.0,0.0,0.0,occasional
56211,Barurud Primary Health Care Unit,Primary Health Care Unit,MoH,Western Bahr el Ghazal,Western Bahr el Ghazal,Jur River,SS0901,7.9684,27.52,Geonames,,True,True,1.0,1.0,0.017,0.0,0.0,0.0,occasional
56212,Baryar Primary Health Care Unit,Primary Health Care Unit,MoH,Western Bahr el Ghazal,Western Bahr el Ghazal,Jur River,SS0901,7.7563,27.9652,GPS,,True,True,0.0,0.0,0.0,0.0,0.0,0.0,never
56213,Bazia Jedid Primary Health Care Centre,Primary Health Care Centre,MoH,Western Bahr el Ghazal,Western Bahr el Ghazal,Wau,SS0903,7.6787,27.9942,GPS,,True,True,0.0,0.0,0.0,0.0,0.0,0.0,never
56214,Besselia Primary Health Care Centre,Primary Health Care Centre,MoH,Western Bahr el Ghazal,Western Bahr el Ghazal,Wau,SS0903,7.7662,27.6997,GPS,,True,True,0.0,0.0,0.0,0.0,0.0,0.0,never
56215,Bili Primary Health Care Unit,Primary Health Care Unit,MoH,Western Bahr el Ghazal,Western Bahr el Ghazal,Raja,SS0902,7.7601,26.1381,GPS,,True,True,0.0,0.0,0.0,0.0,0.0,0.0,never
56216,Bonio Primary Health Care Unit,Primary Health Care Unit,MoH,Western Bahr el Ghazal,Western Bahr el Ghazal,Raja,SS0902,7.6868,26.3232,GPS,,True,True,0.0,0.0,0.0,0.0,0.0,0.0,never
56217,Boro Medina Primary Health Care Centre,Primary Health Care Centre,MoH,Western Bahr el Ghazal,Western Bahr el Ghazal,Raja,SS0902,8.4641,24.8158,Geonames,,True,True,0.0,0.0,0.0,0.0,0.0,0.0,never
56218,Bringi Primary Health Care Unit,Primary Health Care Unit,MoH,Western Bahr el Ghazal,Western Bahr el Ghazal,Wau,SS0903,7.6275,27.902,GPS,,True,True,1.0,1.0,0.143,0.0,1.0,1.0,occasional
56219,Bussery Primary Health Care Centre,Primary Health Care Centre,MoH,Western Bahr el Ghazal,Western Bahr el Ghazal,Wau,SS0903,7.5648,27.9643,GPS,,True,True,0.0,0.0,0.0,0.0,0.0,0.0,never
56220,Canning Factory Primary Health Care Unit,Primary Health Care Unit,MoH,Western Bahr el Ghazal,Western Bahr el Ghazal,Wau,SS0903,7.6573,28.0269,GPS,,True,True,0.0,0.0,0.0,0.0,0.0,0.0,never
56221,Chono Primary Health Care Unit,Primary Health Care Unit,MoH,Western Bahr el Ghazal,Western Bahr el Ghazal,Jur River,SS0901,7.0897,28.3746,GPS,,True,True,0.0,0.0,0.0,0.0,0.0,0.0,never
56222,Deimjallab Primary Health Care Unit,Primary Health Care Unit,MoH,Western Bahr el Ghazal,Western Bahr el Ghazal,Raja,SS0902,8.4816,25.3267,GPS,,True,True,0.0,0.0,0.0,0.0,0.0,0.0,never
56223,Deleba Primary Health Care Unit,Primary Health Care Unit,MoH,Western Bahr el Ghazal,Western Bahr el Ghazal,Raja,SS0902,8.79,26.0484,GPS,,True,True,3.0,5.0,0.034,0.0,0.0,0.0,occasional
56224,Dhekou Primary Health Care Unit,Primary Health Care Unit,MoH,Western Bahr el Ghazal,Western Bahr el Ghazal,Jur River,SS0901,8.2667,27.6254,Geonames,,True,True,0.0,0.0,0.0,0.0,0.0,0.0,never
56225,Diew Zubier Primary Health Care Centre,Primary Health Care Centre,MoH,Western Bahr el Ghazal,Western Bahr el Ghazal,Raja,SS0902,7.7146,26.1959,GPS,,True,True,0.0,0.0,0.0,0.0,0.0,0.0,never
56226,E: Bank Primary Health Care Centre,Primary Health Care Centre,MoH,Western Bahr el Ghazal,Western Bahr el Ghazal,Jur River,SS0901,7.7075,28.0252,GPS,,True,True,2.0,4.0,0.034,0.0,0.0,0.0,occasional
56227,Fango Nuer Primary Health Care Unit,Primary Health Care Unit,MoH,Western Bahr el Ghazal,Western Bahr el Ghazal,Wau,SS0903,7.7611,27.2648,GPS,,True,True,0.0,0.0,0.0,0.0,0.0,0.0,never
56228,Farjala Primary Health Care Unit,Primary Health Care Unit,MoH,Western Bahr el Ghazal,Western Bahr el Ghazal,Wau,SS0903,7.5256,27.7705,GPS,,True,True,0.0,0.0,0.0,0.0,0.0,0.0,never
56229,Gete Rajiel Primary Health Care Unit,Primary Health Care Unit,MoH,Western Bahr el Ghazal,Western Bahr el Ghazal,Raja,SS0902,8.5399,25.6413,GPS,,True,True,0.0,0.0,0.0,0.0,0.0,0.0,never
56230,Gette Primary Health Care Unit,Primary Health Care Unit,MoH,Western Bahr el Ghazal,Western Bahr el Ghazal,Jur River,SS0901,7.9462,27.8468,GPS,,True,True,0.0,0.0,0.0,0.0,0.0,0.0,never
56231,Giatan Primary Health Care Unit,Primary Health Care Unit,MoH,Western Bahr el Ghazal,Western Bahr el Ghazal,Wau,SS0903,7.2706,27.9395,GPS,,True,True,0.0,0.0,0.0,0.0,0.0,0.0,never
56232,Gosinga Primary Health Care Unit,Primary Health Care Unit,MoH,Western Bahr el Ghazal,Western Bahr el Ghazal,Raja,SS0902,8.6532,25.9738,GPS,,True,True,0.0,0.0,0.0,0.0,0.0,0.0,never
56233,Grinti Military Primary Health Care Centre,Primary Health Care Centre,MoH,Western Bahr el Ghazal,Western Bahr el Ghazal,Wau,SS0903,7.7077,27.9818,Geonames,,True,True,0.0,0.0,0.0,0.0,0.0,0.0,never
56234,Hai bafra Primary Health Care Unit,Primary Health Care Unit,MoH,Western Bahr el Ghazal,Western Bahr el Ghazal,Wau,SS0903,7.7032,27.9794,Geonames,,True,True,0.0,0.0,0.0,0.0,0.0,0.0,never
56235,Hai Dinka Primary Health Care Centre,Primary Health Care Centre,MoH,Western Bahr el Ghazal,Western Bahr el Ghazal,Wau,SS0903,7.7147,27.9988,Geonames,,True,True,8.0,96.0,0.119,0.0,0.0,0.0,recurrent
56236,Halima Primary Health Care Unit,Primary Health Care Unit,MoH,Western Bahr el Ghazal,Western Bahr el Ghazal,Wau,SS0903,7.5229,27.9239,GPS,,True,True,1.0,2.0,0.033,0.0,0.0,0.0,occasional
56237,Jebel Kheir Primary Health Care Centre,Primary Health Care Centre,MoH,Western Bahr el Ghazal,Western Bahr el Ghazal,Wau,SS0903,7.6819,27.9844,GPS,,True,True,0.0,0.0,0.0,0.0,0.0,0.0,never
56238,Kabi Primary Health Care Unit,Primary Health Care Unit,MoH,Western Bahr el Ghazal,Western Bahr el Ghazal,Wau,SS0903,7.75,27.7582,GPS,,True,True,0.0,0.0,0.0,0.0,0.0,0.0,never
56239,Kalvario Primary Health Care Unit,Primary Health Care Unit,MoH,Western Bahr el Ghazal,Western Bahr el Ghazal,Wau,SS0903,7.7032,27.9782,GPS,,True,True,0.0,0.0,0.0,0.0,0.0,0.0,never
56240,Kangi Primary Health Care Unit,Primary Health Care Unit,MoH,Western Bahr el Ghazal,Western Bahr el Ghazal,Jur River,SS0901,8.1452,27.6589,GPS,,True,True,0.0,0.0,0.0,0.0,0.0,0.0,never
56241,Kanyango Primary Health Care Unit,Primary Health Care Unit,MoH,Western Bahr el Ghazal,Western Bahr el Ghazal,Jur River,SS0901,7.9536,27.6736,GPS,,True,True,0.0,0.0,0.0,0.0,0.0,0.0,never
56242,Kapara Church Primary Health Care Unit,Primary Health Care Unit,MoH,Western Bahr el Ghazal,Western Bahr el Ghazal,Jur River,SS0901,7.3041,28.4861,GPS,,True,True,0.0,0.0,0.0,0.0,0.0,0.0,never
56243,Katta Primary Health Care Unit,Primary Health Care Unit,MoH,Western Bahr el Ghazal,Western Bahr el Ghazal,Raja,SS0902,8.4406,25.0032,GPS,,True,True,0.0,0.0,0.0,0.0,0.0,0.0,never
56244,Khorganna Primary Health Care Unit,Primary Health Care Unit,MoH,Western Bahr el Ghazal,Western Bahr el Ghazal,Wau,SS0903,7.7885,27.1531,GPS,,True,True,0.0,0.0,0.0,0.0,0.0,0.0,never
56245,Korajor Primary Health Care Unit,Primary Health Care Unit,MoH,Western Bahr el Ghazal,Western Bahr el Ghazal,Wau,SS0903,7.7083,26.9152,GPS,,True,True,0.0,0.0,0.0,0.0,0.0,0.0,never
56246,Kpaile/Baiza Primary Health Care Centre,Primary Health Care Centre,MoH,Western Bahr el Ghazal,Western Bahr el Ghazal,Wau,SS0903,7.1075,27.9354,GPS,,True,True,0.0,0.0,0.0,0.0,0.0,0.0,never
56247,Kuajena Primary Health Care Unit,Primary Health Care Unit,MoH,Western Bahr el Ghazal,Western Bahr el Ghazal,Jur River,SS0901,7.508,28.2698,GPS,,True,True,0.0,0.0,0.0,0.0,0.0,0.0,never
56248,Kuam Primary Health Care Unit,Primary Health Care Unit,MoH,Western Bahr el Ghazal,Western Bahr el Ghazal,Jur River,SS0901,7.7812,28.0269,GPS,,True,True,10.0,101.0,0.214,0.0,0.0,1.0,recurrent
56249,Kur Malang Primary Health Care Unit,Primary Health Care Unit,MoH,Western Bahr el Ghazal,Western Bahr el Ghazal,Raja,SS0902,8.4407,25.6958,GPS,,True,True,0.0,0.0,0.0,0.0,0.0,0.0,never
56250,Kur Seliek Primary Health Care Unit,Primary Health Care Unit,MoH,Western Bahr el Ghazal,Western Bahr el Ghazal,Raja,SS0902,7.7099,26.3897,GPS,,True,True,0.0,0.0,0.0,0.0,0.0,0.0,never
56251,Kur Shamam Primary Health Care Unit,Primary Health Care Unit,MoH,Western Bahr el Ghazal,Western Bahr el Ghazal,Raja,SS0902,8.5347,25.7686,GPS,,True,True,0.0,0.0,0.0,0.0,0.0,0.0,never
56252,Kuru Primary Health Care Unit,Primary Health Care Unit,MoH,Western Bahr el Ghazal,Western Bahr el Ghazal,Raja,SS0902,7.7186,26.497,GPS,,True,True,0.0,0.0,0.0,0.0,0.0,0.0,never
56253,Lampa Primary Health Care Unit,Primary Health Care Unit,MoH,Western Bahr el Ghazal,Western Bahr el Ghazal,Raja,SS0902,8.4544,25.6863,GPS,,True,True,0.0,0.0,0.0,0.0,0.0,0.0,never
56254,Lokoloko Primary Health Care Centre,Primary Health Care Centre,MoH,Western Bahr el Ghazal,Western Bahr el Ghazal,Wau,SS0903,7.6955,27.9752,GPS,,True,True,0.0,0.0,0.0,0.0,0.0,0.0,never
56255,Mabior Abiem Primary Health Care Unit,Primary Health Care Unit,MoH,Western Bahr el Ghazal,Western Bahr el Ghazal,Jur River,SS0901,8.0055,28.0442,GPS,,True,True,7.0,20.0,0.102,0.0,0.0,0.0,occasional
56256,Madil Primary Health Care Unit,Primary Health Care Unit,MoH,Western Bahr el Ghazal,Western Bahr el Ghazal,Jur River,SS0901,7.8212,28.002,Geonames,,True,True,11.0,137.0,0.375,0.0,0.0,9.0,recurrent
56257,Magawa Primary Health Care Unit,Primary Health Care Unit,MoH,Western Bahr el Ghazal,Western Bahr el Ghazal,Raja,SS0902,9.2915,25.4738,GPS,,True,True,0.0,0.0,0.0,0.0,0.0,0.0,never
56258,Magayat Primary Health Care Unit,Primary Health Care Unit,MoH,Western Bahr el Ghazal,Western Bahr el Ghazal,Raja,SS0902,8.2232,25.86,GPS,,True,True,0.0,0.0,0.0,0.0,0.0,0.0,never
56259,Maju Primary Health Care Unit,Primary Health Care Unit,MoH,Western Bahr el Ghazal,Western Bahr el Ghazal,Wau,SS0903,7.171,27.9385,GPS,,True,True,0.0,0.0,0.0,0.0,0.0,0.0,never
56260,Maluil Primary Health Care Unit,Primary Health Care Unit,MoH,Western Bahr el Ghazal,Western Bahr el Ghazal,Jur River,SS0901,7.8237,27.9664,GPS,,True,True,0.0,0.0,0.0,0.0,0.0,0.0,never
56261,Mamoi Primary Health Care Unit,Primary Health Care Unit,MoH,Western Bahr el Ghazal,Western Bahr el Ghazal,Wau,SS0903,7.6189,27.9788,GPS,,True,True,0.0,0.0,0.0,0.0,0.0,0.0,never
56262,Mangayat Primary Health Care Unit,Primary Health Care Unit,MoH,Western Bahr el Ghazal,Western Bahr el Ghazal,Wau,SS0903,7.668,27.8447,Geonames,,True,True,0.0,0.0,0.0,0.0,0.0,0.0,never
56263,Mapel Primary Health Care Centre,Primary Health Care Centre,MoH,Western Bahr el Ghazal,Western Bahr el Ghazal,Jur River,SS0901,7.296,28.4392,Geonames,,True,True,0.0,0.0,0.0,0.0,0.0,0.0,never
56264,Marakas Jerau Primary Health Care Centre,Primary Health Care Centre,MoH,Western Bahr el Ghazal,Western Bahr el Ghazal,Wau,SS0903,7.6947,27.989,GPS,,True,True,0.0,0.0,0.0,0.0,0.0,0.0,never
56265,Marial Ayieth Primary Health Care Unit,Primary Health Care Unit,MoH,Western Bahr el Ghazal,Western Bahr el Ghazal,Jur River,SS0901,7.7722,27.997,GPS,,True,True,5.0,12.0,0.049,0.0,0.0,0.0,occasional
56266,Marial Bai Wau Primary Health Care Centre,Primary Health Care Centre,MoH,Western Bahr el Ghazal,Western Bahr el Ghazal,Jur River,SS0901,7.8906,27.9784,GPS,,True,True,0.0,0.0,0.0,0.0,0.0,0.0,never
56267,Marranya Primary Health Care Unit,Primary Health Care Unit,MoH,Western Bahr el Ghazal,Western Bahr el Ghazal,Jur River,SS0901,7.5523,28.1889,Geonames,,True,True,0.0,0.0,0.0,0.0,0.0,0.0,never
56268,Mayonga Primary Health Care Centre,Primary Health Care Centre,MoH,Western Bahr el Ghazal,Western Bahr el Ghazal,Raja,SS0902,8.4933,25.6695,GPS,,True,True,0.0,0.0,0.0,0.0,0.0,0.0,never
56269,Mbi Primary Health Care Unit,Primary Health Care Unit,MoH,Western Bahr el Ghazal,Western Bahr el Ghazal,Jur River,SS0901,7.519,28.1962,GPS,,True,True,0.0,0.0,0.0,0.0,0.0,0.0,never
56270,Mbili Primary Health Care Unit,Primary Health Care Unit,MoH,Western Bahr el Ghazal,Western Bahr el Ghazal,Jur River,SS0901,7.5691,28.2291,Geonames,,True,True,0.0,0.0,0.0,0.0,0.0,0.0,never
56271,Mboro Primary Health Care Unit,Primary Health Care Unit,MoH,Western Bahr el Ghazal,Western Bahr el Ghazal,Wau,SS0903,7.7131,27.7254,GPS,,True,True,0.0,0.0,0.0,0.0,0.0,0.0,never
56272,Medil Primary Health Care Unit,Primary Health Care Unit,MoH,Western Bahr el Ghazal,Western Bahr el Ghazal,Jur River,SS0901,7.3083,28.2635,GPS,,True,True,0.0,0.0,0.0,0.0,0.0,0.0,never
56273,Menamba B Primary Health Care Unit,Primary Health Care Unit,MoH,Western Bahr el Ghazal,Western Bahr el Ghazal,Raja,SS0902,8.474,25.19,GPS,,True,True,0.0,0.0,0.0,0.0,0.0,0.0,never
56274,Menamba Primary Health Care Unit,Primary Health Care Unit,MoH,Western Bahr el Ghazal,Western Bahr el Ghazal,Raja,SS0902,8.4841,25.1972,GPS,,True,True,0.0,0.0,0.0,0.0,0.0,0.0,never
56275,Momoi Primary Health Care Unit,Primary Health Care Unit,MoH,Western Bahr el Ghazal,Western Bahr el Ghazal,Wau,SS0903,7.6192,27.9788,Geonames,,True,True,0.0,0.0,0.0,0.0,0.0,0.0,never
56276,Muktah Primary Health Care Centre,Primary Health Care Centre,MoH,Western Bahr el Ghazal,Western Bahr el Ghazal,Wau,SS0903,7.7067,27.9944,GPS,,True,True,0.0,0.0,0.0,0.0,0.0,0.0,never
56277,Natabu Primary Health Care Unit,Primary Health Care Unit,MoH,Western Bahr el Ghazal,Western Bahr el Ghazal,Wau,SS0903,7.6616,27.955,GPS,,True,True,0.0,0.0,0.0,0.0,0.0,0.0,never
56278,Ndaku Primary Health Care Unit,Primary Health Care Unit,MoH,Western Bahr el Ghazal,Western Bahr el Ghazal,Wau,SS0903,7.6624,27.7251,GPS,,True,True,0.0,0.0,0.0,0.0,0.0,0.0,never
56279,Ngesa Primary Health Care Unit,Primary Health Care Unit,MoH,Western Bahr el Ghazal,Western Bahr el Ghazal,Wau,SS0903,7.5898,27.75,GPS,,True,True,0.0,0.0,0.0,0.0,0.0,0.0,never
56280,Nglimbo B Primary Health Care Unit,Primary Health Care Unit,MoH,Western Bahr el Ghazal,Western Bahr el Ghazal,Wau,SS0903,7.65,27.8796,GPS,,True,True,0.0,0.0,0.0,0.0,0.0,0.0,never
56281,Ngodakala Primary Health Care Centre,Primary Health Care Centre,MoH,Western Bahr el Ghazal,Western Bahr el Ghazal,Wau,SS0903,7.5468,27.822,Geonames,,True,True,0.0,0.0,0.0,0.0,0.0,0.0,never
56282,Ngohalima A Primary Health Care Unit,Primary Health Care Unit,MoH,Western Bahr el Ghazal,Western Bahr el Ghazal,Wau,SS0903,7.6192,27.8664,GPS,,True,True,0.0,0.0,0.0,0.0,0.0,0.0,never
56283,Ngohalima B Primary Health Care Unit,Primary Health Care Unit,MoH,Western Bahr el Ghazal,Western Bahr el Ghazal,Wau,SS0903,7.6333,27.8318,GPS,,True,True,0.0,0.0,0.0,0.0,0.0,0.0,never
56284,Ngoku Primary Health Care Unit,Primary Health Care Unit,MoH,Western Bahr el Ghazal,Western Bahr el Ghazal,Wau,SS0903,7.6213,27.8059,GPS,,True,True,0.0,0.0,0.0,0.0,0.0,0.0,never
56285,Ngolimbo A Primary Health Care Unit,Primary Health Care Unit,MoH,Western Bahr el Ghazal,Western Bahr el Ghazal,Wau,SS0903,7.6501,27.8795,GPS,,True,True,0.0,0.0,0.0,0.0,0.0,0.0,never
56286,Ngolingbo A Primary Health Care Unit,Primary Health Care Unit,MoH,Western Bahr el Ghazal,Western Bahr el Ghazal,Wau,SS0903,7.7086,27.8535,GPS,,True,True,0.0,0.0,0.0,0.0,0.0,0.0,never
56287,Ngomba Primary Health Care Unit,Primary Health Care Unit,MoH,Western Bahr el Ghazal,Western Bahr el Ghazal,Wau,SS0903,7.7653,27.6348,GPS,,True,True,0.0,0.0,0.0,0.0,0.0,0.0,never
56288,Ngongba Primary Health Care Unit,Primary Health Care Unit,MoH,Western Bahr el Ghazal,Western Bahr el Ghazal,Wau,SS0903,7.76,27.6529,Geonames,,True,True,0.0,0.0,0.0,0.0,0.0,0.0,never
56289,Ngovendegu Primary Health Care Unit,Primary Health Care Unit,MoH,Western Bahr el Ghazal,Western Bahr el Ghazal,Wau,SS0903,7.6361,27.7273,GPS,,True,True,0.0,0.0,0.0,0.0,0.0,0.0,never
56290,Nyinakok Primary Health Care Unit,Primary Health Care Unit,MoH,Western Bahr el Ghazal,Western Bahr el Ghazal,Jur River,SS0901,7.9233,28.0338,GPS,,True,True,0.0,0.0,0.0,0.0,0.0,0.0,never
56291,Nyosulu Primary Health Care Unit,Primary Health Care Unit,MoH,Western Bahr el Ghazal,Western Bahr el Ghazal,Wau,SS0903,7.4602,27.8229,GPS,,True,True,3.0,9.0,0.036,0.0,0.0,0.0,occasional
56292,Raga County Hospital,County Hospital,MoH,Western Bahr el Ghazal,Western Bahr el Ghazal,Raja,SS0902,8.4693,25.6766,GPS,,True,True,0.0,0.0,0.0,0.0,0.0,0.0,never
56293,Raja Military Primary Health Care Unit,Primary Health Care Unit,MoH,Western Bahr el Ghazal,Western Bahr el Ghazal,Raja,SS0902,8.4855,25.6745,GPS,,True,True,0.0,0.0,0.0,0.0,0.0,0.0,never
56294,Rihanfeai Primary Health Care Unit,Primary Health Care Unit,MoH,Western Bahr el Ghazal,Western Bahr el Ghazal,Wau,SS0903,7.8959,27.6681,GPS,,True,True,0.0,0.0,0.0,0.0,0.0,0.0,never
56295,Roc Roc Dong Primary Health Care Unit,Primary Health Care Unit,MoH,Western Bahr el Ghazal,Western Bahr el Ghazal,Jur River,SS0901,7.7822,28.1129,GPS,,True,True,0.0,0.0,0.0,0.0,0.0,0.0,never
56296,Sabrine Primary Health Care Unit,Primary Health Care Unit,MoH,Western Bahr el Ghazal,Western Bahr el Ghazal,Raja,SS0902,9.1742,25.5537,GPS,,True,True,0.0,0.0,0.0,0.0,0.0,0.0,never
56297,Sika Hadid Primary Health Care Centre,Primary Health Care Centre,MoH,Western Bahr el Ghazal,Western Bahr el Ghazal,Wau,SS0903,7.7139,27.9878,Geonames,,True,True,0.0,0.0,0.0,0.0,0.0,0.0,never
56298,Sopo Primary Health Care Unit,Primary Health Care Unit,MoH,Western Bahr el Ghazal,Western Bahr el Ghazal,Raja,SS0902,8.0254,26.0443,GPS,,True,True,0.0,0.0,0.0,0.0,0.0,0.0,never
56299,St. Mary Primary Health Care Centre,Primary Health Care Centre,MoH,Western Bahr el Ghazal,Western Bahr el Ghazal,Wau,SS0903,7.6804,28.0016,GPS,,True,True,0.0,0.0,0.0,0.0,0.0,0.0,never
56300,Taban Primary Health Care Unit,Primary Health Care Unit,MoH,Western Bahr el Ghazal,Western Bahr el Ghazal,Wau,SS0903,7.3804,27.9672,GPS,,True,True,0.0,0.0,0.0,0.0,0.0,0.0,never
56301,Tharqueny Primary Health Care Unit,Primary Health Care Unit,MoH,Western Bahr el Ghazal,Western Bahr el Ghazal,Jur River,SS0901,8.0112,27.9987,GPS,,True,True,4.0,11.0,0.016,0.0,0.0,0.0,occasional
56302,Thilic Primary Health Care Unit,Primary Health Care Unit,MoH,Western Bahr el Ghazal,Western Bahr el Ghazal,Jur River,SS0901,7.9886,28.1015,Geonames,,True,True,0.0,0.0,0.0,0.0,0.0,0.0,never
56303,Tikow Primary Health Care Unit,Primary Health Care Unit,MoH,Western Bahr el Ghazal,Western Bahr el Ghazal,Jur River,SS0901,8.2667,27.625,GPS,,True,True,0.0,0.0,0.0,0.0,0.0,0.0,never
56304,Timsah Primary Health Care Unit,Primary Health Care Unit,MoH,Western Bahr el Ghazal,Western Bahr el Ghazal,Raja,SS0902,9.5495,25.4808,GPS,,True,True,0.0,0.0,0.0,0.0,0.0,0.0,never
56305,Tirga Primary Health Care Centre,Primary Health Care Centre,MoH,Western Bahr el Ghazal,Western Bahr el Ghazal,Wau,SS0903,6.9951,27.9284,GPS,,True,True,0.0,0.0,0.0,0.0,0.0,0.0,never
56306,Udici Primary Health Care Centre,Primary Health Care Centre,MoH,Western Bahr el Ghazal,Western Bahr el Ghazal,Jur River,SS0901,8.0698,27.7222,GPS,,True,True,0.0,0.0,0.0,0.0,0.0,0.0,never
56307,Wadalel Primary Health Care Unit,Primary Health Care Unit,MoH,Western Bahr el Ghazal,Western Bahr el Ghazal,Jur River,SS0901,7.4894,28.0543,GPS,,True,True,0.0,0.0,0.0,0.0,0.0,0.0,never
56308,Warrieth Primary Health Care Unit,Primary Health Care Unit,MoH,Western Bahr el Ghazal,Western Bahr el Ghazal,Jur River,SS0901,7.9111,27.877,Geonames,,True,True,0.0,0.0,0.0,0.0,0.0,0.0,never
56309,Wau Teaching Hospital,Teaching Hospital,MoH,Western Bahr el Ghazal,Western Bahr el Ghazal,Wau,SS0903,7.697,28.0045,GPS,,True,True,9.0,81.0,0.183,0.0,0.0,1.0,recurrent
56310,Yabulu Primary Health Care Unit,Primary Health Care Unit,MoH,Western Bahr el Ghazal,Western Bahr el Ghazal,Wau,SS0903,7.6886,26.9863,GPS,,True,True,0.0,0.0,0.0,0.0,0.0,0.0,never
56311,Agyi Primary Health Care Unit,Primary Health Care Unit,MoH,Western Equatoria,Western Equatoria,Mundri East,SS1004,5.4043,30.8603,GPS,,True,True,1.0,1.0,0.018,0.0,0.0,0.0,occasional
56312,Akpa Primary Health Care Unit,Primary Health Care Unit,MoH,Western Equatoria,Western Equatoria,Tambura,SS1009,5.8062,27.1803,Geonames,,True,True,0.0,0.0,0.0,0.0,0.0,0.0,never
56313,Amaki Primary Health Care Unit,Primary Health Care Unit,MoH,Western Equatoria,Western Equatoria,Maridi,SS1003,5.1381,29.4779,GPS,,True,True,0.0,0.0,0.0,0.0,0.0,0.0,never
56314,Amdi Primary Health Care Unit,Primary Health Care Unit,MoH,Western Equatoria,Western Equatoria,Mundri West,SS1005,5.519,30.3353,GPS,,True,True,0.0,0.0,0.0,0.0,0.0,0.0,never
56315,Andari Primary Health Care Unit,Primary Health Care Unit,MoH,Western Equatoria,Western Equatoria,Ezo,SS1001,4.9473,27.7254,GPS,,True,True,0.0,0.0,0.0,0.0,0.0,0.0,never
56316,Atta/Affa Primary Health Care Unit,Primary Health Care Unit,MoH,Western Equatoria,Western Equatoria,Maridi,SS1003,4.9729,29.6426,GPS,,True,True,1.0,1.0,0.033,0.0,0.0,1.0,occasional
56317,Baakpara Primary Health Care Unit,Primary Health Care Unit,MoH,Western Equatoria,Western Equatoria,Nzara,SS1008,4.5643,28.2557,GPS,,True,True,0.0,0.0,0.0,0.0,0.0,0.0,never
56318,Bafuka Primary Health Care Unit,Primary Health Care Unit,MoH,Western Equatoria,Western Equatoria,Ezo,SS1001,4.9782,27.7804,GPS,,True,True,0.0,0.0,0.0,0.0,0.0,0.0,never
56319,Bagidi Primary Health Care Unit,Primary Health Care Unit,MoH,Western Equatoria,Western Equatoria,Ezo,SS1001,5.1826,27.6699,GPS,,True,True,0.0,0.0,0.0,0.0,0.0,0.0,never
56320,Baguga Primary Health Care Unit,Primary Health Care Unit,MoH,Western Equatoria,Western Equatoria,Yambio,SS1010,4.5809,28.3265,GPS,,True,True,0.0,0.0,0.0,0.0,0.0,0.0,never
56321,Bahr-Grindi Primary Health Care Unit,Primary Health Care Unit,MoH,Western Equatoria,Western Equatoria,Mvolo,SS1006,6.1407,30.1778,GPS,,True,True,0.0,0.0,0.0,0.0,0.0,0.0,never
56322,Baikpa Primary Health Care Unit,Primary Health Care Unit,MoH,Western Equatoria,Western Equatoria,Ezo,SS1001,5.0954,27.4746,GPS,,True,True,0.0,0.0,0.0,0.0,0.0,0.0,never
56323,Bakiringba Primary Health Care Unit,Primary Health Care Unit,MoH,Western Equatoria,Western Equatoria,Tambura,SS1009,5.6511,27.4109,Geonames,,True,True,0.0,0.0,0.0,0.0,0.0,0.0,never
56324,Bakiwiri Primary Health Care Unit,Primary Health Care Unit,MoH,Western Equatoria,Western Equatoria,Yambio,SS1010,4.5378,28.3334,GPS,,True,True,0.0,0.0,0.0,0.0,0.0,0.0,never
56325,Bambaraze Primary Health Care Unit,Primary Health Care Unit,MoH,Western Equatoria,Western Equatoria,Ezo,SS1001,5.1873,27.6514,Geonames,,True,True,0.0,0.0,0.0,0.0,0.0,0.0,never
56326,Bambu Primary Health Care Unit,Primary Health Care Unit,MoH,Western Equatoria,Western Equatoria,Tambura,SS1009,5.4525,27.3464,GPS,,True,True,0.0,0.0,0.0,0.0,0.0,0.0,never
56327,Bandala Primary Health Care Unit,Primary Health Care Unit,MoH,Western Equatoria,Western Equatoria,Ezo,SS1001,5.1547,27.5408,Geonames,,True,True,0.0,0.0,0.0,0.0,0.0,0.0,never
56328,Bandalla Primary Health Care Unit,Primary Health Care Unit,MoH,Western Equatoria,Western Equatoria,Nagero,SS1007,6.1746,27.6909,Geonames,,True,True,0.0,0.0,0.0,0.0,0.0,0.0,never
56329,Banduguya Primary Health Care Unit,Primary Health Care Unit,MoH,Western Equatoria,Western Equatoria,Mundri East,SS1004,5.1,30.88,Geonames,,True,True,1.0,1.0,0.017,0.0,0.0,0.0,occasional
56330,Bangangai Primary Health Care Unit,Primary Health Care Unit,MoH,Western Equatoria,Western Equatoria,Ezo,SS1001,4.9076,27.7154,Geonames,,True,True,0.0,0.0,0.0,0.0,0.0,0.0,never
56331,Bangasu Primary Health Care Centre,Primary Health Care Centre,MoH,Western Equatoria,Western Equatoria,Yambio,SS1010,4.7922,28.7767,GPS,,True,True,0.0,0.0,0.0,0.0,0.0,0.0,never
56332,Baragu Primary Health Care Unit,Primary Health Care Unit,MoH,Western Equatoria,Western Equatoria,Ezo,SS1001,4.9824,27.6881,GPS,,True,True,0.0,0.0,0.0,0.0,0.0,0.0,never
56333,Bari Primary Health Care Unit,Primary Health Care Unit,MoH,Western Equatoria,Western Equatoria,Mundri West,SS1005,5.2281,30.3952,GPS,,True,True,0.0,0.0,0.0,0.0,0.0,0.0,never
56335,Bariguna Primary Health Care Unit,Primary Health Care Unit,MoH,Western Equatoria,Western Equatoria,Ezo,SS1001,5.1873,27.6514,Geonames,,True,True,0.0,0.0,0.0,0.0,0.0,0.0,never
56336,Basukangbi Primary Health Care Centre,Primary Health Care Centre,MoH,Western Equatoria,Western Equatoria,Nzara,SS1008,4.6835,28.0542,GPS,,True,True,0.0,0.0,0.0,0.0,0.0,0.0,never
56337,Bazumburu Primary Health Care Unit,Primary Health Care Unit,MoH,Western Equatoria,Western Equatoria,Yambio,SS1010,4.6519,28.5444,GPS,,True,True,0.0,0.0,0.0,0.0,0.0,0.0,never
56338,Bazungua Primary Health Care Centre,Primary Health Care Centre,MoH,Western Equatoria,Western Equatoria,Yambio,SS1010,4.592,28.4517,GPS,,True,True,0.0,0.0,0.0,0.0,0.0,0.0,never
56339,Bekenye Primary Health Care Unit,Primary Health Care Unit,MoH,Western Equatoria,Western Equatoria,Mundri East,SS1004,5.5309,30.7823,GPS,,True,True,0.0,0.0,0.0,0.0,0.0,0.0,never
56340,Bereangburu Primary Health Care Centre,Primary Health Care Centre,MoH,Western Equatoria,Western Equatoria,Nzara,SS1008,4.5136,28.2878,Geonames,,True,True,0.0,0.0,0.0,0.0,0.0,0.0,never
56341,Betha Saida Ecs Clin Primary Health Care Centre,Primary Health Care Centre,MoH,Western Equatoria,Western Equatoria,Maridi,SS1003,4.9114,29.4515,GPS,,True,True,1.0,1.0,0.017,0.0,0.0,0.0,occasional
56342,Bingo Primary Health Care Unit,Primary Health Care Unit,MoH,Western Equatoria,Western Equatoria,Maridi,SS1003,4.6643,29.761,Geonames,,True,True,0.0,0.0,0.0,0.0,0.0,0.0,never
56343,Birisi Primary Health Care Unit,Primary Health Care Unit,MoH,Western Equatoria,Western Equatoria,Yambio,SS1010,4.4263,28.4039,GPS,,True,True,0.0,0.0,0.0,0.0,0.0,0.0,never
56344,Bitit Primary Health Care Unit,Primary Health Care Unit,MoH,Western Equatoria,Western Equatoria,Mundri West,SS1005,5.5699,30.4374,GPS,,True,True,0.0,0.0,0.0,0.0,0.0,0.0,never
56345,Bodo Primary Health Care Unit,Primary Health Care Unit,MoH,Western Equatoria,Western Equatoria,Yambio,SS1010,4.6334,28.517,GPS,,True,True,0.0,0.0,0.0,0.0,0.0,0.0,never
56346,Bogori Primary Health Care Unit,Primary Health Care Unit,MoH,Western Equatoria,Western Equatoria,Mvolo,SS1006,5.7405,29.8475,GPS,,True,True,0.0,0.0,0.0,0.0,0.0,0.0,never
56347,Bongolo Primary Health Care Centre,Primary Health Care Centre,MoH,Western Equatoria,Western Equatoria,Mundri West,SS1005,4.8278,30.3009,GPS,,True,True,0.0,0.0,0.0,0.0,0.0,0.0,never
56348,Buagyi Primary Health Care Unit,Primary Health Care Unit,MoH,Western Equatoria,Western Equatoria,Mundri East,SS1004,5.1431,30.6384,GPS,,True,True,1.0,1.0,0.051,0.0,0.0,0.0,occasional
56349,Burezigbo Primary Health Care Unit,Primary Health Care Unit,MoH,Western Equatoria,Western Equatoria,Yambio,SS1010,4.8181,28.7421,GPS,,True,True,0.0,0.0,0.0,0.0,0.0,0.0,never
56350,C.R.C Primary Health Care Centre,Primary Health Care Centre,MoH,Western Equatoria,Western Equatoria,Ezo,SS1001,5.0679,27.4743,Geonames,,True,True,0.0,0.0,0.0,0.0,0.0,0.0,never
56351,Chochoro Primary Health Care Unit,Primary Health Care Unit,MoH,Western Equatoria,Western Equatoria,Maridi,SS1003,4.9998,29.456,GPS,,True,True,0.0,0.0,0.0,0.0,0.0,0.0,never
56352,Cmmb Nzara Primary Health Care Centre,Primary Health Care Centre,FBO/NGO,Western Equatoria,Western Equatoria,Nzara,SS1008,4.6416,28.2485,GPS,,True,True,0.0,0.0,0.0,0.0,0.0,0.0,never
56353,Dari Primary Health Care Unit,Primary Health Care Unit,MoH,Western Equatoria,Western Equatoria,Mvolo,SS1006,5.8211,30.3567,GPS,,True,True,0.0,0.0,0.0,0.0,0.0,0.0,never
56354,Diabio Primary Health Care Unit,Primary Health Care Unit,MoH,Western Equatoria,Western Equatoria,Ezo,SS1001,4.9717,28.0251,GPS,,True,True,1.0,1.0,0.017,0.0,0.0,0.0,occasional
56355,Diatoro Primary Health Care Unit,Primary Health Care Unit,MoH,Western Equatoria,Western Equatoria,Yambio,SS1010,4.5451,28.3581,GPS,,True,True,0.0,0.0,0.0,0.0,0.0,0.0,never
56356,Diayanga Primary Health Care Unit,Primary Health Care Unit,MoH,Western Equatoria,Western Equatoria,Nagero,SS1007,6.4902,27.8438,GPS,,True,True,0.0,0.0,0.0,0.0,0.0,0.0,never
56357,Diko Primary Health Care Unit,Primary Health Care Unit,MoH,Western Equatoria,Western Equatoria,Mundri West,SS1005,4.8727,30.4655,Geonames,,True,True,0.0,0.0,0.0,0.0,0.0,0.0,never
56358,Dingiapai Primary Health Care Centre,Primary Health Care Centre,MoH,Western Equatoria,Western Equatoria,Nzara,SS1008,4.5985,28.1873,Geonames,,True,True,0.0,0.0,0.0,0.0,0.0,0.0,never
56359,Dingimo Primary Health Care Unit,Primary Health Care Unit,MoH,Western Equatoria,Western Equatoria,Tambura,SS1009,5.7824,27.2221,Geonames,,True,True,0.0,0.0,0.0,0.0,0.0,0.0,never
56360,Domeri Primary Health Care Unit,Primary Health Care Unit,MoH,Western Equatoria,Western Equatoria,Mvolo,SS1006,5.9658,30.0407,GPS,,True,True,1.0,1.0,0.067,0.0,0.0,0.0,occasional
56361,Don Basico Primary Health Care Unit,Primary Health Care Unit,MoH,Western Equatoria,Western Equatoria,Maridi,SS1003,4.9109,29.4461,Geonames,,True,True,1.0,1.0,0.018,0.0,0.0,1.0,occasional
56362,Doroh Primary Health Care Unit,Primary Health Care Unit,MoH,Western Equatoria,Western Equatoria,Mundri East,SS1004,5.2005,30.5583,GPS,,True,True,0.0,0.0,0.0,0.0,0.0,0.0,never
56363,Dorrolilli Primary Health Care Unit,Primary Health Care Unit,MoH,Western Equatoria,Western Equatoria,Maridi,SS1003,4.6567,29.8678,GPS,,True,True,0.0,0.0,0.0,0.0,0.0,0.0,never
56364,Dosoh Primary Health Care Unit,Primary Health Care Unit,MoH,Western Equatoria,Western Equatoria,Mundri East,SS1004,5.4489,30.4623,GPS,,True,True,0.0,0.0,0.0,0.0,0.0,0.0,never
56365,Duatuka Primary Health Care Unit,Primary Health Care Unit,MoH,Western Equatoria,Western Equatoria,Yambio,SS1010,5.8522,28.6699,Geonames,,True,True,0.0,0.0,0.0,0.0,0.0,0.0,never
56366,Duma Primary Health Care Unit,Primary Health Care Unit,MoH,Western Equatoria,Western Equatoria,Tambura,SS1009,5.8206,27.5753,GPS,,True,True,0.0,0.0,0.0,0.0,0.0,0.0,never
56367,Ecs Primary Health Care Unit,Primary Health Care Unit,MoH,Western Equatoria,Western Equatoria,Ezo,SS1001,5.0689,27.4686,GPS,,True,True,0.0,0.0,0.0,0.0,0.0,0.0,never
56368,Embe Primary Health Care Unit,Primary Health Care Unit,MoH,Western Equatoria,Western Equatoria,Maridi,SS1003,4.7535,29.5212,GPS,,True,True,0.0,0.0,0.0,0.0,0.0,0.0,never
56369,Eyira/Bar-Naam Primary Health Care Unit,Primary Health Care Unit,MoH,Western Equatoria,Western Equatoria,Maridi,SS1003,4.9911,29.6711,GPS,,True,True,0.0,0.0,0.0,0.0,0.0,0.0,never
56370,Ezo Primary Health Care Centre,Primary Health Care Centre,MoH,Western Equatoria,Western Equatoria,Ezo,SS1001,5.0771,27.4658,GPS,,True,True,0.0,0.0,0.0,0.0,0.0,0.0,never
56371,Gabat Primary Health Care Centre,Primary Health Care Centre,MoH,Western Equatoria,Western Equatoria,Mundri East,SS1004,5.1506,30.7057,GPS,,True,True,0.0,0.0,0.0,0.0,0.0,0.0,never
56372,Gagura Primary Health Care Centre,Primary Health Care Centre,MoH,Western Equatoria,Western Equatoria,Yambio,SS1010,4.4469,28.4872,GPS,,True,True,0.0,0.0,0.0,0.0,0.0,0.0,never
56373,Gamunakpa Primary Health Care Unit,Primary Health Care Unit,MoH,Western Equatoria,Western Equatoria,Tambura,SS1009,5.5715,27.497,Geonames,,True,True,0.0,0.0,0.0,0.0,0.0,0.0,never
56374,Gangura Primary Health Care Centre,Primary Health Care Centre,MoH,Western Equatoria,Western Equatoria,Yambio,SS1010,4.4469,28.4872,GPS,,True,True,0.0,0.0,0.0,0.0,0.0,0.0,never
56375,Garia Primary Health Care Unit,Primary Health Care Unit,MoH,Western Equatoria,Western Equatoria,Mundri West,SS1005,5.0335,30.328,GPS,,True,True,0.0,0.0,0.0,0.0,0.0,0.0,never
56376,Gira Primary Health Care Unit,Primary Health Care Unit,MoH,Western Equatoria,Western Equatoria,Mvolo,SS1006,5.8969,29.8953,GPS,,True,True,0.0,0.0,0.0,0.0,0.0,0.0,never
56377,Gogribalau Primary Health Care Unit,Primary Health Care Unit,MoH,Western Equatoria,Western Equatoria,Mundri West,SS1005,5.2271,30.2616,Geonames,,True,True,0.0,0.0,0.0,0.0,0.0,0.0,never
56378,Gullui Primary Health Care Unit,Primary Health Care Unit,MoH,Western Equatoria,Western Equatoria,Mundri West,SS1005,5.3668,30.1593,GPS,,True,True,0.0,0.0,0.0,0.0,0.0,0.0,never
56379,Gulu Primary Health Care Unit,Primary Health Care Unit,MoH,Western Equatoria,Western Equatoria,Mundri West,SS1005,5.3694,30.1589,Geonames,,True,True,0.0,0.0,0.0,0.0,0.0,0.0,never
56380,Ibba Primary Health Care Centre,Primary Health Care Centre,MoH,Western Equatoria,Western Equatoria,Ibba,SS1002,4.7914,29.1335,GPS,,True,True,0.0,0.0,0.0,0.0,0.0,0.0,never
56381,Ideas Primary Health Care Unit,Primary Health Care Unit,MoH,Western Equatoria,Western Equatoria,Yambio,SS1010,4.5642,28.4256,GPS,,True,True,0.0,0.0,0.0,0.0,0.0,0.0,never
56382,Iggi Primary Health Care Unit,Primary Health Care Unit,MoH,Western Equatoria,Western Equatoria,Ibba,SS1002,4.5855,28.99,Geonames,,True,True,0.0,0.0,0.0,0.0,0.0,0.0,never
56383,Ikpiro Primary Health Care Unit,Primary Health Care Unit,MoH,Western Equatoria,Western Equatoria,Yambio,SS1010,4.571,28.4104,Geonames,,True,True,0.0,0.0,0.0,0.0,0.0,0.0,never
56384,Jangiri Primary Health Care Centre,Primary Health Care Centre,MoH,Western Equatoria,Western Equatoria,Ezo,SS1001,5.1815,27.956,GPS,,True,True,0.0,0.0,0.0,0.0,0.0,0.0,never
56385,Karika Primary Health Care Unit,Primary Health Care Unit,MoH,Western Equatoria,Western Equatoria,Mundri West,SS1005,5.13,30.0383,GPS,,True,True,0.0,0.0,0.0,0.0,0.0,0.0,never
56386,Kasia Primary Health Care Unit,Primary Health Care Unit,MoH,Western Equatoria,Western Equatoria,Yambio,SS1010,4.6722,28.6263,GPS,,True,True,0.0,0.0,0.0,0.0,0.0,0.0,never
56387,Kediba Primary Health Care Centre,Primary Health Care Centre,MoH,Western Equatoria,Western Equatoria,Mundri East,SS1004,5.5126,30.7255,GPS,,True,True,0.0,0.0,0.0,0.0,0.0,0.0,never
56388,Kesiko Primary Health Care Unit,Primary Health Care Unit,MoH,Western Equatoria,Western Equatoria,Mundri East,SS1004,5.7214,30.6008,GPS,,True,True,0.0,0.0,0.0,0.0,0.0,0.0,never
56389,Kidi Primary Health Care Unit,Primary Health Care Unit,MoH,Western Equatoria,Western Equatoria,Yambio,SS1010,4.4849,28.4456,GPS,,True,True,0.0,0.0,0.0,0.0,0.0,0.0,never
56390,Kosi Primary Health Care Unit,Primary Health Care Unit,MoH,Western Equatoria,Western Equatoria,Maridi,SS1003,5.512,29.7106,GPS,,True,True,0.0,0.0,0.0,0.0,0.0,0.0,never
56391,Kotobi Primary Health Care Centre,Primary Health Care Centre,MoH,Western Equatoria,Western Equatoria,Mundri West,SS1005,5.2428,30.201,GPS,,True,True,0.0,0.0,0.0,0.0,0.0,0.0,never
56392,Kpasua Primary Health Care Unit,Primary Health Care Unit,MoH,Western Equatoria,Western Equatoria,Nzara,SS1008,4.744,28.1948,GPS,,True,True,0.0,0.0,0.0,0.0,0.0,0.0,never
56393,Kporolo Primary Health Care Unit,Primary Health Care Unit,MoH,Western Equatoria,Western Equatoria,Mundri East,SS1004,4.9782,30.6455,Geonames,,True,True,0.0,0.0,0.0,0.0,0.0,0.0,never
56394,Kulu Primary Health Care Unit,Primary Health Care Unit,MoH,Western Equatoria,Western Equatoria,Mvolo,SS1006,6.2298,29.9367,GPS,,True,True,0.0,0.0,0.0,0.0,0.0,0.0,never
56395,Kulundu Primary Health Care Unit,Primary Health Care Unit,MoH,Western Equatoria,Western Equatoria,Mundri West,SS1005,5.6506,30.3525,GPS,,True,True,0.0,0.0,0.0,0.0,0.0,0.0,never
56396,Kuro Primary Health Care Unit,Primary Health Care Unit,MoH,Western Equatoria,Western Equatoria,Nagero,SS1007,6.2423,27.734,GPS,,True,True,0.0,0.0,0.0,0.0,0.0,0.0,never
56397,Kwanga Primary Health Care Unit,Primary Health Care Unit,MoH,Western Equatoria,Western Equatoria,Maridi,SS1003,4.8605,29.4731,GPS,,True,True,0.0,0.0,0.0,0.0,0.0,0.0,never
56398,Lakamadi Primary Health Care Centre,Primary Health Care Centre,MoH,Western Equatoria,Western Equatoria,Mundri East,SS1004,5.6678,30.4884,GPS,,True,True,0.0,0.0,0.0,0.0,0.0,0.0,never
56399,Lali Primary Health Care Unit,Primary Health Care Unit,MoH,Western Equatoria,Western Equatoria,Mvolo,SS1006,6.2115,30.0817,GPS,,True,True,0.0,0.0,0.0,0.0,0.0,0.0,never
56400,Langua Primary Health Care Unit,Primary Health Care Unit,MoH,Western Equatoria,Western Equatoria,Maridi,SS1003,5.1066,29.9803,GPS,,True,True,0.0,0.0,0.0,0.0,0.0,0.0,never
56401,Lanyi Primary Health Care Centre,Primary Health Care Centre,MoH,Western Equatoria,Western Equatoria,Mundri East,SS1004,5.2481,30.5087,GPS,,True,True,0.0,0.0,0.0,0.0,0.0,0.0,never
56402,Ledingwa Primary Health Care Unit,Primary Health Care Unit,MoH,Western Equatoria,Western Equatoria,Mundri West,SS1005,4.9491,30.3342,GPS,,True,True,0.0,0.0,0.0,0.0,0.0,0.0,never
56403,Lesi Primary Health Care Unit,Primary Health Care Unit,MoH,Western Equatoria,Western Equatoria,Mvolo,SS1006,5.8823,30.3009,GPS,,True,True,0.0,0.0,0.0,0.0,0.0,0.0,never
56404,Leyibolo Kombi Primary Health Care Unit,Primary Health Care Unit,MoH,Western Equatoria,Western Equatoria,Mvolo,SS1006,6.1876,30.0423,Geonames,,True,True,0.0,0.0,0.0,0.0,0.0,0.0,never
56405,Li Rangu Primary Health Care Centre,Primary Health Care Centre,MoH,Western Equatoria,Western Equatoria,Yambio,SS1010,4.7277,28.3596,GPS,,True,True,0.0,0.0,0.0,0.0,0.0,0.0,never
56406,Lojoh Primary Health Care Unit,Primary Health Care Unit,MoH,Western Equatoria,Western Equatoria,Mundri East,SS1004,5.1572,30.4467,GPS,,True,True,0.0,0.0,0.0,0.0,0.0,0.0,never
56407,Lokoya Primary Health Care Unit,Primary Health Care Unit,MoH,Western Equatoria,Western Equatoria,Mundri East,SS1004,4.8982,30.5291,Geonames,,True,True,0.0,0.0,0.0,0.0,0.0,0.0,never
56408,Longbua Primary Health Care Unit,Primary Health Care Unit,MoH,Western Equatoria,Western Equatoria,Maridi,SS1003,5.0262,29.7151,GPS,,True,True,0.0,0.0,0.0,0.0,0.0,0.0,never
56409,Lui County Hospital,County Hospital,MoH,Western Equatoria,Western Equatoria,Mundri East,SS1004,5.3428,30.4487,GPS,,True,True,0.0,0.0,0.0,0.0,0.0,0.0,never
56410,Mabaiku Primary Health Care Unit,Primary Health Care Unit,MoH,Western Equatoria,Western Equatoria,Tambura,SS1009,5.5658,27.4326,GPS,,True,True,0.0,0.0,0.0,0.0,0.0,0.0,never
56411,Mabarindi Primary Health Care Unit,Primary Health Care Unit,MoH,Western Equatoria,Western Equatoria,Maridi,SS1003,4.931,29.5131,Geonames,,True,True,0.0,0.0,0.0,0.0,0.0,0.0,never
56412,Mabema Primary Health Care Unit,Primary Health Care Unit,MoH,Western Equatoria,Western Equatoria,Yambio,SS1010,4.8635,28.4347,GPS,,True,True,0.0,0.0,0.0,0.0,0.0,0.0,never
56413,Mabenge Primary Health Care Unit,Primary Health Care Unit,MoH,Western Equatoria,Western Equatoria,Tambura,SS1009,5.6475,27.4956,Geonames,,True,True,0.0,0.0,0.0,0.0,0.0,0.0,never
56414,Mabia Primary Health Care Unit,Primary Health Care Unit,MoH,Western Equatoria,Western Equatoria,Tambura,SS1009,5.562,27.5242,GPS,,True,True,0.0,0.0,0.0,0.0,0.0,0.0,never
56415,Mabilindi Primary Health Care Unit,Primary Health Care Unit,MoH,Western Equatoria,Western Equatoria,Maridi,SS1003,4.9314,29.5128,GPS,,True,True,0.0,0.0,0.0,0.0,0.0,0.0,never
56416,Madakurungbgu Primary Health Care Unit,Primary Health Care Unit,MoH,Western Equatoria,Western Equatoria,Tambura,SS1009,5.5761,27.456,Geonames,,True,True,0.0,0.0,0.0,0.0,0.0,0.0,never
56417,Madede Primary Health Care Unit,Primary Health Care Unit,MoH,Western Equatoria,Western Equatoria,Ibba,SS1002,4.7985,28.9976,GPS,,True,True,0.0,0.0,0.0,0.0,0.0,0.0,never
56418,Madoro Primary Health Care Unit,Primary Health Care Unit,MoH,Western Equatoria,Western Equatoria,Ezo,SS1001,5.0705,27.5349,GPS,,True,True,0.0,0.0,0.0,0.0,0.0,0.0,never
56419,Magbuka Primary Health Care Unit,Primary Health Care Unit,MoH,Western Equatoria,Western Equatoria,Yambio,SS1010,4.7486,28.807,GPS,,True,True,0.0,0.0,0.0,0.0,0.0,0.0,never
56420,Magyiri Primary Health Care Centre,Primary Health Care Centre,MoH,Western Equatoria,Western Equatoria,Mundri East,SS1004,5.532,30.8576,GPS,,True,True,0.0,0.0,0.0,0.0,0.0,0.0,never
56421,Makpandu Primary Health Care Centre,Primary Health Care Centre,MoH,Western Equatoria,Western Equatoria,Yambio,SS1010,4.751,28.7015,Geonames,,True,True,0.0,0.0,0.0,0.0,0.0,0.0,never
56422,Maltesar County Hospital,County Hospital,MoH,Western Equatoria,Western Equatoria,Maridi,SS1003,4.9163,29.4631,GPS,,True,True,0.0,0.0,0.0,0.0,0.0,0.0,never
56423,Mambe T Primary Health Care Unit,Primary Health Care Unit,MoH,Western Equatoria,Western Equatoria,Maridi,SS1003,4.8682,29.8242,GPS,,True,True,0.0,0.0,0.0,0.0,0.0,0.0,never
56424,Mandi Primary Health Care Unit,Primary Health Care Unit,MoH,Western Equatoria,Western Equatoria,Mundri West,SS1005,5.1637,30.1047,GPS,,True,True,0.0,0.0,0.0,0.0,0.0,0.0,never
56425,Mangbangua Primary Health Care Unit,Primary Health Care Unit,MoH,Western Equatoria,Western Equatoria,Ezo,SS1001,5.0533,27.497,Geonames,,True,True,0.0,0.0,0.0,0.0,0.0,0.0,never
56426,Mangbondo Primary Health Care Unit,Primary Health Care Unit,MoH,Western Equatoria,Western Equatoria,Yambio,SS1010,4.5504,28.4001,GPS,,True,True,0.0,0.0,0.0,0.0,0.0,0.0,never
56427,Mangburu Primary Health Care Unit,Primary Health Care Unit,MoH,Western Equatoria,Western Equatoria,Tambura,SS1009,5.66,27.5047,GPS,,True,True,0.0,0.0,0.0,0.0,0.0,0.0,never
56428,Mangogo Primary Health Care Unit,Primary Health Care Unit,MoH,Western Equatoria,Western Equatoria,Tambura,SS1009,5.4676,27.6601,Geonames,,True,True,0.0,0.0,0.0,0.0,0.0,0.0,never
56429,Manikakara Primary Health Care Unit,Primary Health Care Unit,MoH,Western Equatoria,Western Equatoria,Ibba,SS1002,4.8482,29.255,GPS,,True,True,0.0,0.0,0.0,0.0,0.0,0.0,never
56430,Marangu Primary Health Care Unit,Primary Health Care Unit,MoH,Western Equatoria,Western Equatoria,Ezo,SS1001,4.9624,27.9248,Geonames,,True,True,0.0,0.0,0.0,0.0,0.0,0.0,never
56431,Mariagba Primary Health Care Unit,Primary Health Care Unit,MoH,Western Equatoria,Western Equatoria,Ezo,SS1001,5.0306,27.6146,GPS,,True,True,0.0,0.0,0.0,0.0,0.0,0.0,never
56433,Maridi County Hospital,County Hospital,MoH,Western Equatoria,Western Equatoria,Maridi,SS1003,4.916,29.4642,GPS,,True,True,0.0,0.0,0.0,0.0,0.0,0.0,never
56434,Maridi Primary Health Care Unit,Primary Health Care Unit,MoH,Western Equatoria,Western Equatoria,Maridi,SS1003,4.8979,29.4466,Geonames,,True,True,0.0,0.0,0.0,0.0,0.0,0.0,never
56435,Maruko Primary Health Care Unit,Primary Health Care Unit,MoH,Western Equatoria,Western Equatoria,Ibba,SS1002,4.7983,29.0535,GPS,,True,True,0.0,0.0,0.0,0.0,0.0,0.0,never
56436,Masiya Primary Health Care Unit,Primary Health Care Unit,MoH,Western Equatoria,Western Equatoria,Yambio,SS1010,4.5771,28.3844,GPS,,True,True,0.0,0.0,0.0,0.0,0.0,0.0,never
56437,Masumbu Primary Health Care Unit,Primary Health Care Unit,MoH,Western Equatoria,Western Equatoria,Yambio,SS1010,4.5105,28.3854,GPS,,True,True,0.0,0.0,0.0,0.0,0.0,0.0,never
56438,Matar Primary Health Care Unit,Primary Health Care Unit,MoH,Western Equatoria,Western Equatoria,Maridi,SS1003,4.9097,29.4571,GPS,,True,True,0.0,0.0,0.0,0.0,0.0,0.0,never
56439,Matoto Primary Health Care Unit,Primary Health Care Unit,MoH,Western Equatoria,Western Equatoria,Tambura,SS1009,5.6261,27.4062,GPS,,True,True,0.0,0.0,0.0,0.0,0.0,0.0,never
56440,Mazingbi Primary Health Care Unit,Primary Health Care Unit,MoH,Western Equatoria,Western Equatoria,Yambio,SS1010,5.311,28.3851,GPS,,True,True,0.0,0.0,0.0,0.0,0.0,0.0,never
56441,Mbara Primary Health Care Unit,Primary Health Care Unit,MoH,Western Equatoria,Western Equatoria,Mvolo,SS1006,5.67,30.0981,GPS,,True,True,0.0,0.0,0.0,0.0,0.0,0.0,never
56442,Mbirangburu Primary Health Care Unit,Primary Health Care Unit,MoH,Western Equatoria,Western Equatoria,Tambura,SS1009,5.66,27.5047,GPS,,True,True,0.0,0.0,0.0,0.0,0.0,0.0,never
56443,Mboroko Primary Health Care Unit,Primary Health Care Unit,MoH,Western Equatoria,Western Equatoria,Maridi,SS1003,4.8592,29.4337,GPS,,True,True,1.0,1.0,0.017,0.0,0.0,0.0,occasional
56444,MEKKE I Primary Health Care Unit,Primary Health Care Unit,MoH,Western Equatoria,Western Equatoria,Maridi,SS1003,4.8861,29.4953,GPS,,True,True,0.0,0.0,0.0,0.0,0.0,0.0,never
56445,Mekke Ii Primary Health Care Centre,Primary Health Care Centre,MoH,Western Equatoria,Western Equatoria,Maridi,SS1003,4.8861,29.4953,GPS,,True,True,0.0,0.0,0.0,0.0,0.0,0.0,never
56446,Mideh Primary Health Care Centre,Primary Health Care Centre,MoH,Western Equatoria,Western Equatoria,Mundri East,SS1004,5.057,30.7338,GPS,,True,True,0.0,0.0,0.0,0.0,0.0,0.0,never
56447,Miden Primary Health Care Centre,Primary Health Care Centre,MoH,Western Equatoria,Western Equatoria,Mundri East,SS1004,5.0634,30.7369,Geonames,,True,True,0.0,0.0,0.0,0.0,0.0,0.0,never
56448,Minga Primary Health Care Centre,Primary Health Care Centre,MoH,Western Equatoria,Western Equatoria,Mundri East,SS1004,5.301,30.8659,Geonames,,True,True,0.0,0.0,0.0,0.0,0.0,0.0,never
56449,Moba Primary Health Care Unit,Primary Health Care Unit,MoH,Western Equatoria,Western Equatoria,Mundri West,SS1005,4.7982,30.3692,Geonames,,True,True,0.0,0.0,0.0,0.0,0.0,0.0,never
56450,Moku Primary Health Care Unit,Primary Health Care Unit,MoH,Western Equatoria,Western Equatoria,Maridi,SS1003,4.9072,29.4971,GPS,,True,True,0.0,0.0,0.0,0.0,0.0,0.0,never
56451,Momboi Primary Health Care Unit,Primary Health Care Unit,MoH,Western Equatoria,Western Equatoria,Yambio,SS1010,4.7537,28.4405,GPS,,True,True,0.0,0.0,0.0,0.0,0.0,0.0,never
56452,Mopai Primary Health Care Centre,Primary Health Care Centre,MoH,Western Equatoria,Western Equatoria,Tambura,SS1009,5.4711,27.6467,GPS,,True,True,0.0,0.0,0.0,0.0,0.0,0.0,never
56453,Moruko Primary Health Care Unit,Primary Health Care Unit,MoH,Western Equatoria,Western Equatoria,Ibba,SS1002,5.1848,29.162,GPS,,True,True,0.0,0.0,0.0,0.0,0.0,0.0,never
56454,Moso Primary Health Care Unit,Primary Health Care Unit,MoH,Western Equatoria,Western Equatoria,Ezo,SS1001,5.3364,27.72,Geonames,,True,True,0.0,0.0,0.0,0.0,0.0,0.0,never
56455,Movo Primary Health Care Unit,Primary Health Care Unit,MoH,Western Equatoria,Western Equatoria,Mundri East,SS1004,5.3881,30.6357,GPS,,True,True,0.0,0.0,0.0,0.0,0.0,0.0,never
56456,Mudubai Primary Health Care Unit,Primary Health Care Unit,MoH,Western Equatoria,Western Equatoria,Maridi,SS1003,4.9927,29.5047,GPS,,True,True,0.0,0.0,0.0,0.0,0.0,0.0,never
56457,Mundri West Primary Health Care Centre,Primary Health Care Centre,MoH,Western Equatoria,Western Equatoria,Mundri West,SS1005,5.3471,30.3235,GPS,,True,True,0.0,0.0,0.0,0.0,0.0,0.0,never
56458,Mvolo Primary Health Care Centre,Primary Health Care Centre,MoH,Western Equatoria,Western Equatoria,Mvolo,SS1006,6.0597,29.9605,Geonames,,True,True,0.0,0.0,0.0,0.0,0.0,0.0,never
56459,N.H.I.F Yambio Primary Health Care Centre,Primary Health Care Centre,MoH,Western Equatoria,Western Equatoria,Yambio,SS1010,4.5677,28.3955,GPS,,True,True,0.0,0.0,0.0,0.0,0.0,0.0,never
56460,Naandi Primary Health Care Centre,Primary Health Care Centre,MoH,Western Equatoria,Western Equatoria,Ezo,SS1001,4.9727,27.9118,Geonames,,True,True,0.0,0.0,0.0,0.0,0.0,0.0,never
56461,Naangbimo Primary Health Care Unit,Primary Health Care Unit,MoH,Western Equatoria,Western Equatoria,Yambio,SS1010,4.5327,28.4368,GPS,,True,True,0.0,0.0,0.0,0.0,0.0,0.0,never
56462,Nabagu Primary Health Care Unit,Primary Health Care Unit,MoH,Western Equatoria,Western Equatoria,Yambio,SS1010,4.5785,28.3594,GPS,,True,True,0.0,0.0,0.0,0.0,0.0,0.0,never
56463,Nabanga Primary Health Care Centre,Primary Health Care Centre,MoH,Western Equatoria,Western Equatoria,Yambio,SS1010,4.5785,28.3594,GPS,,True,True,0.0,0.0,0.0,0.0,0.0,0.0,never
56464,Nabaria Primary Health Care Unit,Primary Health Care Unit,MoH,Western Equatoria,Western Equatoria,Tambura,SS1009,5.6792,27.461,Geonames,,True,True,0.0,0.0,0.0,0.0,0.0,0.0,never
56465,Nabia-Pai Primary Health Care Unit,Primary Health Care Unit,MoH,Western Equatoria,Western Equatoria,Yambio,SS1010,4.3869,28.5675,GPS,,True,True,0.0,0.0,0.0,0.0,0.0,0.0,never
56466,Nadiangere Primary Health Care Centre,Primary Health Care Centre,MoH,Western Equatoria,Western Equatoria,Yambio,SS1010,5.4937,28.3906,GPS,,True,True,0.0,0.0,0.0,0.0,0.0,0.0,never
56467,Nagasi Primary Health Care Unit,Primary Health Care Unit,MoH,Western Equatoria,Western Equatoria,Ezo,SS1001,4.9206,28.0372,Geonames,,True,True,0.0,0.0,0.0,0.0,0.0,0.0,never
56468,Nagbabe Primary Health Care Unit,Primary Health Care Unit,MoH,Western Equatoria,Western Equatoria,Ezo,SS1001,5.2065,27.904,Geonames,,True,True,0.0,0.0,0.0,0.0,0.0,0.0,never
56469,Nagbaka Primary Health Care Unit,Primary Health Care Unit,MoH,Western Equatoria,Western Equatoria,Maridi,SS1003,4.9541,29.4368,GPS,,True,True,0.0,0.0,0.0,0.0,0.0,0.0,never
56470,Nagero Primary Health Care Centre,Primary Health Care Centre,MoH,Western Equatoria,Western Equatoria,Nagero,SS1007,6.3876,27.765,GPS,,True,True,0.0,0.0,0.0,0.0,0.0,0.0,never
56471,Nakapazi Gi Primary Health Care Unit,Primary Health Care Unit,MoH,Western Equatoria,Western Equatoria,Nzara,SS1008,4.673,28.1832,GPS,,True,True,0.0,0.0,0.0,0.0,0.0,0.0,never
56472,Nakiri Primary Health Care Unit,Primary Health Care Unit,MoH,Western Equatoria,Western Equatoria,Yambio,SS1010,4.5543,28.4328,GPS,,True,True,0.0,0.0,0.0,0.0,0.0,0.0,never
56473,Namaiku Primary Health Care Centre,Primary Health Care Centre,MoH,Western Equatoria,Western Equatoria,Nzara,SS1008,4.6864,28.2268,GPS,,True,True,0.0,0.0,0.0,0.0,0.0,0.0,never
56474,Namama Primary Health Care Unit,Primary Health Care Unit,MoH,Western Equatoria,Western Equatoria,Nzara,SS1008,4.7028,27.9871,GPS,,True,True,0.0,0.0,0.0,0.0,0.0,0.0,never
56475,Nambia Primary Health Care Unit,Primary Health Care Unit,MoH,Western Equatoria,Western Equatoria,Yambio,SS1010,4.6621,28.3655,GPS,,True,True,0.0,0.0,0.0,0.0,0.0,0.0,never
56476,Namutina Primary Health Care Centre,Primary Health Care Centre,MoH,Western Equatoria,Western Equatoria,Tambura,SS1009,5.9273,27.3373,Geonames,,True,True,0.0,0.0,0.0,0.0,0.0,0.0,never
56477,Nangere Primary Health Care Unit,Primary Health Care Unit,MoH,Western Equatoria,Western Equatoria,Yambio,SS1010,4.7577,28.7151,Geonames,,True,True,0.0,0.0,0.0,0.0,0.0,0.0,never
56478,Nangirimo Primary Health Care Unit,Primary Health Care Unit,MoH,Western Equatoria,Western Equatoria,Nzara,SS1008,4.4698,28.2064,GPS,,True,True,0.0,0.0,0.0,0.0,0.0,0.0,never
56479,Nangumc Primary Health Care Unit,Primary Health Care Unit,MoH,Western Equatoria,Western Equatoria,Yambio,SS1010,5.1923,28.433,GPS,,True,True,0.0,0.0,0.0,0.0,0.0,0.0,never
56480,Nanzinga Primary Health Care Unit,Primary Health Care Unit,MoH,Western Equatoria,Western Equatoria,Ezo,SS1001,5.1837,27.9546,Geonames,,True,True,0.0,0.0,0.0,0.0,0.0,0.0,never
56481,Napere MSF Primary Health Care Unit,Primary Health Care Unit,MoH,Western Equatoria,Western Equatoria,Ezo,SS1001,5.0809,27.4815,GPS,,True,True,0.0,0.0,0.0,0.0,0.0,0.0,never
56482,Napere Wui Primary Health Care Unit,Primary Health Care Unit,MoH,Western Equatoria,Western Equatoria,Ezo,SS1001,5.0794,27.4812,GPS,,True,True,0.0,0.0,0.0,0.0,0.0,0.0,never
56483,Nasua Primary Health Care Unit,Primary Health Care Unit,MoH,Western Equatoria,Western Equatoria,Yambio,SS1010,4.5188,28.4988,Geonames,,True,True,0.0,0.0,0.0,0.0,0.0,0.0,never
56484,Nayure Primary Health Care Unit,Primary Health Care Unit,MoH,Western Equatoria,Western Equatoria,Yambio,SS1010,4.5643,28.3476,GPS,,True,True,0.0,0.0,0.0,0.0,0.0,0.0,never
56485,Ndauuro Primary Health Care Unit,Primary Health Care Unit,MoH,Western Equatoria,Western Equatoria,Yambio,SS1010,4.6537,28.4166,GPS,,True,True,0.0,0.0,0.0,0.0,0.0,0.0,never
56486,Ndoromo Primary Health Care Unit,Primary Health Care Unit,MoH,Western Equatoria,Western Equatoria,Nzara,SS1008,4.7081,27.8979,GPS,,True,True,0.0,0.0,0.0,0.0,0.0,0.0,never
56487,Ngambia Primary Health Care Unit,Primary Health Care Unit,MoH,Western Equatoria,Western Equatoria,Nzara,SS1008,4.6468,28.2581,GPS,,True,True,0.0,0.0,0.0,0.0,0.0,0.0,never
56488,Ngamude Primary Health Care Unit,Primary Health Care Unit,MoH,Western Equatoria,Western Equatoria,Maridi,SS1003,4.7557,29.6003,GPS,,True,True,0.0,0.0,0.0,0.0,0.0,0.0,never
56489,Ngburusai Primary Health Care Unit,Primary Health Care Unit,MoH,Western Equatoria,Western Equatoria,Maridi,SS1003,4.8189,29.5109,GPS,,True,True,0.0,0.0,0.0,0.0,0.0,0.0,never
56490,Ngoko Primary Health Care Unit,Primary Health Care Unit,MoH,Western Equatoria,Western Equatoria,Tambura,SS1009,5.3911,27.2991,GPS,,True,True,0.0,0.0,0.0,0.0,0.0,0.0,never
56491,Nuni Primary Health Care Unit,Primary Health Care Unit,MoH,Western Equatoria,Western Equatoria,Mundri West,SS1005,5.4741,30.3217,Geonames,,True,True,0.0,0.0,0.0,0.0,0.0,0.0,never
56492,Nyaka Primary Health Care Unit,Primary Health Care Unit,MoH,Western Equatoria,Western Equatoria,Yambio,SS1010,4.5377,28.8484,GPS,,True,True,0.0,0.0,0.0,0.0,0.0,0.0,never
56493,Nzama Primary Health Care Unit,Primary Health Care Unit,MoH,Western Equatoria,Western Equatoria,Tambura,SS1009,5.6199,27.5251,GPS,,True,True,0.0,0.0,0.0,0.0,0.0,0.0,never
56494,Olo- Primary Health Care Centre,Primary Health Care Centre,MoH,Western Equatoria,Western Equatoria,Maridi,SS1003,5.082,29.8293,GPS,,True,True,0.0,0.0,0.0,0.0,0.0,0.0,never
56495,Pastor Poul Mc Iba D Primary Health Care Unit,Primary Health Care Unit,MoH,Western Equatoria,Western Equatoria,Ibba,SS1002,4.79,29.1404,GPS,,True,True,0.0,0.0,0.0,0.0,0.0,0.0,never
56496,Primary Health Care Unit,Primary Health Care Unit,MoH,Western Equatoria,Western Equatoria,Tambura,SS1009,5.6084,27.4753,GPS,,True,True,0.0,0.0,0.0,0.0,0.0,0.0,never
56497,Ras-Tigi Primary Health Care Unit,Primary Health Care Unit,MoH,Western Equatoria,Western Equatoria,Maridi,SS1003,4.925,29.3941,GPS,,True,True,0.0,0.0,0.0,0.0,0.0,0.0,never
56498,Remenze Primary Health Care Unit,Primary Health Care Unit,MoH,Western Equatoria,Western Equatoria,Yambio,SS1010,4.7026,28.5922,GPS,,True,True,0.0,0.0,0.0,0.0,0.0,0.0,never
56499,Ribodo Primary Health Care Unit,Primary Health Care Unit,MoH,Western Equatoria,Western Equatoria,Yambio,SS1010,4.5555,28.4551,GPS,,True,True,0.0,0.0,0.0,0.0,0.0,0.0,never
56500,Rimeivze Primary Health Care Unit,Primary Health Care Unit,MoH,Western Equatoria,Western Equatoria,Yambio,SS1010,4.7026,28.5922,GPS,,True,True,0.0,0.0,0.0,0.0,0.0,0.0,never
56501,Ringasi Primary Health Care Centre,Primary Health Care Centre,MoH,Western Equatoria,Western Equatoria,Nzara,SS1008,4.9286,28.1781,GPS,,True,True,1.0,1.0,0.119,0.0,0.0,0.0,occasional
56502,Rubu Primary Health Care Unit,Primary Health Care Unit,MoH,Western Equatoria,Western Equatoria,Ibba,SS1002,4.9056,29.3466,GPS,,True,True,1.0,1.0,0.016,0.0,0.0,0.0,occasional
56503,Sakure Primary Health Care Centre,Primary Health Care Centre,MoH,Western Equatoria,Western Equatoria,Nzara,SS1008,4.3966,28.2116,GPS,,True,True,0.0,0.0,0.0,0.0,0.0,0.0,never
56504,Sangua Ii Primary Health Care Centre,Primary Health Care Centre,MoH,Western Equatoria,Western Equatoria,Nzara,SS1008,4.6203,28.213,GPS,,True,True,0.0,0.0,0.0,0.0,0.0,0.0,never
56505,Sangua One Primary Health Care Unit,Primary Health Care Unit,MoH,Western Equatoria,Western Equatoria,Nzara,SS1008,4.6296,28.1261,GPS,,True,True,0.0,0.0,0.0,0.0,0.0,0.0,never
56506,Sarafin clinic Primary Health Care Unit,Primary Health Care Unit,MoH,Western Equatoria,Western Equatoria,Tambura,SS1009,5.6062,27.4694,Geonames,,True,True,0.0,0.0,0.0,0.0,0.0,0.0,never
56507,Saura I Primary Health Care Unit,Primary Health Care Unit,MoH,Western Equatoria,Western Equatoria,Yambio,SS1010,4.6231,28.3379,GPS,,True,True,0.0,0.0,0.0,0.0,0.0,0.0,never
56508,Saura Twazi Primary Health Care Unit,Primary Health Care Unit,MoH,Western Equatoria,Western Equatoria,Yambio,SS1010,4.6371,28.342,GPS,,True,True,0.0,0.0,0.0,0.0,0.0,0.0,never
56509,Sinakpuro Primary Health Care Unit,Primary Health Care Unit,MoH,Western Equatoria,Western Equatoria,Tambura,SS1009,5.6032,27.4717,Geonames,,True,True,0.0,0.0,0.0,0.0,0.0,0.0,never
56510,Singiriana Primary Health Care Unit,Primary Health Care Unit,MoH,Western Equatoria,Western Equatoria,Mundri East,SS1004,5.1596,30.5125,GPS,,True,True,0.0,0.0,0.0,0.0,0.0,0.0,never
56511,Source-Yubu County Hospital,County Hospital,MoH,Western Equatoria,Western Equatoria,Tambura,SS1009,5.3885,27.2512,GPS,,True,True,0.0,0.0,0.0,0.0,0.0,0.0,never
56512,Spla-Jiu Primary Health Care Unit,Primary Health Care Unit,MoH,Western Equatoria,Western Equatoria,Maridi,SS1003,4.9003,29.4781,GPS,,True,True,0.0,0.0,0.0,0.0,0.0,0.0,never
56513,Sue Primary Health Care Unit,Primary Health Care Unit,MoH,Western Equatoria,Western Equatoria,Yambio,SS1010,4.772,28.8488,GPS,,True,True,2.0,2.0,0.033,0.0,0.0,1.0,occasional
56514,Tambura County Hospital,County Hospital,MoH,Western Equatoria,Western Equatoria,Tambura,SS1009,5.6003,27.475,Geonames,,True,True,0.0,0.0,0.0,0.0,0.0,0.0,never
56515,Tambura Primary Health Care Centre,Primary Health Care Centre,MoH,Western Equatoria,Western Equatoria,Tambura,SS1009,5.5998,27.4754,Geonames,,True,True,0.0,0.0,0.0,0.0,0.0,0.0,never
56516,Tanamuko Primary Health Care Unit,Primary Health Care Unit,MoH,Western Equatoria,Western Equatoria,Ibba,SS1002,5.14,28.7775,GPS,,True,True,0.0,0.0,0.0,0.0,0.0,0.0,never
56517,Tiindoka Primary Health Care Unit,Primary Health Care Unit,MoH,Western Equatoria,Western Equatoria,Yambio,SS1010,4.6036,28.3866,GPS,,True,True,0.0,0.0,0.0,0.0,0.0,0.0,never
56518,Tore Wandi Primary Health Care Unit,Primary Health Care Unit,MoH,Western Equatoria,Western Equatoria,Mundri West,SS1005,4.6385,30.4399,GPS,,True,True,1.0,1.0,0.475,0.0,1.0,1.0,occasional
56519,Ukuo Primary Health Care Unit,Primary Health Care Unit,MoH,Western Equatoria,Western Equatoria,Yambio,SS1010,4.6018,28.7507,GPS,,True,True,0.0,0.0,0.0,0.0,0.0,0.0,never
56520,Wandi Primary Health Care Unit,Primary Health Care Unit,MoH,Western Equatoria,Western Equatoria,Mundri East,SS1004,5.4791,30.617,GPS,,True,True,0.0,0.0,0.0,0.0,0.0,0.0,never
56521,Wiroh Primary Health Care Unit,Primary Health Care Unit,MoH,Western Equatoria,Western Equatoria,Mundri East,SS1004,5.3091,30.5602,GPS,,True,True,0.0,0.0,0.0,0.0,0.0,0.0,never
56522,Woko Primary Health Care Centre,Primary Health Care Centre,MoH,Western Equatoria,Western Equatoria,Maridi,SS1003,5.3631,29.6189,GPS,,True,True,0.0,0.0,0.0,0.0,0.0,0.0,never
56523,Y State Hospital,State Hospital,MoH,Western Equatoria,Western Equatoria,Yambio,SS1010,4.5661,28.4075,GPS,,True,True,0.0,0.0,0.0,0.0,0.0,0.0,never
56524,Yabongo Primary Health Care Unit,Primary Health Care Unit,MoH,Western Equatoria,Western Equatoria,Nzara,SS1008,4.6799,28.3054,GPS,,True,True,0.0,0.0,0.0,0.0,0.0,0.0,never
56525,Yabuwa Primary Health Care Unit,Primary Health Care Unit,MoH,Western Equatoria,Western Equatoria,Nzara,SS1008,4.6493,28.2681,GPS,,True,True,0.0,0.0,0.0,0.0,0.0,0.0,never
56526,Yambio Primary Health Care Centre,Primary Health Care Centre,MoH,Western Equatoria,Western Equatoria,Yambio,SS1010,4.5665,28.3975,GPS,,True,True,0.0,0.0,0.0,0.0,0.0,0.0,never
56527,Yambio Primary Health Care Unit,Primary Health Care Unit,MoH,Western Equatoria,Western Equatoria,Yambio,SS1010,4.5684,28.3946,Geonames,,True,True,0.0,0.0,0.0,0.0,0.0,0.0,never
56528,Yangiri Primary Health Care Centre,Primary Health Care Centre,MoH,Western Equatoria,Western Equatoria,Ezo,SS1001,5.2832,27.7911,Geonames,,True,True,0.0,0.0,0.0,0.0,0.0,0.0,never
56529,Yangura Primary Health Care Unit,Primary Health Care Unit,MoH,Western Equatoria,Western Equatoria,Ezo,SS1001,4.9075,27.7038,Geonames,,True,True,0.0,0.0,0.0,0.0,0.0,0.0,never
56530,YDA Clinic Primary Health Care Unit,Primary Health Care Unit,MoH,Western Equatoria,Western Equatoria,Tambura,SS1009,5.3958,27.2509,GPS,,True,True,0.0,0.0,0.0,0.0,0.0,0.0,never
56531,Yeri Primary Health Care Centre,Primary Health Care Centre,MoH,Western Equatoria,Western Equatoria,Mvolo,SS1006,5.7847,30.1043,Geonames,,True,True,0.0,0.0,0.0,0.0,0.0,0.0,never
56532,Yosia Primary Health Care Unit,Primary Health Care Unit,MoH,Western Equatoria,Western Equatoria,Ibba,SS1002,4.9014,28.9852,GPS,,True,True,0.0,0.0,0.0,0.0,0.0,0.0,never
56533,Zamoi Primary Health Care Unit,Primary Health Care Unit,MoH,Western Equatoria,Western Equatoria,Nagero,SS1007,6.6374,27.9175,Geonames,,True,True,0.0,0.0,0.0,0.0,0.0,0.0,never
